2025-06-18 18:01:00[WARN] user: youssef
POST /auth/sign_in
USE eager loading detected
  AccountUser => [:account]
  Add to your query: .includes([:account])
Call stack
  /home/youssef/Documents/chatwoot/app/views/api/v1/models/_user.json.jbuilder:23:in 'block (2 levels) in _app_views_api_v__models__user_json_jbuilder__2965860334396465759_91936'
  /home/youssef/Documents/chatwoot/app/views/api/v1/models/_user.json.jbuilder:21:in 'block in _app_views_api_v__models__user_json_jbuilder__2965860334396465759_91936'
  /home/youssef/Documents/chatwoot/app/views/api/v1/models/_user.json.jbuilder:20:in '_app_views_api_v__models__user_json_jbuilder__2965860334396465759_91936'
  /home/youssef/Documents/chatwoot/app/views/devise/_auth.json.jbuilder:2:in 'block in _app_views_devise__auth_json_jbuilder___1487089076215575148_91928'
  /home/youssef/Documents/chatwoot/app/views/devise/_auth.json.jbuilder:1:in '_app_views_devise__auth_json_jbuilder___1487089076215575148_91928'
  /home/youssef/Documents/chatwoot/app/controllers/devise_overrides/sessions_controller.rb:23:in 'DeviseOverrides::SessionsController#render_create_success'
  /home/youssef/Documents/chatwoot/enterprise/app/controllers/enterprise/devise_overrides/sessions_controller.rb:4:in 'Enterprise::DeviseOverrides::SessionsController#render_create_success'
  /home/youssef/Documents/chatwoot/app/controllers/devise_overrides/sessions_controller.rb:18:in 'DeviseOverrides::SessionsController#create'
  /home/youssef/Documents/chatwoot/app/controllers/concerns/switch_locale.rb:39:in 'SwitchLocale#set_locale'
  /home/youssef/Documents/chatwoot/app/controllers/concerns/switch_locale.rb:13:in 'SwitchLocale#switch_locale'

2025-06-18 18:01:00[WARN] user: youssef
POST /auth/sign_in
USE eager loading detected
  AccountUser => [:custom_role]
  Add to your query: .includes([:custom_role])
Call stack
  /home/youssef/Documents/chatwoot/app/views/api/v1/models/_user.json.jbuilder:23:in 'block (2 levels) in _app_views_api_v__models__user_json_jbuilder__2965860334396465759_91936'
  /home/youssef/Documents/chatwoot/app/views/api/v1/models/_user.json.jbuilder:21:in 'block in _app_views_api_v__models__user_json_jbuilder__2965860334396465759_91936'
  /home/youssef/Documents/chatwoot/app/views/api/v1/models/_user.json.jbuilder:20:in '_app_views_api_v__models__user_json_jbuilder__2965860334396465759_91936'
  /home/youssef/Documents/chatwoot/app/views/devise/_auth.json.jbuilder:2:in 'block in _app_views_devise__auth_json_jbuilder___1487089076215575148_91928'
  /home/youssef/Documents/chatwoot/app/views/devise/_auth.json.jbuilder:1:in '_app_views_devise__auth_json_jbuilder___1487089076215575148_91928'
  /home/youssef/Documents/chatwoot/app/controllers/devise_overrides/sessions_controller.rb:23:in 'DeviseOverrides::SessionsController#render_create_success'
  /home/youssef/Documents/chatwoot/enterprise/app/controllers/enterprise/devise_overrides/sessions_controller.rb:4:in 'Enterprise::DeviseOverrides::SessionsController#render_create_success'
  /home/youssef/Documents/chatwoot/app/controllers/devise_overrides/sessions_controller.rb:18:in 'DeviseOverrides::SessionsController#create'
  /home/youssef/Documents/chatwoot/app/controllers/concerns/switch_locale.rb:39:in 'SwitchLocale#set_locale'
  /home/youssef/Documents/chatwoot/app/controllers/concerns/switch_locale.rb:13:in 'SwitchLocale#switch_locale'

2025-06-18 18:01:31[WARN] user: youssef
GET /auth/validate_token
USE eager loading detected
  AccountUser => [:account]
  Add to your query: .includes([:account])
Call stack
  /home/youssef/Documents/chatwoot/app/views/api/v1/models/_user.json.jbuilder:23:in 'block (2 levels) in _app_views_api_v__models__user_json_jbuilder__2965860334396465759_91936'
  /home/youssef/Documents/chatwoot/app/views/api/v1/models/_user.json.jbuilder:21:in 'block in _app_views_api_v__models__user_json_jbuilder__2965860334396465759_91936'
  /home/youssef/Documents/chatwoot/app/views/api/v1/models/_user.json.jbuilder:20:in '_app_views_api_v__models__user_json_jbuilder__2965860334396465759_91936'
  /home/youssef/Documents/chatwoot/app/views/devise/_auth.json.jbuilder:2:in 'block in _app_views_devise__auth_json_jbuilder___1487089076215575148_93352'
  /home/youssef/Documents/chatwoot/app/views/devise/_auth.json.jbuilder:1:in '_app_views_devise__auth_json_jbuilder___1487089076215575148_93352'
  /home/youssef/Documents/chatwoot/app/views/devise/token.json.jbuilder:3:in 'block in _app_views_devise_token_json_jbuilder__1706390019941215738_93344'
  /home/youssef/Documents/chatwoot/app/views/devise/token.json.jbuilder:1:in '_app_views_devise_token_json_jbuilder__1706390019941215738_93344'
  /home/youssef/Documents/chatwoot/app/controllers/devise_overrides/token_validations_controller.rb:5:in 'DeviseOverrides::TokenValidationsController#validate_token'
  /home/youssef/Documents/chatwoot/app/controllers/concerns/switch_locale.rb:39:in 'SwitchLocale#set_locale'
  /home/youssef/Documents/chatwoot/app/controllers/concerns/switch_locale.rb:13:in 'SwitchLocale#switch_locale'

2025-06-18 18:01:31[WARN] user: youssef
GET /auth/validate_token
USE eager loading detected
  AccountUser => [:custom_role]
  Add to your query: .includes([:custom_role])
Call stack
  /home/youssef/Documents/chatwoot/app/views/api/v1/models/_user.json.jbuilder:23:in 'block (2 levels) in _app_views_api_v__models__user_json_jbuilder__2965860334396465759_91936'
  /home/youssef/Documents/chatwoot/app/views/api/v1/models/_user.json.jbuilder:21:in 'block in _app_views_api_v__models__user_json_jbuilder__2965860334396465759_91936'
  /home/youssef/Documents/chatwoot/app/views/api/v1/models/_user.json.jbuilder:20:in '_app_views_api_v__models__user_json_jbuilder__2965860334396465759_91936'
  /home/youssef/Documents/chatwoot/app/views/devise/_auth.json.jbuilder:2:in 'block in _app_views_devise__auth_json_jbuilder___1487089076215575148_93352'
  /home/youssef/Documents/chatwoot/app/views/devise/_auth.json.jbuilder:1:in '_app_views_devise__auth_json_jbuilder___1487089076215575148_93352'
  /home/youssef/Documents/chatwoot/app/views/devise/token.json.jbuilder:3:in 'block in _app_views_devise_token_json_jbuilder__1706390019941215738_93344'
  /home/youssef/Documents/chatwoot/app/views/devise/token.json.jbuilder:1:in '_app_views_devise_token_json_jbuilder__1706390019941215738_93344'
  /home/youssef/Documents/chatwoot/app/controllers/devise_overrides/token_validations_controller.rb:5:in 'DeviseOverrides::TokenValidationsController#validate_token'
  /home/youssef/Documents/chatwoot/app/controllers/concerns/switch_locale.rb:39:in 'SwitchLocale#set_locale'
  /home/youssef/Documents/chatwoot/app/controllers/concerns/switch_locale.rb:13:in 'SwitchLocale#switch_locale'

2025-06-18 18:01:33[WARN] user: youssef
PUT /api/v1/profile
USE eager loading detected
  AccountUser => [:account]
  Add to your query: .includes([:account])
Call stack
  /home/youssef/Documents/chatwoot/app/views/api/v1/models/_user.json.jbuilder:23:in 'block (2 levels) in _app_views_api_v__models__user_json_jbuilder__2965860334396465759_91936'
  /home/youssef/Documents/chatwoot/app/views/api/v1/models/_user.json.jbuilder:21:in 'block in _app_views_api_v__models__user_json_jbuilder__2965860334396465759_91936'
  /home/youssef/Documents/chatwoot/app/views/api/v1/models/_user.json.jbuilder:20:in '_app_views_api_v__models__user_json_jbuilder__2965860334396465759_91936'
  /home/youssef/Documents/chatwoot/app/views/api/v1/profiles/update.json.jbuilder:1:in '_app_views_api_v__profiles_update_json_jbuilder___1081017662529953658_96096'
  /home/youssef/Documents/chatwoot/app/controllers/concerns/request_exception_handler.rb:11:in 'RequestExceptionHandler#handle_with_exception'
  /home/youssef/Documents/chatwoot/app/controllers/concerns/switch_locale.rb:39:in 'SwitchLocale#set_locale'
  /home/youssef/Documents/chatwoot/app/controllers/concerns/switch_locale.rb:13:in 'SwitchLocale#switch_locale'

2025-06-18 18:01:33[WARN] user: youssef
PUT /api/v1/profile
USE eager loading detected
  AccountUser => [:custom_role]
  Add to your query: .includes([:custom_role])
Call stack
  /home/youssef/Documents/chatwoot/app/views/api/v1/models/_user.json.jbuilder:23:in 'block (2 levels) in _app_views_api_v__models__user_json_jbuilder__2965860334396465759_91936'
  /home/youssef/Documents/chatwoot/app/views/api/v1/models/_user.json.jbuilder:21:in 'block in _app_views_api_v__models__user_json_jbuilder__2965860334396465759_91936'
  /home/youssef/Documents/chatwoot/app/views/api/v1/models/_user.json.jbuilder:20:in '_app_views_api_v__models__user_json_jbuilder__2965860334396465759_91936'
  /home/youssef/Documents/chatwoot/app/views/api/v1/profiles/update.json.jbuilder:1:in '_app_views_api_v__profiles_update_json_jbuilder___1081017662529953658_96096'
  /home/youssef/Documents/chatwoot/app/controllers/concerns/request_exception_handler.rb:11:in 'RequestExceptionHandler#handle_with_exception'
  /home/youssef/Documents/chatwoot/app/controllers/concerns/switch_locale.rb:39:in 'SwitchLocale#set_locale'
  /home/youssef/Documents/chatwoot/app/controllers/concerns/switch_locale.rb:13:in 'SwitchLocale#switch_locale'

2025-06-18 18:01:34[WARN] user: youssef
GET /api/v1/accounts/1/conversations?status=open&assignee_type=me&page=1&sort_by=last_activity_at_desc
AVOID eager loading detected
  Conversation => [:taggings, :assignee]
  Remove from your query: .includes([:taggings, :assignee])
Call stack
  /home/youssef/Documents/chatwoot/app/views/api/v1/accounts/conversations/index.json.jbuilder:9:in 'block (2 levels) in _app_views_api_v__accounts_conversations_index_json_jbuilder__2065509248818627309_95448'
  /home/youssef/Documents/chatwoot/app/views/api/v1/accounts/conversations/index.json.jbuilder:8:in 'block in _app_views_api_v__accounts_conversations_index_json_jbuilder__2065509248818627309_95448'
  /home/youssef/Documents/chatwoot/app/views/api/v1/accounts/conversations/index.json.jbuilder:1:in '_app_views_api_v__accounts_conversations_index_json_jbuilder__2065509248818627309_95448'
  /home/youssef/Documents/chatwoot/app/controllers/concerns/switch_locale.rb:39:in 'SwitchLocale#set_locale'
  /home/youssef/Documents/chatwoot/app/controllers/concerns/switch_locale.rb:18:in 'SwitchLocale#switch_locale_using_account_locale'
  /home/youssef/Documents/chatwoot/app/controllers/concerns/request_exception_handler.rb:11:in 'RequestExceptionHandler#handle_with_exception'
  /home/youssef/Documents/chatwoot/app/controllers/concerns/switch_locale.rb:39:in 'SwitchLocale#set_locale'
  /home/youssef/Documents/chatwoot/app/controllers/concerns/switch_locale.rb:13:in 'SwitchLocale#switch_locale'

2025-06-18 18:04:28[WARN] user: youssef
PUT /api/v1/profile
USE eager loading detected
  AccountUser => [:account]
  Add to your query: .includes([:account])
Call stack
  /home/youssef/Documents/chatwoot/app/views/api/v1/models/_user.json.jbuilder:23:in 'block (2 levels) in _app_views_api_v__models__user_json_jbuilder__2965860334396465759_91936'
  /home/youssef/Documents/chatwoot/app/views/api/v1/models/_user.json.jbuilder:21:in 'block in _app_views_api_v__models__user_json_jbuilder__2965860334396465759_91936'
  /home/youssef/Documents/chatwoot/app/views/api/v1/models/_user.json.jbuilder:20:in '_app_views_api_v__models__user_json_jbuilder__2965860334396465759_91936'
  /home/youssef/Documents/chatwoot/app/views/api/v1/profiles/update.json.jbuilder:1:in '_app_views_api_v__profiles_update_json_jbuilder___1081017662529953658_96096'
  /home/youssef/Documents/chatwoot/app/controllers/concerns/request_exception_handler.rb:11:in 'RequestExceptionHandler#handle_with_exception'
  /home/youssef/Documents/chatwoot/app/controllers/concerns/switch_locale.rb:39:in 'SwitchLocale#set_locale'
  /home/youssef/Documents/chatwoot/app/controllers/concerns/switch_locale.rb:13:in 'SwitchLocale#switch_locale'

2025-06-18 18:04:28[WARN] user: youssef
PUT /api/v1/profile
USE eager loading detected
  AccountUser => [:custom_role]
  Add to your query: .includes([:custom_role])
Call stack
  /home/youssef/Documents/chatwoot/app/views/api/v1/models/_user.json.jbuilder:23:in 'block (2 levels) in _app_views_api_v__models__user_json_jbuilder__2965860334396465759_91936'
  /home/youssef/Documents/chatwoot/app/views/api/v1/models/_user.json.jbuilder:21:in 'block in _app_views_api_v__models__user_json_jbuilder__2965860334396465759_91936'
  /home/youssef/Documents/chatwoot/app/views/api/v1/models/_user.json.jbuilder:20:in '_app_views_api_v__models__user_json_jbuilder__2965860334396465759_91936'
  /home/youssef/Documents/chatwoot/app/views/api/v1/profiles/update.json.jbuilder:1:in '_app_views_api_v__profiles_update_json_jbuilder___1081017662529953658_96096'
  /home/youssef/Documents/chatwoot/app/controllers/concerns/request_exception_handler.rb:11:in 'RequestExceptionHandler#handle_with_exception'
  /home/youssef/Documents/chatwoot/app/controllers/concerns/switch_locale.rb:39:in 'SwitchLocale#set_locale'
  /home/youssef/Documents/chatwoot/app/controllers/concerns/switch_locale.rb:13:in 'SwitchLocale#switch_locale'

2025-06-18 18:04:28[WARN] user: youssef
GET /api/v1/accounts/1/contacts/1/contactable_inboxes
AVOID eager loading detected
  Contact => [:contact_inboxes]
  Remove from your query: .includes([:contact_inboxes])
Call stack
  /home/youssef/Documents/chatwoot/app/controllers/api/v1/accounts/contacts_controller.rb:187:in 'Api::V1::Accounts::ContactsController#fetch_contact'
  /home/youssef/Documents/chatwoot/app/controllers/concerns/switch_locale.rb:39:in 'SwitchLocale#set_locale'
  /home/youssef/Documents/chatwoot/app/controllers/concerns/switch_locale.rb:18:in 'SwitchLocale#switch_locale_using_account_locale'
  /home/youssef/Documents/chatwoot/app/controllers/concerns/request_exception_handler.rb:11:in 'RequestExceptionHandler#handle_with_exception'
  /home/youssef/Documents/chatwoot/app/controllers/concerns/switch_locale.rb:39:in 'SwitchLocale#set_locale'
  /home/youssef/Documents/chatwoot/app/controllers/concerns/switch_locale.rb:13:in 'SwitchLocale#switch_locale'

2025-06-18 18:04:28[WARN] user: youssef
GET /api/v1/accounts/1/contacts/1/contactable_inboxes
AVOID eager loading detected
  ContactInbox => [:inbox]
  Remove from your query: .includes([:inbox])
Call stack
  /home/youssef/Documents/chatwoot/app/controllers/api/v1/accounts/contacts_controller.rb:187:in 'Api::V1::Accounts::ContactsController#fetch_contact'
  /home/youssef/Documents/chatwoot/app/controllers/concerns/switch_locale.rb:39:in 'SwitchLocale#set_locale'
  /home/youssef/Documents/chatwoot/app/controllers/concerns/switch_locale.rb:18:in 'SwitchLocale#switch_locale_using_account_locale'
  /home/youssef/Documents/chatwoot/app/controllers/concerns/request_exception_handler.rb:11:in 'RequestExceptionHandler#handle_with_exception'
  /home/youssef/Documents/chatwoot/app/controllers/concerns/switch_locale.rb:39:in 'SwitchLocale#set_locale'
  /home/youssef/Documents/chatwoot/app/controllers/concerns/switch_locale.rb:13:in 'SwitchLocale#switch_locale'

2025-06-18 18:04:28[WARN] user: youssef
GET /api/v1/accounts/1/contacts/1?include_contact_inboxes=false
AVOID eager loading detected
  Contact => [:contact_inboxes]
  Remove from your query: .includes([:contact_inboxes])
Call stack
  /home/youssef/Documents/chatwoot/app/controllers/api/v1/accounts/contacts_controller.rb:187:in 'Api::V1::Accounts::ContactsController#fetch_contact'
  /home/youssef/Documents/chatwoot/app/controllers/concerns/switch_locale.rb:39:in 'SwitchLocale#set_locale'
  /home/youssef/Documents/chatwoot/app/controllers/concerns/switch_locale.rb:18:in 'SwitchLocale#switch_locale_using_account_locale'
  /home/youssef/Documents/chatwoot/app/controllers/concerns/request_exception_handler.rb:11:in 'RequestExceptionHandler#handle_with_exception'
  /home/youssef/Documents/chatwoot/app/controllers/concerns/switch_locale.rb:39:in 'SwitchLocale#set_locale'
  /home/youssef/Documents/chatwoot/app/controllers/concerns/switch_locale.rb:13:in 'SwitchLocale#switch_locale'

2025-06-18 18:04:28[WARN] user: youssef
GET /api/v1/accounts/1/contacts/1?include_contact_inboxes=false
AVOID eager loading detected
  ContactInbox => [:inbox]
  Remove from your query: .includes([:inbox])
Call stack
  /home/youssef/Documents/chatwoot/app/controllers/api/v1/accounts/contacts_controller.rb:187:in 'Api::V1::Accounts::ContactsController#fetch_contact'
  /home/youssef/Documents/chatwoot/app/controllers/concerns/switch_locale.rb:39:in 'SwitchLocale#set_locale'
  /home/youssef/Documents/chatwoot/app/controllers/concerns/switch_locale.rb:18:in 'SwitchLocale#switch_locale_using_account_locale'
  /home/youssef/Documents/chatwoot/app/controllers/concerns/request_exception_handler.rb:11:in 'RequestExceptionHandler#handle_with_exception'
  /home/youssef/Documents/chatwoot/app/controllers/concerns/switch_locale.rb:39:in 'SwitchLocale#set_locale'
  /home/youssef/Documents/chatwoot/app/controllers/concerns/switch_locale.rb:13:in 'SwitchLocale#switch_locale'

2025-06-18 18:04:29[WARN] user: youssef
PUT /api/v1/profile
USE eager loading detected
  AccountUser => [:account]
  Add to your query: .includes([:account])
Call stack
  /home/youssef/Documents/chatwoot/app/views/api/v1/models/_user.json.jbuilder:23:in 'block (2 levels) in _app_views_api_v__models__user_json_jbuilder__2965860334396465759_91936'
  /home/youssef/Documents/chatwoot/app/views/api/v1/models/_user.json.jbuilder:21:in 'block in _app_views_api_v__models__user_json_jbuilder__2965860334396465759_91936'
  /home/youssef/Documents/chatwoot/app/views/api/v1/models/_user.json.jbuilder:20:in '_app_views_api_v__models__user_json_jbuilder__2965860334396465759_91936'
  /home/youssef/Documents/chatwoot/app/views/api/v1/profiles/update.json.jbuilder:1:in '_app_views_api_v__profiles_update_json_jbuilder___1081017662529953658_96096'
  /home/youssef/Documents/chatwoot/app/controllers/concerns/request_exception_handler.rb:11:in 'RequestExceptionHandler#handle_with_exception'
  /home/youssef/Documents/chatwoot/app/controllers/concerns/switch_locale.rb:39:in 'SwitchLocale#set_locale'
  /home/youssef/Documents/chatwoot/app/controllers/concerns/switch_locale.rb:13:in 'SwitchLocale#switch_locale'

2025-06-18 18:04:29[WARN] user: youssef
PUT /api/v1/profile
USE eager loading detected
  AccountUser => [:custom_role]
  Add to your query: .includes([:custom_role])
Call stack
  /home/youssef/Documents/chatwoot/app/views/api/v1/models/_user.json.jbuilder:23:in 'block (2 levels) in _app_views_api_v__models__user_json_jbuilder__2965860334396465759_91936'
  /home/youssef/Documents/chatwoot/app/views/api/v1/models/_user.json.jbuilder:21:in 'block in _app_views_api_v__models__user_json_jbuilder__2965860334396465759_91936'
  /home/youssef/Documents/chatwoot/app/views/api/v1/models/_user.json.jbuilder:20:in '_app_views_api_v__models__user_json_jbuilder__2965860334396465759_91936'
  /home/youssef/Documents/chatwoot/app/views/api/v1/profiles/update.json.jbuilder:1:in '_app_views_api_v__profiles_update_json_jbuilder___1081017662529953658_96096'
  /home/youssef/Documents/chatwoot/app/controllers/concerns/request_exception_handler.rb:11:in 'RequestExceptionHandler#handle_with_exception'
  /home/youssef/Documents/chatwoot/app/controllers/concerns/switch_locale.rb:39:in 'SwitchLocale#set_locale'
  /home/youssef/Documents/chatwoot/app/controllers/concerns/switch_locale.rb:13:in 'SwitchLocale#switch_locale'

2025-06-18 18:04:31[WARN] user: youssef
PUT /api/v1/profile
USE eager loading detected
  AccountUser => [:account]
  Add to your query: .includes([:account])
Call stack
  /home/youssef/Documents/chatwoot/app/views/api/v1/models/_user.json.jbuilder:23:in 'block (2 levels) in _app_views_api_v__models__user_json_jbuilder__2965860334396465759_91936'
  /home/youssef/Documents/chatwoot/app/views/api/v1/models/_user.json.jbuilder:21:in 'block in _app_views_api_v__models__user_json_jbuilder__2965860334396465759_91936'
  /home/youssef/Documents/chatwoot/app/views/api/v1/models/_user.json.jbuilder:20:in '_app_views_api_v__models__user_json_jbuilder__2965860334396465759_91936'
  /home/youssef/Documents/chatwoot/app/views/api/v1/profiles/update.json.jbuilder:1:in '_app_views_api_v__profiles_update_json_jbuilder___1081017662529953658_96096'
  /home/youssef/Documents/chatwoot/app/controllers/concerns/request_exception_handler.rb:11:in 'RequestExceptionHandler#handle_with_exception'
  /home/youssef/Documents/chatwoot/app/controllers/concerns/switch_locale.rb:39:in 'SwitchLocale#set_locale'
  /home/youssef/Documents/chatwoot/app/controllers/concerns/switch_locale.rb:13:in 'SwitchLocale#switch_locale'

2025-06-18 18:04:31[WARN] user: youssef
PUT /api/v1/profile
USE eager loading detected
  AccountUser => [:custom_role]
  Add to your query: .includes([:custom_role])
Call stack
  /home/youssef/Documents/chatwoot/app/views/api/v1/models/_user.json.jbuilder:23:in 'block (2 levels) in _app_views_api_v__models__user_json_jbuilder__2965860334396465759_91936'
  /home/youssef/Documents/chatwoot/app/views/api/v1/models/_user.json.jbuilder:21:in 'block in _app_views_api_v__models__user_json_jbuilder__2965860334396465759_91936'
  /home/youssef/Documents/chatwoot/app/views/api/v1/models/_user.json.jbuilder:20:in '_app_views_api_v__models__user_json_jbuilder__2965860334396465759_91936'
  /home/youssef/Documents/chatwoot/app/views/api/v1/profiles/update.json.jbuilder:1:in '_app_views_api_v__profiles_update_json_jbuilder___1081017662529953658_96096'
  /home/youssef/Documents/chatwoot/app/controllers/concerns/request_exception_handler.rb:11:in 'RequestExceptionHandler#handle_with_exception'
  /home/youssef/Documents/chatwoot/app/controllers/concerns/switch_locale.rb:39:in 'SwitchLocale#set_locale'
  /home/youssef/Documents/chatwoot/app/controllers/concerns/switch_locale.rb:13:in 'SwitchLocale#switch_locale'

2025-06-18 18:04:32[WARN] user: youssef
PUT /api/v1/profile
USE eager loading detected
  AccountUser => [:account]
  Add to your query: .includes([:account])
Call stack
  /home/youssef/Documents/chatwoot/app/views/api/v1/models/_user.json.jbuilder:23:in 'block (2 levels) in _app_views_api_v__models__user_json_jbuilder__2965860334396465759_91936'
  /home/youssef/Documents/chatwoot/app/views/api/v1/models/_user.json.jbuilder:21:in 'block in _app_views_api_v__models__user_json_jbuilder__2965860334396465759_91936'
  /home/youssef/Documents/chatwoot/app/views/api/v1/models/_user.json.jbuilder:20:in '_app_views_api_v__models__user_json_jbuilder__2965860334396465759_91936'
  /home/youssef/Documents/chatwoot/app/views/api/v1/profiles/update.json.jbuilder:1:in '_app_views_api_v__profiles_update_json_jbuilder___1081017662529953658_96096'
  /home/youssef/Documents/chatwoot/app/controllers/concerns/request_exception_handler.rb:11:in 'RequestExceptionHandler#handle_with_exception'
  /home/youssef/Documents/chatwoot/app/controllers/concerns/switch_locale.rb:39:in 'SwitchLocale#set_locale'
  /home/youssef/Documents/chatwoot/app/controllers/concerns/switch_locale.rb:13:in 'SwitchLocale#switch_locale'

2025-06-18 18:04:32[WARN] user: youssef
PUT /api/v1/profile
USE eager loading detected
  AccountUser => [:custom_role]
  Add to your query: .includes([:custom_role])
Call stack
  /home/youssef/Documents/chatwoot/app/views/api/v1/models/_user.json.jbuilder:23:in 'block (2 levels) in _app_views_api_v__models__user_json_jbuilder__2965860334396465759_91936'
  /home/youssef/Documents/chatwoot/app/views/api/v1/models/_user.json.jbuilder:21:in 'block in _app_views_api_v__models__user_json_jbuilder__2965860334396465759_91936'
  /home/youssef/Documents/chatwoot/app/views/api/v1/models/_user.json.jbuilder:20:in '_app_views_api_v__models__user_json_jbuilder__2965860334396465759_91936'
  /home/youssef/Documents/chatwoot/app/views/api/v1/profiles/update.json.jbuilder:1:in '_app_views_api_v__profiles_update_json_jbuilder___1081017662529953658_96096'
  /home/youssef/Documents/chatwoot/app/controllers/concerns/request_exception_handler.rb:11:in 'RequestExceptionHandler#handle_with_exception'
  /home/youssef/Documents/chatwoot/app/controllers/concerns/switch_locale.rb:39:in 'SwitchLocale#set_locale'
  /home/youssef/Documents/chatwoot/app/controllers/concerns/switch_locale.rb:13:in 'SwitchLocale#switch_locale'

2025-06-18 18:04:34[WARN] user: youssef
PUT /api/v1/profile
USE eager loading detected
  AccountUser => [:account]
  Add to your query: .includes([:account])
Call stack
  /home/youssef/Documents/chatwoot/app/views/api/v1/models/_user.json.jbuilder:23:in 'block (2 levels) in _app_views_api_v__models__user_json_jbuilder__2965860334396465759_91936'
  /home/youssef/Documents/chatwoot/app/views/api/v1/models/_user.json.jbuilder:21:in 'block in _app_views_api_v__models__user_json_jbuilder__2965860334396465759_91936'
  /home/youssef/Documents/chatwoot/app/views/api/v1/models/_user.json.jbuilder:20:in '_app_views_api_v__models__user_json_jbuilder__2965860334396465759_91936'
  /home/youssef/Documents/chatwoot/app/views/api/v1/profiles/update.json.jbuilder:1:in '_app_views_api_v__profiles_update_json_jbuilder___1081017662529953658_96096'
  /home/youssef/Documents/chatwoot/app/controllers/concerns/request_exception_handler.rb:11:in 'RequestExceptionHandler#handle_with_exception'
  /home/youssef/Documents/chatwoot/app/controllers/concerns/switch_locale.rb:39:in 'SwitchLocale#set_locale'
  /home/youssef/Documents/chatwoot/app/controllers/concerns/switch_locale.rb:13:in 'SwitchLocale#switch_locale'

2025-06-18 18:04:34[WARN] user: youssef
PUT /api/v1/profile
USE eager loading detected
  AccountUser => [:custom_role]
  Add to your query: .includes([:custom_role])
Call stack
  /home/youssef/Documents/chatwoot/app/views/api/v1/models/_user.json.jbuilder:23:in 'block (2 levels) in _app_views_api_v__models__user_json_jbuilder__2965860334396465759_91936'
  /home/youssef/Documents/chatwoot/app/views/api/v1/models/_user.json.jbuilder:21:in 'block in _app_views_api_v__models__user_json_jbuilder__2965860334396465759_91936'
  /home/youssef/Documents/chatwoot/app/views/api/v1/models/_user.json.jbuilder:20:in '_app_views_api_v__models__user_json_jbuilder__2965860334396465759_91936'
  /home/youssef/Documents/chatwoot/app/views/api/v1/profiles/update.json.jbuilder:1:in '_app_views_api_v__profiles_update_json_jbuilder___1081017662529953658_96096'
  /home/youssef/Documents/chatwoot/app/controllers/concerns/request_exception_handler.rb:11:in 'RequestExceptionHandler#handle_with_exception'
  /home/youssef/Documents/chatwoot/app/controllers/concerns/switch_locale.rb:39:in 'SwitchLocale#set_locale'
  /home/youssef/Documents/chatwoot/app/controllers/concerns/switch_locale.rb:13:in 'SwitchLocale#switch_locale'

2025-06-18 18:05:10[WARN] user: youssef
PUT /api/v1/profile
USE eager loading detected
  AccountUser => [:account]
  Add to your query: .includes([:account])
Call stack
  /home/youssef/Documents/chatwoot/app/views/api/v1/models/_user.json.jbuilder:23:in 'block (2 levels) in _app_views_api_v__models__user_json_jbuilder__2965860334396465759_91936'
  /home/youssef/Documents/chatwoot/app/views/api/v1/models/_user.json.jbuilder:21:in 'block in _app_views_api_v__models__user_json_jbuilder__2965860334396465759_91936'
  /home/youssef/Documents/chatwoot/app/views/api/v1/models/_user.json.jbuilder:20:in '_app_views_api_v__models__user_json_jbuilder__2965860334396465759_91936'
  /home/youssef/Documents/chatwoot/app/views/api/v1/profiles/update.json.jbuilder:1:in '_app_views_api_v__profiles_update_json_jbuilder___1081017662529953658_96096'
  /home/youssef/Documents/chatwoot/app/controllers/concerns/request_exception_handler.rb:11:in 'RequestExceptionHandler#handle_with_exception'
  /home/youssef/Documents/chatwoot/app/controllers/concerns/switch_locale.rb:39:in 'SwitchLocale#set_locale'
  /home/youssef/Documents/chatwoot/app/controllers/concerns/switch_locale.rb:13:in 'SwitchLocale#switch_locale'

2025-06-18 18:05:10[WARN] user: youssef
PUT /api/v1/profile
USE eager loading detected
  AccountUser => [:custom_role]
  Add to your query: .includes([:custom_role])
Call stack
  /home/youssef/Documents/chatwoot/app/views/api/v1/models/_user.json.jbuilder:23:in 'block (2 levels) in _app_views_api_v__models__user_json_jbuilder__2965860334396465759_91936'
  /home/youssef/Documents/chatwoot/app/views/api/v1/models/_user.json.jbuilder:21:in 'block in _app_views_api_v__models__user_json_jbuilder__2965860334396465759_91936'
  /home/youssef/Documents/chatwoot/app/views/api/v1/models/_user.json.jbuilder:20:in '_app_views_api_v__models__user_json_jbuilder__2965860334396465759_91936'
  /home/youssef/Documents/chatwoot/app/views/api/v1/profiles/update.json.jbuilder:1:in '_app_views_api_v__profiles_update_json_jbuilder___1081017662529953658_96096'
  /home/youssef/Documents/chatwoot/app/controllers/concerns/request_exception_handler.rb:11:in 'RequestExceptionHandler#handle_with_exception'
  /home/youssef/Documents/chatwoot/app/controllers/concerns/switch_locale.rb:39:in 'SwitchLocale#set_locale'
  /home/youssef/Documents/chatwoot/app/controllers/concerns/switch_locale.rb:13:in 'SwitchLocale#switch_locale'

2025-06-18 18:05:10[WARN] user: youssef
GET /api/v1/accounts/1/contacts/1/contactable_inboxes
AVOID eager loading detected
  Contact => [:contact_inboxes]
  Remove from your query: .includes([:contact_inboxes])
Call stack
  /home/youssef/Documents/chatwoot/app/controllers/api/v1/accounts/contacts_controller.rb:187:in 'Api::V1::Accounts::ContactsController#fetch_contact'
  /home/youssef/Documents/chatwoot/app/controllers/concerns/switch_locale.rb:39:in 'SwitchLocale#set_locale'
  /home/youssef/Documents/chatwoot/app/controllers/concerns/switch_locale.rb:18:in 'SwitchLocale#switch_locale_using_account_locale'
  /home/youssef/Documents/chatwoot/app/controllers/concerns/request_exception_handler.rb:11:in 'RequestExceptionHandler#handle_with_exception'
  /home/youssef/Documents/chatwoot/app/controllers/concerns/switch_locale.rb:39:in 'SwitchLocale#set_locale'
  /home/youssef/Documents/chatwoot/app/controllers/concerns/switch_locale.rb:13:in 'SwitchLocale#switch_locale'

2025-06-18 18:05:10[WARN] user: youssef
GET /api/v1/accounts/1/contacts/1/contactable_inboxes
AVOID eager loading detected
  ContactInbox => [:inbox]
  Remove from your query: .includes([:inbox])
Call stack
  /home/youssef/Documents/chatwoot/app/controllers/api/v1/accounts/contacts_controller.rb:187:in 'Api::V1::Accounts::ContactsController#fetch_contact'
  /home/youssef/Documents/chatwoot/app/controllers/concerns/switch_locale.rb:39:in 'SwitchLocale#set_locale'
  /home/youssef/Documents/chatwoot/app/controllers/concerns/switch_locale.rb:18:in 'SwitchLocale#switch_locale_using_account_locale'
  /home/youssef/Documents/chatwoot/app/controllers/concerns/request_exception_handler.rb:11:in 'RequestExceptionHandler#handle_with_exception'
  /home/youssef/Documents/chatwoot/app/controllers/concerns/switch_locale.rb:39:in 'SwitchLocale#set_locale'
  /home/youssef/Documents/chatwoot/app/controllers/concerns/switch_locale.rb:13:in 'SwitchLocale#switch_locale'

2025-06-18 18:05:10[WARN] user: youssef
GET /api/v1/accounts/1/contacts/1?include_contact_inboxes=false
AVOID eager loading detected
  Contact => [:contact_inboxes]
  Remove from your query: .includes([:contact_inboxes])
Call stack
  /home/youssef/Documents/chatwoot/app/controllers/api/v1/accounts/contacts_controller.rb:187:in 'Api::V1::Accounts::ContactsController#fetch_contact'
  /home/youssef/Documents/chatwoot/app/controllers/concerns/switch_locale.rb:39:in 'SwitchLocale#set_locale'
  /home/youssef/Documents/chatwoot/app/controllers/concerns/switch_locale.rb:18:in 'SwitchLocale#switch_locale_using_account_locale'
  /home/youssef/Documents/chatwoot/app/controllers/concerns/request_exception_handler.rb:11:in 'RequestExceptionHandler#handle_with_exception'
  /home/youssef/Documents/chatwoot/app/controllers/concerns/switch_locale.rb:39:in 'SwitchLocale#set_locale'
  /home/youssef/Documents/chatwoot/app/controllers/concerns/switch_locale.rb:13:in 'SwitchLocale#switch_locale'

2025-06-18 18:05:10[WARN] user: youssef
GET /api/v1/accounts/1/contacts/1?include_contact_inboxes=false
AVOID eager loading detected
  ContactInbox => [:inbox]
  Remove from your query: .includes([:inbox])
Call stack
  /home/youssef/Documents/chatwoot/app/controllers/api/v1/accounts/contacts_controller.rb:187:in 'Api::V1::Accounts::ContactsController#fetch_contact'
  /home/youssef/Documents/chatwoot/app/controllers/concerns/switch_locale.rb:39:in 'SwitchLocale#set_locale'
  /home/youssef/Documents/chatwoot/app/controllers/concerns/switch_locale.rb:18:in 'SwitchLocale#switch_locale_using_account_locale'
  /home/youssef/Documents/chatwoot/app/controllers/concerns/request_exception_handler.rb:11:in 'RequestExceptionHandler#handle_with_exception'
  /home/youssef/Documents/chatwoot/app/controllers/concerns/switch_locale.rb:39:in 'SwitchLocale#set_locale'
  /home/youssef/Documents/chatwoot/app/controllers/concerns/switch_locale.rb:13:in 'SwitchLocale#switch_locale'

2025-06-18 18:05:12[WARN] user: youssef
PUT /api/v1/profile
USE eager loading detected
  AccountUser => [:account]
  Add to your query: .includes([:account])
Call stack
  /home/youssef/Documents/chatwoot/app/views/api/v1/models/_user.json.jbuilder:23:in 'block (2 levels) in _app_views_api_v__models__user_json_jbuilder__2965860334396465759_91936'
  /home/youssef/Documents/chatwoot/app/views/api/v1/models/_user.json.jbuilder:21:in 'block in _app_views_api_v__models__user_json_jbuilder__2965860334396465759_91936'
  /home/youssef/Documents/chatwoot/app/views/api/v1/models/_user.json.jbuilder:20:in '_app_views_api_v__models__user_json_jbuilder__2965860334396465759_91936'
  /home/youssef/Documents/chatwoot/app/views/api/v1/profiles/update.json.jbuilder:1:in '_app_views_api_v__profiles_update_json_jbuilder___1081017662529953658_96096'
  /home/youssef/Documents/chatwoot/app/controllers/concerns/request_exception_handler.rb:11:in 'RequestExceptionHandler#handle_with_exception'
  /home/youssef/Documents/chatwoot/app/controllers/concerns/switch_locale.rb:39:in 'SwitchLocale#set_locale'
  /home/youssef/Documents/chatwoot/app/controllers/concerns/switch_locale.rb:13:in 'SwitchLocale#switch_locale'

2025-06-18 18:05:12[WARN] user: youssef
PUT /api/v1/profile
USE eager loading detected
  AccountUser => [:custom_role]
  Add to your query: .includes([:custom_role])
Call stack
  /home/youssef/Documents/chatwoot/app/views/api/v1/models/_user.json.jbuilder:23:in 'block (2 levels) in _app_views_api_v__models__user_json_jbuilder__2965860334396465759_91936'
  /home/youssef/Documents/chatwoot/app/views/api/v1/models/_user.json.jbuilder:21:in 'block in _app_views_api_v__models__user_json_jbuilder__2965860334396465759_91936'
  /home/youssef/Documents/chatwoot/app/views/api/v1/models/_user.json.jbuilder:20:in '_app_views_api_v__models__user_json_jbuilder__2965860334396465759_91936'
  /home/youssef/Documents/chatwoot/app/views/api/v1/profiles/update.json.jbuilder:1:in '_app_views_api_v__profiles_update_json_jbuilder___1081017662529953658_96096'
  /home/youssef/Documents/chatwoot/app/controllers/concerns/request_exception_handler.rb:11:in 'RequestExceptionHandler#handle_with_exception'
  /home/youssef/Documents/chatwoot/app/controllers/concerns/switch_locale.rb:39:in 'SwitchLocale#set_locale'
  /home/youssef/Documents/chatwoot/app/controllers/concerns/switch_locale.rb:13:in 'SwitchLocale#switch_locale'

2025-06-18 18:05:12[WARN] user: youssef
PUT /api/v1/profile
USE eager loading detected
  AccountUser => [:account]
  Add to your query: .includes([:account])
Call stack
  /home/youssef/Documents/chatwoot/app/views/api/v1/models/_user.json.jbuilder:23:in 'block (2 levels) in _app_views_api_v__models__user_json_jbuilder__2965860334396465759_91936'
  /home/youssef/Documents/chatwoot/app/views/api/v1/models/_user.json.jbuilder:21:in 'block in _app_views_api_v__models__user_json_jbuilder__2965860334396465759_91936'
  /home/youssef/Documents/chatwoot/app/views/api/v1/models/_user.json.jbuilder:20:in '_app_views_api_v__models__user_json_jbuilder__2965860334396465759_91936'
  /home/youssef/Documents/chatwoot/app/views/api/v1/profiles/update.json.jbuilder:1:in '_app_views_api_v__profiles_update_json_jbuilder___1081017662529953658_96096'
  /home/youssef/Documents/chatwoot/app/controllers/concerns/request_exception_handler.rb:11:in 'RequestExceptionHandler#handle_with_exception'
  /home/youssef/Documents/chatwoot/app/controllers/concerns/switch_locale.rb:39:in 'SwitchLocale#set_locale'
  /home/youssef/Documents/chatwoot/app/controllers/concerns/switch_locale.rb:13:in 'SwitchLocale#switch_locale'

2025-06-18 18:05:12[WARN] user: youssef
PUT /api/v1/profile
USE eager loading detected
  AccountUser => [:custom_role]
  Add to your query: .includes([:custom_role])
Call stack
  /home/youssef/Documents/chatwoot/app/views/api/v1/models/_user.json.jbuilder:23:in 'block (2 levels) in _app_views_api_v__models__user_json_jbuilder__2965860334396465759_91936'
  /home/youssef/Documents/chatwoot/app/views/api/v1/models/_user.json.jbuilder:21:in 'block in _app_views_api_v__models__user_json_jbuilder__2965860334396465759_91936'
  /home/youssef/Documents/chatwoot/app/views/api/v1/models/_user.json.jbuilder:20:in '_app_views_api_v__models__user_json_jbuilder__2965860334396465759_91936'
  /home/youssef/Documents/chatwoot/app/views/api/v1/profiles/update.json.jbuilder:1:in '_app_views_api_v__profiles_update_json_jbuilder___1081017662529953658_96096'
  /home/youssef/Documents/chatwoot/app/controllers/concerns/request_exception_handler.rb:11:in 'RequestExceptionHandler#handle_with_exception'
  /home/youssef/Documents/chatwoot/app/controllers/concerns/switch_locale.rb:39:in 'SwitchLocale#set_locale'
  /home/youssef/Documents/chatwoot/app/controllers/concerns/switch_locale.rb:13:in 'SwitchLocale#switch_locale'

2025-06-18 18:05:13[WARN] user: youssef
PUT /api/v1/profile
USE eager loading detected
  AccountUser => [:account]
  Add to your query: .includes([:account])
Call stack
  /home/youssef/Documents/chatwoot/app/views/api/v1/models/_user.json.jbuilder:23:in 'block (2 levels) in _app_views_api_v__models__user_json_jbuilder__2965860334396465759_91936'
  /home/youssef/Documents/chatwoot/app/views/api/v1/models/_user.json.jbuilder:21:in 'block in _app_views_api_v__models__user_json_jbuilder__2965860334396465759_91936'
  /home/youssef/Documents/chatwoot/app/views/api/v1/models/_user.json.jbuilder:20:in '_app_views_api_v__models__user_json_jbuilder__2965860334396465759_91936'
  /home/youssef/Documents/chatwoot/app/views/api/v1/profiles/update.json.jbuilder:1:in '_app_views_api_v__profiles_update_json_jbuilder___1081017662529953658_96096'
  /home/youssef/Documents/chatwoot/app/controllers/concerns/request_exception_handler.rb:11:in 'RequestExceptionHandler#handle_with_exception'
  /home/youssef/Documents/chatwoot/app/controllers/concerns/switch_locale.rb:39:in 'SwitchLocale#set_locale'
  /home/youssef/Documents/chatwoot/app/controllers/concerns/switch_locale.rb:13:in 'SwitchLocale#switch_locale'

2025-06-18 18:05:13[WARN] user: youssef
PUT /api/v1/profile
USE eager loading detected
  AccountUser => [:custom_role]
  Add to your query: .includes([:custom_role])
Call stack
  /home/youssef/Documents/chatwoot/app/views/api/v1/models/_user.json.jbuilder:23:in 'block (2 levels) in _app_views_api_v__models__user_json_jbuilder__2965860334396465759_91936'
  /home/youssef/Documents/chatwoot/app/views/api/v1/models/_user.json.jbuilder:21:in 'block in _app_views_api_v__models__user_json_jbuilder__2965860334396465759_91936'
  /home/youssef/Documents/chatwoot/app/views/api/v1/models/_user.json.jbuilder:20:in '_app_views_api_v__models__user_json_jbuilder__2965860334396465759_91936'
  /home/youssef/Documents/chatwoot/app/views/api/v1/profiles/update.json.jbuilder:1:in '_app_views_api_v__profiles_update_json_jbuilder___1081017662529953658_96096'
  /home/youssef/Documents/chatwoot/app/controllers/concerns/request_exception_handler.rb:11:in 'RequestExceptionHandler#handle_with_exception'
  /home/youssef/Documents/chatwoot/app/controllers/concerns/switch_locale.rb:39:in 'SwitchLocale#set_locale'
  /home/youssef/Documents/chatwoot/app/controllers/concerns/switch_locale.rb:13:in 'SwitchLocale#switch_locale'

2025-06-18 18:05:13[WARN] user: youssef
PUT /api/v1/profile
USE eager loading detected
  AccountUser => [:account]
  Add to your query: .includes([:account])
Call stack
  /home/youssef/Documents/chatwoot/app/views/api/v1/models/_user.json.jbuilder:23:in 'block (2 levels) in _app_views_api_v__models__user_json_jbuilder__2965860334396465759_91936'
  /home/youssef/Documents/chatwoot/app/views/api/v1/models/_user.json.jbuilder:21:in 'block in _app_views_api_v__models__user_json_jbuilder__2965860334396465759_91936'
  /home/youssef/Documents/chatwoot/app/views/api/v1/models/_user.json.jbuilder:20:in '_app_views_api_v__models__user_json_jbuilder__2965860334396465759_91936'
  /home/youssef/Documents/chatwoot/app/views/api/v1/profiles/update.json.jbuilder:1:in '_app_views_api_v__profiles_update_json_jbuilder___1081017662529953658_96096'
  /home/youssef/Documents/chatwoot/app/controllers/concerns/request_exception_handler.rb:11:in 'RequestExceptionHandler#handle_with_exception'
  /home/youssef/Documents/chatwoot/app/controllers/concerns/switch_locale.rb:39:in 'SwitchLocale#set_locale'
  /home/youssef/Documents/chatwoot/app/controllers/concerns/switch_locale.rb:13:in 'SwitchLocale#switch_locale'

2025-06-18 18:05:13[WARN] user: youssef
PUT /api/v1/profile
USE eager loading detected
  AccountUser => [:custom_role]
  Add to your query: .includes([:custom_role])
Call stack
  /home/youssef/Documents/chatwoot/app/views/api/v1/models/_user.json.jbuilder:23:in 'block (2 levels) in _app_views_api_v__models__user_json_jbuilder__2965860334396465759_91936'
  /home/youssef/Documents/chatwoot/app/views/api/v1/models/_user.json.jbuilder:21:in 'block in _app_views_api_v__models__user_json_jbuilder__2965860334396465759_91936'
  /home/youssef/Documents/chatwoot/app/views/api/v1/models/_user.json.jbuilder:20:in '_app_views_api_v__models__user_json_jbuilder__2965860334396465759_91936'
  /home/youssef/Documents/chatwoot/app/views/api/v1/profiles/update.json.jbuilder:1:in '_app_views_api_v__profiles_update_json_jbuilder___1081017662529953658_96096'
  /home/youssef/Documents/chatwoot/app/controllers/concerns/request_exception_handler.rb:11:in 'RequestExceptionHandler#handle_with_exception'
  /home/youssef/Documents/chatwoot/app/controllers/concerns/switch_locale.rb:39:in 'SwitchLocale#set_locale'
  /home/youssef/Documents/chatwoot/app/controllers/concerns/switch_locale.rb:13:in 'SwitchLocale#switch_locale'

2025-06-18 18:05:14[WARN] user: youssef
PUT /api/v1/profile
USE eager loading detected
  AccountUser => [:account]
  Add to your query: .includes([:account])
Call stack
  /home/youssef/Documents/chatwoot/app/views/api/v1/models/_user.json.jbuilder:23:in 'block (2 levels) in _app_views_api_v__models__user_json_jbuilder__2965860334396465759_91936'
  /home/youssef/Documents/chatwoot/app/views/api/v1/models/_user.json.jbuilder:21:in 'block in _app_views_api_v__models__user_json_jbuilder__2965860334396465759_91936'
  /home/youssef/Documents/chatwoot/app/views/api/v1/models/_user.json.jbuilder:20:in '_app_views_api_v__models__user_json_jbuilder__2965860334396465759_91936'
  /home/youssef/Documents/chatwoot/app/views/api/v1/profiles/update.json.jbuilder:1:in '_app_views_api_v__profiles_update_json_jbuilder___1081017662529953658_96096'
  /home/youssef/Documents/chatwoot/app/controllers/concerns/request_exception_handler.rb:11:in 'RequestExceptionHandler#handle_with_exception'
  /home/youssef/Documents/chatwoot/app/controllers/concerns/switch_locale.rb:39:in 'SwitchLocale#set_locale'
  /home/youssef/Documents/chatwoot/app/controllers/concerns/switch_locale.rb:13:in 'SwitchLocale#switch_locale'

2025-06-18 18:05:14[WARN] user: youssef
PUT /api/v1/profile
USE eager loading detected
  AccountUser => [:custom_role]
  Add to your query: .includes([:custom_role])
Call stack
  /home/youssef/Documents/chatwoot/app/views/api/v1/models/_user.json.jbuilder:23:in 'block (2 levels) in _app_views_api_v__models__user_json_jbuilder__2965860334396465759_91936'
  /home/youssef/Documents/chatwoot/app/views/api/v1/models/_user.json.jbuilder:21:in 'block in _app_views_api_v__models__user_json_jbuilder__2965860334396465759_91936'
  /home/youssef/Documents/chatwoot/app/views/api/v1/models/_user.json.jbuilder:20:in '_app_views_api_v__models__user_json_jbuilder__2965860334396465759_91936'
  /home/youssef/Documents/chatwoot/app/views/api/v1/profiles/update.json.jbuilder:1:in '_app_views_api_v__profiles_update_json_jbuilder___1081017662529953658_96096'
  /home/youssef/Documents/chatwoot/app/controllers/concerns/request_exception_handler.rb:11:in 'RequestExceptionHandler#handle_with_exception'
  /home/youssef/Documents/chatwoot/app/controllers/concerns/switch_locale.rb:39:in 'SwitchLocale#set_locale'
  /home/youssef/Documents/chatwoot/app/controllers/concerns/switch_locale.rb:13:in 'SwitchLocale#switch_locale'

2025-06-18 18:05:14[WARN] user: youssef
PUT /api/v1/profile
USE eager loading detected
  AccountUser => [:account]
  Add to your query: .includes([:account])
Call stack
  /home/youssef/Documents/chatwoot/app/views/api/v1/models/_user.json.jbuilder:23:in 'block (2 levels) in _app_views_api_v__models__user_json_jbuilder__2965860334396465759_91936'
  /home/youssef/Documents/chatwoot/app/views/api/v1/models/_user.json.jbuilder:21:in 'block in _app_views_api_v__models__user_json_jbuilder__2965860334396465759_91936'
  /home/youssef/Documents/chatwoot/app/views/api/v1/models/_user.json.jbuilder:20:in '_app_views_api_v__models__user_json_jbuilder__2965860334396465759_91936'
  /home/youssef/Documents/chatwoot/app/views/api/v1/profiles/update.json.jbuilder:1:in '_app_views_api_v__profiles_update_json_jbuilder___1081017662529953658_96096'
  /home/youssef/Documents/chatwoot/app/controllers/concerns/request_exception_handler.rb:11:in 'RequestExceptionHandler#handle_with_exception'
  /home/youssef/Documents/chatwoot/app/controllers/concerns/switch_locale.rb:39:in 'SwitchLocale#set_locale'
  /home/youssef/Documents/chatwoot/app/controllers/concerns/switch_locale.rb:13:in 'SwitchLocale#switch_locale'

2025-06-18 18:05:14[WARN] user: youssef
PUT /api/v1/profile
USE eager loading detected
  AccountUser => [:custom_role]
  Add to your query: .includes([:custom_role])
Call stack
  /home/youssef/Documents/chatwoot/app/views/api/v1/models/_user.json.jbuilder:23:in 'block (2 levels) in _app_views_api_v__models__user_json_jbuilder__2965860334396465759_91936'
  /home/youssef/Documents/chatwoot/app/views/api/v1/models/_user.json.jbuilder:21:in 'block in _app_views_api_v__models__user_json_jbuilder__2965860334396465759_91936'
  /home/youssef/Documents/chatwoot/app/views/api/v1/models/_user.json.jbuilder:20:in '_app_views_api_v__models__user_json_jbuilder__2965860334396465759_91936'
  /home/youssef/Documents/chatwoot/app/views/api/v1/profiles/update.json.jbuilder:1:in '_app_views_api_v__profiles_update_json_jbuilder___1081017662529953658_96096'
  /home/youssef/Documents/chatwoot/app/controllers/concerns/request_exception_handler.rb:11:in 'RequestExceptionHandler#handle_with_exception'
  /home/youssef/Documents/chatwoot/app/controllers/concerns/switch_locale.rb:39:in 'SwitchLocale#set_locale'
  /home/youssef/Documents/chatwoot/app/controllers/concerns/switch_locale.rb:13:in 'SwitchLocale#switch_locale'

2025-06-18 18:05:15[WARN] user: youssef
PUT /api/v1/profile
USE eager loading detected
  AccountUser => [:account]
  Add to your query: .includes([:account])
Call stack
  /home/youssef/Documents/chatwoot/app/views/api/v1/models/_user.json.jbuilder:23:in 'block (2 levels) in _app_views_api_v__models__user_json_jbuilder__2965860334396465759_91936'
  /home/youssef/Documents/chatwoot/app/views/api/v1/models/_user.json.jbuilder:21:in 'block in _app_views_api_v__models__user_json_jbuilder__2965860334396465759_91936'
  /home/youssef/Documents/chatwoot/app/views/api/v1/models/_user.json.jbuilder:20:in '_app_views_api_v__models__user_json_jbuilder__2965860334396465759_91936'
  /home/youssef/Documents/chatwoot/app/views/api/v1/profiles/update.json.jbuilder:1:in '_app_views_api_v__profiles_update_json_jbuilder___1081017662529953658_96096'
  /home/youssef/Documents/chatwoot/app/controllers/concerns/request_exception_handler.rb:11:in 'RequestExceptionHandler#handle_with_exception'
  /home/youssef/Documents/chatwoot/app/controllers/concerns/switch_locale.rb:39:in 'SwitchLocale#set_locale'
  /home/youssef/Documents/chatwoot/app/controllers/concerns/switch_locale.rb:13:in 'SwitchLocale#switch_locale'

2025-06-18 18:05:15[WARN] user: youssef
PUT /api/v1/profile
USE eager loading detected
  AccountUser => [:custom_role]
  Add to your query: .includes([:custom_role])
Call stack
  /home/youssef/Documents/chatwoot/app/views/api/v1/models/_user.json.jbuilder:23:in 'block (2 levels) in _app_views_api_v__models__user_json_jbuilder__2965860334396465759_91936'
  /home/youssef/Documents/chatwoot/app/views/api/v1/models/_user.json.jbuilder:21:in 'block in _app_views_api_v__models__user_json_jbuilder__2965860334396465759_91936'
  /home/youssef/Documents/chatwoot/app/views/api/v1/models/_user.json.jbuilder:20:in '_app_views_api_v__models__user_json_jbuilder__2965860334396465759_91936'
  /home/youssef/Documents/chatwoot/app/views/api/v1/profiles/update.json.jbuilder:1:in '_app_views_api_v__profiles_update_json_jbuilder___1081017662529953658_96096'
  /home/youssef/Documents/chatwoot/app/controllers/concerns/request_exception_handler.rb:11:in 'RequestExceptionHandler#handle_with_exception'
  /home/youssef/Documents/chatwoot/app/controllers/concerns/switch_locale.rb:39:in 'SwitchLocale#set_locale'
  /home/youssef/Documents/chatwoot/app/controllers/concerns/switch_locale.rb:13:in 'SwitchLocale#switch_locale'

2025-06-18 18:05:16[WARN] user: youssef
PUT /api/v1/profile
USE eager loading detected
  AccountUser => [:account]
  Add to your query: .includes([:account])
Call stack
  /home/youssef/Documents/chatwoot/app/views/api/v1/models/_user.json.jbuilder:23:in 'block (2 levels) in _app_views_api_v__models__user_json_jbuilder__2965860334396465759_91936'
  /home/youssef/Documents/chatwoot/app/views/api/v1/models/_user.json.jbuilder:21:in 'block in _app_views_api_v__models__user_json_jbuilder__2965860334396465759_91936'
  /home/youssef/Documents/chatwoot/app/views/api/v1/models/_user.json.jbuilder:20:in '_app_views_api_v__models__user_json_jbuilder__2965860334396465759_91936'
  /home/youssef/Documents/chatwoot/app/views/api/v1/profiles/update.json.jbuilder:1:in '_app_views_api_v__profiles_update_json_jbuilder___1081017662529953658_96096'
  /home/youssef/Documents/chatwoot/app/controllers/concerns/request_exception_handler.rb:11:in 'RequestExceptionHandler#handle_with_exception'
  /home/youssef/Documents/chatwoot/app/controllers/concerns/switch_locale.rb:39:in 'SwitchLocale#set_locale'
  /home/youssef/Documents/chatwoot/app/controllers/concerns/switch_locale.rb:13:in 'SwitchLocale#switch_locale'

2025-06-18 18:05:16[WARN] user: youssef
PUT /api/v1/profile
USE eager loading detected
  AccountUser => [:custom_role]
  Add to your query: .includes([:custom_role])
Call stack
  /home/youssef/Documents/chatwoot/app/views/api/v1/models/_user.json.jbuilder:23:in 'block (2 levels) in _app_views_api_v__models__user_json_jbuilder__2965860334396465759_91936'
  /home/youssef/Documents/chatwoot/app/views/api/v1/models/_user.json.jbuilder:21:in 'block in _app_views_api_v__models__user_json_jbuilder__2965860334396465759_91936'
  /home/youssef/Documents/chatwoot/app/views/api/v1/models/_user.json.jbuilder:20:in '_app_views_api_v__models__user_json_jbuilder__2965860334396465759_91936'
  /home/youssef/Documents/chatwoot/app/views/api/v1/profiles/update.json.jbuilder:1:in '_app_views_api_v__profiles_update_json_jbuilder___1081017662529953658_96096'
  /home/youssef/Documents/chatwoot/app/controllers/concerns/request_exception_handler.rb:11:in 'RequestExceptionHandler#handle_with_exception'
  /home/youssef/Documents/chatwoot/app/controllers/concerns/switch_locale.rb:39:in 'SwitchLocale#set_locale'
  /home/youssef/Documents/chatwoot/app/controllers/concerns/switch_locale.rb:13:in 'SwitchLocale#switch_locale'

2025-06-18 18:05:16[WARN] user: youssef
PUT /api/v1/profile
USE eager loading detected
  AccountUser => [:account]
  Add to your query: .includes([:account])
Call stack
  /home/youssef/Documents/chatwoot/app/views/api/v1/models/_user.json.jbuilder:23:in 'block (2 levels) in _app_views_api_v__models__user_json_jbuilder__2965860334396465759_91936'
  /home/youssef/Documents/chatwoot/app/views/api/v1/models/_user.json.jbuilder:21:in 'block in _app_views_api_v__models__user_json_jbuilder__2965860334396465759_91936'
  /home/youssef/Documents/chatwoot/app/views/api/v1/models/_user.json.jbuilder:20:in '_app_views_api_v__models__user_json_jbuilder__2965860334396465759_91936'
  /home/youssef/Documents/chatwoot/app/views/api/v1/profiles/update.json.jbuilder:1:in '_app_views_api_v__profiles_update_json_jbuilder___1081017662529953658_96096'
  /home/youssef/Documents/chatwoot/app/controllers/concerns/request_exception_handler.rb:11:in 'RequestExceptionHandler#handle_with_exception'
  /home/youssef/Documents/chatwoot/app/controllers/concerns/switch_locale.rb:39:in 'SwitchLocale#set_locale'
  /home/youssef/Documents/chatwoot/app/controllers/concerns/switch_locale.rb:13:in 'SwitchLocale#switch_locale'

2025-06-18 18:05:16[WARN] user: youssef
PUT /api/v1/profile
USE eager loading detected
  AccountUser => [:custom_role]
  Add to your query: .includes([:custom_role])
Call stack
  /home/youssef/Documents/chatwoot/app/views/api/v1/models/_user.json.jbuilder:23:in 'block (2 levels) in _app_views_api_v__models__user_json_jbuilder__2965860334396465759_91936'
  /home/youssef/Documents/chatwoot/app/views/api/v1/models/_user.json.jbuilder:21:in 'block in _app_views_api_v__models__user_json_jbuilder__2965860334396465759_91936'
  /home/youssef/Documents/chatwoot/app/views/api/v1/models/_user.json.jbuilder:20:in '_app_views_api_v__models__user_json_jbuilder__2965860334396465759_91936'
  /home/youssef/Documents/chatwoot/app/views/api/v1/profiles/update.json.jbuilder:1:in '_app_views_api_v__profiles_update_json_jbuilder___1081017662529953658_96096'
  /home/youssef/Documents/chatwoot/app/controllers/concerns/request_exception_handler.rb:11:in 'RequestExceptionHandler#handle_with_exception'
  /home/youssef/Documents/chatwoot/app/controllers/concerns/switch_locale.rb:39:in 'SwitchLocale#set_locale'
  /home/youssef/Documents/chatwoot/app/controllers/concerns/switch_locale.rb:13:in 'SwitchLocale#switch_locale'

2025-06-18 18:05:16[WARN] user: youssef
PUT /api/v1/profile
USE eager loading detected
  AccountUser => [:account]
  Add to your query: .includes([:account])
Call stack
  /home/youssef/Documents/chatwoot/app/views/api/v1/models/_user.json.jbuilder:23:in 'block (2 levels) in _app_views_api_v__models__user_json_jbuilder__2965860334396465759_91936'
  /home/youssef/Documents/chatwoot/app/views/api/v1/models/_user.json.jbuilder:21:in 'block in _app_views_api_v__models__user_json_jbuilder__2965860334396465759_91936'
  /home/youssef/Documents/chatwoot/app/views/api/v1/models/_user.json.jbuilder:20:in '_app_views_api_v__models__user_json_jbuilder__2965860334396465759_91936'
  /home/youssef/Documents/chatwoot/app/views/api/v1/profiles/update.json.jbuilder:1:in '_app_views_api_v__profiles_update_json_jbuilder___1081017662529953658_96096'
  /home/youssef/Documents/chatwoot/app/controllers/concerns/request_exception_handler.rb:11:in 'RequestExceptionHandler#handle_with_exception'
  /home/youssef/Documents/chatwoot/app/controllers/concerns/switch_locale.rb:39:in 'SwitchLocale#set_locale'
  /home/youssef/Documents/chatwoot/app/controllers/concerns/switch_locale.rb:13:in 'SwitchLocale#switch_locale'

2025-06-18 18:05:16[WARN] user: youssef
PUT /api/v1/profile
USE eager loading detected
  AccountUser => [:custom_role]
  Add to your query: .includes([:custom_role])
Call stack
  /home/youssef/Documents/chatwoot/app/views/api/v1/models/_user.json.jbuilder:23:in 'block (2 levels) in _app_views_api_v__models__user_json_jbuilder__2965860334396465759_91936'
  /home/youssef/Documents/chatwoot/app/views/api/v1/models/_user.json.jbuilder:21:in 'block in _app_views_api_v__models__user_json_jbuilder__2965860334396465759_91936'
  /home/youssef/Documents/chatwoot/app/views/api/v1/models/_user.json.jbuilder:20:in '_app_views_api_v__models__user_json_jbuilder__2965860334396465759_91936'
  /home/youssef/Documents/chatwoot/app/views/api/v1/profiles/update.json.jbuilder:1:in '_app_views_api_v__profiles_update_json_jbuilder___1081017662529953658_96096'
  /home/youssef/Documents/chatwoot/app/controllers/concerns/request_exception_handler.rb:11:in 'RequestExceptionHandler#handle_with_exception'
  /home/youssef/Documents/chatwoot/app/controllers/concerns/switch_locale.rb:39:in 'SwitchLocale#set_locale'
  /home/youssef/Documents/chatwoot/app/controllers/concerns/switch_locale.rb:13:in 'SwitchLocale#switch_locale'

2025-06-18 18:05:17[WARN] user: youssef
PUT /api/v1/profile
USE eager loading detected
  AccountUser => [:account]
  Add to your query: .includes([:account])
Call stack
  /home/youssef/Documents/chatwoot/app/views/api/v1/models/_user.json.jbuilder:23:in 'block (2 levels) in _app_views_api_v__models__user_json_jbuilder__2965860334396465759_91936'
  /home/youssef/Documents/chatwoot/app/views/api/v1/models/_user.json.jbuilder:21:in 'block in _app_views_api_v__models__user_json_jbuilder__2965860334396465759_91936'
  /home/youssef/Documents/chatwoot/app/views/api/v1/models/_user.json.jbuilder:20:in '_app_views_api_v__models__user_json_jbuilder__2965860334396465759_91936'
  /home/youssef/Documents/chatwoot/app/views/api/v1/profiles/update.json.jbuilder:1:in '_app_views_api_v__profiles_update_json_jbuilder___1081017662529953658_96096'
  /home/youssef/Documents/chatwoot/app/controllers/concerns/request_exception_handler.rb:11:in 'RequestExceptionHandler#handle_with_exception'
  /home/youssef/Documents/chatwoot/app/controllers/concerns/switch_locale.rb:39:in 'SwitchLocale#set_locale'
  /home/youssef/Documents/chatwoot/app/controllers/concerns/switch_locale.rb:13:in 'SwitchLocale#switch_locale'

2025-06-18 18:05:17[WARN] user: youssef
PUT /api/v1/profile
USE eager loading detected
  AccountUser => [:custom_role]
  Add to your query: .includes([:custom_role])
Call stack
  /home/youssef/Documents/chatwoot/app/views/api/v1/models/_user.json.jbuilder:23:in 'block (2 levels) in _app_views_api_v__models__user_json_jbuilder__2965860334396465759_91936'
  /home/youssef/Documents/chatwoot/app/views/api/v1/models/_user.json.jbuilder:21:in 'block in _app_views_api_v__models__user_json_jbuilder__2965860334396465759_91936'
  /home/youssef/Documents/chatwoot/app/views/api/v1/models/_user.json.jbuilder:20:in '_app_views_api_v__models__user_json_jbuilder__2965860334396465759_91936'
  /home/youssef/Documents/chatwoot/app/views/api/v1/profiles/update.json.jbuilder:1:in '_app_views_api_v__profiles_update_json_jbuilder___1081017662529953658_96096'
  /home/youssef/Documents/chatwoot/app/controllers/concerns/request_exception_handler.rb:11:in 'RequestExceptionHandler#handle_with_exception'
  /home/youssef/Documents/chatwoot/app/controllers/concerns/switch_locale.rb:39:in 'SwitchLocale#set_locale'
  /home/youssef/Documents/chatwoot/app/controllers/concerns/switch_locale.rb:13:in 'SwitchLocale#switch_locale'

2025-06-18 18:05:18[WARN] user: youssef
PUT /api/v1/profile
USE eager loading detected
  AccountUser => [:account]
  Add to your query: .includes([:account])
Call stack
  /home/youssef/Documents/chatwoot/app/views/api/v1/models/_user.json.jbuilder:23:in 'block (2 levels) in _app_views_api_v__models__user_json_jbuilder__2965860334396465759_91936'
  /home/youssef/Documents/chatwoot/app/views/api/v1/models/_user.json.jbuilder:21:in 'block in _app_views_api_v__models__user_json_jbuilder__2965860334396465759_91936'
  /home/youssef/Documents/chatwoot/app/views/api/v1/models/_user.json.jbuilder:20:in '_app_views_api_v__models__user_json_jbuilder__2965860334396465759_91936'
  /home/youssef/Documents/chatwoot/app/views/api/v1/profiles/update.json.jbuilder:1:in '_app_views_api_v__profiles_update_json_jbuilder___1081017662529953658_96096'
  /home/youssef/Documents/chatwoot/app/controllers/concerns/request_exception_handler.rb:11:in 'RequestExceptionHandler#handle_with_exception'
  /home/youssef/Documents/chatwoot/app/controllers/concerns/switch_locale.rb:39:in 'SwitchLocale#set_locale'
  /home/youssef/Documents/chatwoot/app/controllers/concerns/switch_locale.rb:13:in 'SwitchLocale#switch_locale'

2025-06-18 18:05:18[WARN] user: youssef
PUT /api/v1/profile
USE eager loading detected
  AccountUser => [:custom_role]
  Add to your query: .includes([:custom_role])
Call stack
  /home/youssef/Documents/chatwoot/app/views/api/v1/models/_user.json.jbuilder:23:in 'block (2 levels) in _app_views_api_v__models__user_json_jbuilder__2965860334396465759_91936'
  /home/youssef/Documents/chatwoot/app/views/api/v1/models/_user.json.jbuilder:21:in 'block in _app_views_api_v__models__user_json_jbuilder__2965860334396465759_91936'
  /home/youssef/Documents/chatwoot/app/views/api/v1/models/_user.json.jbuilder:20:in '_app_views_api_v__models__user_json_jbuilder__2965860334396465759_91936'
  /home/youssef/Documents/chatwoot/app/views/api/v1/profiles/update.json.jbuilder:1:in '_app_views_api_v__profiles_update_json_jbuilder___1081017662529953658_96096'
  /home/youssef/Documents/chatwoot/app/controllers/concerns/request_exception_handler.rb:11:in 'RequestExceptionHandler#handle_with_exception'
  /home/youssef/Documents/chatwoot/app/controllers/concerns/switch_locale.rb:39:in 'SwitchLocale#set_locale'
  /home/youssef/Documents/chatwoot/app/controllers/concerns/switch_locale.rb:13:in 'SwitchLocale#switch_locale'

2025-06-18 18:05:18[WARN] user: youssef
PUT /api/v1/profile
USE eager loading detected
  AccountUser => [:account]
  Add to your query: .includes([:account])
Call stack
  /home/youssef/Documents/chatwoot/app/views/api/v1/models/_user.json.jbuilder:23:in 'block (2 levels) in _app_views_api_v__models__user_json_jbuilder__2965860334396465759_91936'
  /home/youssef/Documents/chatwoot/app/views/api/v1/models/_user.json.jbuilder:21:in 'block in _app_views_api_v__models__user_json_jbuilder__2965860334396465759_91936'
  /home/youssef/Documents/chatwoot/app/views/api/v1/models/_user.json.jbuilder:20:in '_app_views_api_v__models__user_json_jbuilder__2965860334396465759_91936'
  /home/youssef/Documents/chatwoot/app/views/api/v1/profiles/update.json.jbuilder:1:in '_app_views_api_v__profiles_update_json_jbuilder___1081017662529953658_96096'
  /home/youssef/Documents/chatwoot/app/controllers/concerns/request_exception_handler.rb:11:in 'RequestExceptionHandler#handle_with_exception'
  /home/youssef/Documents/chatwoot/app/controllers/concerns/switch_locale.rb:39:in 'SwitchLocale#set_locale'
  /home/youssef/Documents/chatwoot/app/controllers/concerns/switch_locale.rb:13:in 'SwitchLocale#switch_locale'

2025-06-18 18:05:18[WARN] user: youssef
PUT /api/v1/profile
USE eager loading detected
  AccountUser => [:custom_role]
  Add to your query: .includes([:custom_role])
Call stack
  /home/youssef/Documents/chatwoot/app/views/api/v1/models/_user.json.jbuilder:23:in 'block (2 levels) in _app_views_api_v__models__user_json_jbuilder__2965860334396465759_91936'
  /home/youssef/Documents/chatwoot/app/views/api/v1/models/_user.json.jbuilder:21:in 'block in _app_views_api_v__models__user_json_jbuilder__2965860334396465759_91936'
  /home/youssef/Documents/chatwoot/app/views/api/v1/models/_user.json.jbuilder:20:in '_app_views_api_v__models__user_json_jbuilder__2965860334396465759_91936'
  /home/youssef/Documents/chatwoot/app/views/api/v1/profiles/update.json.jbuilder:1:in '_app_views_api_v__profiles_update_json_jbuilder___1081017662529953658_96096'
  /home/youssef/Documents/chatwoot/app/controllers/concerns/request_exception_handler.rb:11:in 'RequestExceptionHandler#handle_with_exception'
  /home/youssef/Documents/chatwoot/app/controllers/concerns/switch_locale.rb:39:in 'SwitchLocale#set_locale'
  /home/youssef/Documents/chatwoot/app/controllers/concerns/switch_locale.rb:13:in 'SwitchLocale#switch_locale'

2025-06-18 18:05:19[WARN] user: youssef
GET /api/v1/accounts/1/contacts/1/conversations
AVOID eager loading detected
  Conversation => [:assignee, :taggings]
  Remove from your query: .includes([:assignee, :taggings])
Call stack
  /home/youssef/Documents/chatwoot/app/views/api/v1/accounts/contacts/conversations/index.json.jbuilder:2:in 'block in _app_views_api_v__accounts_contacts_conversations_index_json_jbuilder__36184506664580462_106280'
  /home/youssef/Documents/chatwoot/app/views/api/v1/accounts/contacts/conversations/index.json.jbuilder:1:in '_app_views_api_v__accounts_contacts_conversations_index_json_jbuilder__36184506664580462_106280'
  /home/youssef/Documents/chatwoot/app/controllers/concerns/switch_locale.rb:39:in 'SwitchLocale#set_locale'
  /home/youssef/Documents/chatwoot/app/controllers/concerns/switch_locale.rb:18:in 'SwitchLocale#switch_locale_using_account_locale'
  /home/youssef/Documents/chatwoot/app/controllers/concerns/request_exception_handler.rb:11:in 'RequestExceptionHandler#handle_with_exception'
  /home/youssef/Documents/chatwoot/app/controllers/concerns/switch_locale.rb:39:in 'SwitchLocale#set_locale'
  /home/youssef/Documents/chatwoot/app/controllers/concerns/switch_locale.rb:13:in 'SwitchLocale#switch_locale'

2025-06-18 18:05:19[WARN] user: youssef
PUT /api/v1/profile
USE eager loading detected
  AccountUser => [:account]
  Add to your query: .includes([:account])
Call stack
  /home/youssef/Documents/chatwoot/app/views/api/v1/models/_user.json.jbuilder:23:in 'block (2 levels) in _app_views_api_v__models__user_json_jbuilder__2965860334396465759_91936'
  /home/youssef/Documents/chatwoot/app/views/api/v1/models/_user.json.jbuilder:21:in 'block in _app_views_api_v__models__user_json_jbuilder__2965860334396465759_91936'
  /home/youssef/Documents/chatwoot/app/views/api/v1/models/_user.json.jbuilder:20:in '_app_views_api_v__models__user_json_jbuilder__2965860334396465759_91936'
  /home/youssef/Documents/chatwoot/app/views/api/v1/profiles/update.json.jbuilder:1:in '_app_views_api_v__profiles_update_json_jbuilder___1081017662529953658_96096'
  /home/youssef/Documents/chatwoot/app/controllers/concerns/request_exception_handler.rb:11:in 'RequestExceptionHandler#handle_with_exception'
  /home/youssef/Documents/chatwoot/app/controllers/concerns/switch_locale.rb:39:in 'SwitchLocale#set_locale'
  /home/youssef/Documents/chatwoot/app/controllers/concerns/switch_locale.rb:13:in 'SwitchLocale#switch_locale'

2025-06-18 18:05:19[WARN] user: youssef
PUT /api/v1/profile
USE eager loading detected
  AccountUser => [:custom_role]
  Add to your query: .includes([:custom_role])
Call stack
  /home/youssef/Documents/chatwoot/app/views/api/v1/models/_user.json.jbuilder:23:in 'block (2 levels) in _app_views_api_v__models__user_json_jbuilder__2965860334396465759_91936'
  /home/youssef/Documents/chatwoot/app/views/api/v1/models/_user.json.jbuilder:21:in 'block in _app_views_api_v__models__user_json_jbuilder__2965860334396465759_91936'
  /home/youssef/Documents/chatwoot/app/views/api/v1/models/_user.json.jbuilder:20:in '_app_views_api_v__models__user_json_jbuilder__2965860334396465759_91936'
  /home/youssef/Documents/chatwoot/app/views/api/v1/profiles/update.json.jbuilder:1:in '_app_views_api_v__profiles_update_json_jbuilder___1081017662529953658_96096'
  /home/youssef/Documents/chatwoot/app/controllers/concerns/request_exception_handler.rb:11:in 'RequestExceptionHandler#handle_with_exception'
  /home/youssef/Documents/chatwoot/app/controllers/concerns/switch_locale.rb:39:in 'SwitchLocale#set_locale'
  /home/youssef/Documents/chatwoot/app/controllers/concerns/switch_locale.rb:13:in 'SwitchLocale#switch_locale'

2025-06-18 18:05:19[WARN] user: youssef
PUT /api/v1/profile
USE eager loading detected
  AccountUser => [:account]
  Add to your query: .includes([:account])
Call stack
  /home/youssef/Documents/chatwoot/app/views/api/v1/models/_user.json.jbuilder:23:in 'block (2 levels) in _app_views_api_v__models__user_json_jbuilder__2965860334396465759_91936'
  /home/youssef/Documents/chatwoot/app/views/api/v1/models/_user.json.jbuilder:21:in 'block in _app_views_api_v__models__user_json_jbuilder__2965860334396465759_91936'
  /home/youssef/Documents/chatwoot/app/views/api/v1/models/_user.json.jbuilder:20:in '_app_views_api_v__models__user_json_jbuilder__2965860334396465759_91936'
  /home/youssef/Documents/chatwoot/app/views/api/v1/profiles/update.json.jbuilder:1:in '_app_views_api_v__profiles_update_json_jbuilder___1081017662529953658_96096'
  /home/youssef/Documents/chatwoot/app/controllers/concerns/request_exception_handler.rb:11:in 'RequestExceptionHandler#handle_with_exception'
  /home/youssef/Documents/chatwoot/app/controllers/concerns/switch_locale.rb:39:in 'SwitchLocale#set_locale'
  /home/youssef/Documents/chatwoot/app/controllers/concerns/switch_locale.rb:13:in 'SwitchLocale#switch_locale'

2025-06-18 18:05:19[WARN] user: youssef
PUT /api/v1/profile
USE eager loading detected
  AccountUser => [:custom_role]
  Add to your query: .includes([:custom_role])
Call stack
  /home/youssef/Documents/chatwoot/app/views/api/v1/models/_user.json.jbuilder:23:in 'block (2 levels) in _app_views_api_v__models__user_json_jbuilder__2965860334396465759_91936'
  /home/youssef/Documents/chatwoot/app/views/api/v1/models/_user.json.jbuilder:21:in 'block in _app_views_api_v__models__user_json_jbuilder__2965860334396465759_91936'
  /home/youssef/Documents/chatwoot/app/views/api/v1/models/_user.json.jbuilder:20:in '_app_views_api_v__models__user_json_jbuilder__2965860334396465759_91936'
  /home/youssef/Documents/chatwoot/app/views/api/v1/profiles/update.json.jbuilder:1:in '_app_views_api_v__profiles_update_json_jbuilder___1081017662529953658_96096'
  /home/youssef/Documents/chatwoot/app/controllers/concerns/request_exception_handler.rb:11:in 'RequestExceptionHandler#handle_with_exception'
  /home/youssef/Documents/chatwoot/app/controllers/concerns/switch_locale.rb:39:in 'SwitchLocale#set_locale'
  /home/youssef/Documents/chatwoot/app/controllers/concerns/switch_locale.rb:13:in 'SwitchLocale#switch_locale'

2025-06-18 18:05:20[WARN] user: youssef
PUT /api/v1/profile
USE eager loading detected
  AccountUser => [:account]
  Add to your query: .includes([:account])
Call stack
  /home/youssef/Documents/chatwoot/app/views/api/v1/models/_user.json.jbuilder:23:in 'block (2 levels) in _app_views_api_v__models__user_json_jbuilder__2965860334396465759_91936'
  /home/youssef/Documents/chatwoot/app/views/api/v1/models/_user.json.jbuilder:21:in 'block in _app_views_api_v__models__user_json_jbuilder__2965860334396465759_91936'
  /home/youssef/Documents/chatwoot/app/views/api/v1/models/_user.json.jbuilder:20:in '_app_views_api_v__models__user_json_jbuilder__2965860334396465759_91936'
  /home/youssef/Documents/chatwoot/app/views/api/v1/profiles/update.json.jbuilder:1:in '_app_views_api_v__profiles_update_json_jbuilder___1081017662529953658_96096'
  /home/youssef/Documents/chatwoot/app/controllers/concerns/request_exception_handler.rb:11:in 'RequestExceptionHandler#handle_with_exception'
  /home/youssef/Documents/chatwoot/app/controllers/concerns/switch_locale.rb:39:in 'SwitchLocale#set_locale'
  /home/youssef/Documents/chatwoot/app/controllers/concerns/switch_locale.rb:13:in 'SwitchLocale#switch_locale'

2025-06-18 18:05:20[WARN] user: youssef
PUT /api/v1/profile
USE eager loading detected
  AccountUser => [:custom_role]
  Add to your query: .includes([:custom_role])
Call stack
  /home/youssef/Documents/chatwoot/app/views/api/v1/models/_user.json.jbuilder:23:in 'block (2 levels) in _app_views_api_v__models__user_json_jbuilder__2965860334396465759_91936'
  /home/youssef/Documents/chatwoot/app/views/api/v1/models/_user.json.jbuilder:21:in 'block in _app_views_api_v__models__user_json_jbuilder__2965860334396465759_91936'
  /home/youssef/Documents/chatwoot/app/views/api/v1/models/_user.json.jbuilder:20:in '_app_views_api_v__models__user_json_jbuilder__2965860334396465759_91936'
  /home/youssef/Documents/chatwoot/app/views/api/v1/profiles/update.json.jbuilder:1:in '_app_views_api_v__profiles_update_json_jbuilder___1081017662529953658_96096'
  /home/youssef/Documents/chatwoot/app/controllers/concerns/request_exception_handler.rb:11:in 'RequestExceptionHandler#handle_with_exception'
  /home/youssef/Documents/chatwoot/app/controllers/concerns/switch_locale.rb:39:in 'SwitchLocale#set_locale'
  /home/youssef/Documents/chatwoot/app/controllers/concerns/switch_locale.rb:13:in 'SwitchLocale#switch_locale'

2025-06-18 18:06:22[WARN] user: youssef
PUT /api/v1/profile
USE eager loading detected
  AccountUser => [:account]
  Add to your query: .includes([:account])
Call stack
  /home/youssef/Documents/chatwoot/app/views/api/v1/models/_user.json.jbuilder:23:in 'block (2 levels) in _app_views_api_v__models__user_json_jbuilder__2965860334396465759_91936'
  /home/youssef/Documents/chatwoot/app/views/api/v1/models/_user.json.jbuilder:21:in 'block in _app_views_api_v__models__user_json_jbuilder__2965860334396465759_91936'
  /home/youssef/Documents/chatwoot/app/views/api/v1/models/_user.json.jbuilder:20:in '_app_views_api_v__models__user_json_jbuilder__2965860334396465759_91936'
  /home/youssef/Documents/chatwoot/app/views/api/v1/profiles/update.json.jbuilder:1:in '_app_views_api_v__profiles_update_json_jbuilder___1081017662529953658_96096'
  /home/youssef/Documents/chatwoot/app/controllers/concerns/request_exception_handler.rb:11:in 'RequestExceptionHandler#handle_with_exception'
  /home/youssef/Documents/chatwoot/app/controllers/concerns/switch_locale.rb:39:in 'SwitchLocale#set_locale'
  /home/youssef/Documents/chatwoot/app/controllers/concerns/switch_locale.rb:13:in 'SwitchLocale#switch_locale'

2025-06-18 18:06:22[WARN] user: youssef
PUT /api/v1/profile
USE eager loading detected
  AccountUser => [:custom_role]
  Add to your query: .includes([:custom_role])
Call stack
  /home/youssef/Documents/chatwoot/app/views/api/v1/models/_user.json.jbuilder:23:in 'block (2 levels) in _app_views_api_v__models__user_json_jbuilder__2965860334396465759_91936'
  /home/youssef/Documents/chatwoot/app/views/api/v1/models/_user.json.jbuilder:21:in 'block in _app_views_api_v__models__user_json_jbuilder__2965860334396465759_91936'
  /home/youssef/Documents/chatwoot/app/views/api/v1/models/_user.json.jbuilder:20:in '_app_views_api_v__models__user_json_jbuilder__2965860334396465759_91936'
  /home/youssef/Documents/chatwoot/app/views/api/v1/profiles/update.json.jbuilder:1:in '_app_views_api_v__profiles_update_json_jbuilder___1081017662529953658_96096'
  /home/youssef/Documents/chatwoot/app/controllers/concerns/request_exception_handler.rb:11:in 'RequestExceptionHandler#handle_with_exception'
  /home/youssef/Documents/chatwoot/app/controllers/concerns/switch_locale.rb:39:in 'SwitchLocale#set_locale'
  /home/youssef/Documents/chatwoot/app/controllers/concerns/switch_locale.rb:13:in 'SwitchLocale#switch_locale'

2025-06-18 18:06:49[WARN] user: youssef
POST /api/v1/accounts/1/conversations/filter?page=1
AVOID eager loading detected
  Conversation => [:taggings, :assignee, :messages]
  Remove from your query: .includes([:taggings, :assignee, :messages])
Call stack
  /home/youssef/Documents/chatwoot/app/views/api/v1/accounts/conversations/filter.json.jbuilder:7:in 'block in _app_views_api_v__accounts_conversations_filter_json_jbuilder__4124229446255863189_116256'
  /home/youssef/Documents/chatwoot/app/views/api/v1/accounts/conversations/filter.json.jbuilder:6:in '_app_views_api_v__accounts_conversations_filter_json_jbuilder__4124229446255863189_116256'
  /home/youssef/Documents/chatwoot/app/controllers/concerns/switch_locale.rb:39:in 'SwitchLocale#set_locale'
  /home/youssef/Documents/chatwoot/app/controllers/concerns/switch_locale.rb:18:in 'SwitchLocale#switch_locale_using_account_locale'
  /home/youssef/Documents/chatwoot/app/controllers/concerns/request_exception_handler.rb:11:in 'RequestExceptionHandler#handle_with_exception'
  /home/youssef/Documents/chatwoot/app/controllers/concerns/switch_locale.rb:39:in 'SwitchLocale#set_locale'
  /home/youssef/Documents/chatwoot/app/controllers/concerns/switch_locale.rb:13:in 'SwitchLocale#switch_locale'

2025-06-18 18:06:50[WARN] user: youssef
GET /api/v1/accounts/1/contacts/1/contactable_inboxes
AVOID eager loading detected
  Contact => [:contact_inboxes]
  Remove from your query: .includes([:contact_inboxes])
Call stack
  /home/youssef/Documents/chatwoot/app/controllers/api/v1/accounts/contacts_controller.rb:187:in 'Api::V1::Accounts::ContactsController#fetch_contact'
  /home/youssef/Documents/chatwoot/app/controllers/concerns/switch_locale.rb:39:in 'SwitchLocale#set_locale'
  /home/youssef/Documents/chatwoot/app/controllers/concerns/switch_locale.rb:18:in 'SwitchLocale#switch_locale_using_account_locale'
  /home/youssef/Documents/chatwoot/app/controllers/concerns/request_exception_handler.rb:11:in 'RequestExceptionHandler#handle_with_exception'
  /home/youssef/Documents/chatwoot/app/controllers/concerns/switch_locale.rb:39:in 'SwitchLocale#set_locale'
  /home/youssef/Documents/chatwoot/app/controllers/concerns/switch_locale.rb:13:in 'SwitchLocale#switch_locale'

2025-06-18 18:06:50[WARN] user: youssef
GET /api/v1/accounts/1/contacts/1/contactable_inboxes
AVOID eager loading detected
  ContactInbox => [:inbox]
  Remove from your query: .includes([:inbox])
Call stack
  /home/youssef/Documents/chatwoot/app/controllers/api/v1/accounts/contacts_controller.rb:187:in 'Api::V1::Accounts::ContactsController#fetch_contact'
  /home/youssef/Documents/chatwoot/app/controllers/concerns/switch_locale.rb:39:in 'SwitchLocale#set_locale'
  /home/youssef/Documents/chatwoot/app/controllers/concerns/switch_locale.rb:18:in 'SwitchLocale#switch_locale_using_account_locale'
  /home/youssef/Documents/chatwoot/app/controllers/concerns/request_exception_handler.rb:11:in 'RequestExceptionHandler#handle_with_exception'
  /home/youssef/Documents/chatwoot/app/controllers/concerns/switch_locale.rb:39:in 'SwitchLocale#set_locale'
  /home/youssef/Documents/chatwoot/app/controllers/concerns/switch_locale.rb:13:in 'SwitchLocale#switch_locale'

2025-06-18 18:06:50[WARN] user: youssef
GET /api/v1/accounts/1/contacts/1?include_contact_inboxes=false
AVOID eager loading detected
  Contact => [:contact_inboxes]
  Remove from your query: .includes([:contact_inboxes])
Call stack
  /home/youssef/Documents/chatwoot/app/controllers/api/v1/accounts/contacts_controller.rb:187:in 'Api::V1::Accounts::ContactsController#fetch_contact'
  /home/youssef/Documents/chatwoot/app/controllers/concerns/switch_locale.rb:39:in 'SwitchLocale#set_locale'
  /home/youssef/Documents/chatwoot/app/controllers/concerns/switch_locale.rb:18:in 'SwitchLocale#switch_locale_using_account_locale'
  /home/youssef/Documents/chatwoot/app/controllers/concerns/request_exception_handler.rb:11:in 'RequestExceptionHandler#handle_with_exception'
  /home/youssef/Documents/chatwoot/app/controllers/concerns/switch_locale.rb:39:in 'SwitchLocale#set_locale'
  /home/youssef/Documents/chatwoot/app/controllers/concerns/switch_locale.rb:13:in 'SwitchLocale#switch_locale'

2025-06-18 18:06:50[WARN] user: youssef
GET /api/v1/accounts/1/contacts/1?include_contact_inboxes=false
AVOID eager loading detected
  ContactInbox => [:inbox]
  Remove from your query: .includes([:inbox])
Call stack
  /home/youssef/Documents/chatwoot/app/controllers/api/v1/accounts/contacts_controller.rb:187:in 'Api::V1::Accounts::ContactsController#fetch_contact'
  /home/youssef/Documents/chatwoot/app/controllers/concerns/switch_locale.rb:39:in 'SwitchLocale#set_locale'
  /home/youssef/Documents/chatwoot/app/controllers/concerns/switch_locale.rb:18:in 'SwitchLocale#switch_locale_using_account_locale'
  /home/youssef/Documents/chatwoot/app/controllers/concerns/request_exception_handler.rb:11:in 'RequestExceptionHandler#handle_with_exception'
  /home/youssef/Documents/chatwoot/app/controllers/concerns/switch_locale.rb:39:in 'SwitchLocale#set_locale'
  /home/youssef/Documents/chatwoot/app/controllers/concerns/switch_locale.rb:13:in 'SwitchLocale#switch_locale'

2025-06-18 18:07:29[WARN] user: youssef
GET /super_admin/accounts
Need Counter Cache with Active Record size
  Account => [:conversations]

2025-06-18 18:07:29[WARN] user: youssef
GET /super_admin/accounts
USE eager loading detected
  Account => [:conversations]
  Add to your query: .includes([:conversations])
Call stack
  /home/youssef/Documents/chatwoot/app/fields/count_field.rb:5:in 'CountField#to_s'
  /home/youssef/Documents/chatwoot/app/views/fields/count_field/_index.html.erb:1:in '_app_views_fields_count_field__index_html_erb___2063901121565849408_119080'
  /home/youssef/Documents/chatwoot/app/views/super_admin/application/_collection.html.erb:69:in 'block (2 levels) in _app_views_super_admin_application__collection_html_erb___3248832118011443066_122472'
  /home/youssef/Documents/chatwoot/app/views/super_admin/application/_collection.html.erb:63:in 'Array#each'
  /home/youssef/Documents/chatwoot/app/views/super_admin/application/_collection.html.erb:63:in 'block in _app_views_super_admin_application__collection_html_erb___3248832118011443066_122472'
  /home/youssef/Documents/chatwoot/app/views/super_admin/application/_collection.html.erb:56:in '_app_views_super_admin_application__collection_html_erb___3248832118011443066_122472'
  /home/youssef/Documents/chatwoot/app/views/super_admin/application/index.html.erb:65:in '_app_views_super_admin_application_index_html_erb___211894429741827360_118952'

2025-06-18 18:10:04[WARN] user: youssef
GET /auth/validate_token
USE eager loading detected
  AccountUser => [:account]
  Add to your query: .includes([:account])
Call stack
  /home/youssef/Documents/chatwoot/app/views/api/v1/models/_user.json.jbuilder:23:in 'block (2 levels) in _app_views_api_v__models__user_json_jbuilder__2965860334396465759_185232'
  /home/youssef/Documents/chatwoot/app/views/api/v1/models/_user.json.jbuilder:21:in 'block in _app_views_api_v__models__user_json_jbuilder__2965860334396465759_185232'
  /home/youssef/Documents/chatwoot/app/views/api/v1/models/_user.json.jbuilder:20:in '_app_views_api_v__models__user_json_jbuilder__2965860334396465759_185232'
  /home/youssef/Documents/chatwoot/app/views/devise/_auth.json.jbuilder:2:in 'block in _app_views_devise__auth_json_jbuilder___1487089076215575148_185224'
  /home/youssef/Documents/chatwoot/app/views/devise/_auth.json.jbuilder:1:in '_app_views_devise__auth_json_jbuilder___1487089076215575148_185224'
  /home/youssef/Documents/chatwoot/app/views/devise/token.json.jbuilder:3:in 'block in _app_views_devise_token_json_jbuilder__1706390019941215738_185216'
  /home/youssef/Documents/chatwoot/app/views/devise/token.json.jbuilder:1:in '_app_views_devise_token_json_jbuilder__1706390019941215738_185216'
  /home/youssef/Documents/chatwoot/app/controllers/devise_overrides/token_validations_controller.rb:5:in 'DeviseOverrides::TokenValidationsController#validate_token'
  /home/youssef/Documents/chatwoot/app/controllers/concerns/switch_locale.rb:39:in 'SwitchLocale#set_locale'
  /home/youssef/Documents/chatwoot/app/controllers/concerns/switch_locale.rb:13:in 'SwitchLocale#switch_locale'

2025-06-18 18:10:04[WARN] user: youssef
GET /auth/validate_token
USE eager loading detected
  AccountUser => [:custom_role]
  Add to your query: .includes([:custom_role])
Call stack
  /home/youssef/Documents/chatwoot/app/views/api/v1/models/_user.json.jbuilder:23:in 'block (2 levels) in _app_views_api_v__models__user_json_jbuilder__2965860334396465759_185232'
  /home/youssef/Documents/chatwoot/app/views/api/v1/models/_user.json.jbuilder:21:in 'block in _app_views_api_v__models__user_json_jbuilder__2965860334396465759_185232'
  /home/youssef/Documents/chatwoot/app/views/api/v1/models/_user.json.jbuilder:20:in '_app_views_api_v__models__user_json_jbuilder__2965860334396465759_185232'
  /home/youssef/Documents/chatwoot/app/views/devise/_auth.json.jbuilder:2:in 'block in _app_views_devise__auth_json_jbuilder___1487089076215575148_185224'
  /home/youssef/Documents/chatwoot/app/views/devise/_auth.json.jbuilder:1:in '_app_views_devise__auth_json_jbuilder___1487089076215575148_185224'
  /home/youssef/Documents/chatwoot/app/views/devise/token.json.jbuilder:3:in 'block in _app_views_devise_token_json_jbuilder__1706390019941215738_185216'
  /home/youssef/Documents/chatwoot/app/views/devise/token.json.jbuilder:1:in '_app_views_devise_token_json_jbuilder__1706390019941215738_185216'
  /home/youssef/Documents/chatwoot/app/controllers/devise_overrides/token_validations_controller.rb:5:in 'DeviseOverrides::TokenValidationsController#validate_token'
  /home/youssef/Documents/chatwoot/app/controllers/concerns/switch_locale.rb:39:in 'SwitchLocale#set_locale'
  /home/youssef/Documents/chatwoot/app/controllers/concerns/switch_locale.rb:13:in 'SwitchLocale#switch_locale'

2025-06-18 18:10:05[WARN] user: youssef
PUT /api/v1/profile
USE eager loading detected
  AccountUser => [:account]
  Add to your query: .includes([:account])
Call stack
  /home/youssef/Documents/chatwoot/app/views/api/v1/models/_user.json.jbuilder:23:in 'block (2 levels) in _app_views_api_v__models__user_json_jbuilder__2965860334396465759_185232'
  /home/youssef/Documents/chatwoot/app/views/api/v1/models/_user.json.jbuilder:21:in 'block in _app_views_api_v__models__user_json_jbuilder__2965860334396465759_185232'
  /home/youssef/Documents/chatwoot/app/views/api/v1/models/_user.json.jbuilder:20:in '_app_views_api_v__models__user_json_jbuilder__2965860334396465759_185232'
  /home/youssef/Documents/chatwoot/app/views/api/v1/profiles/update.json.jbuilder:1:in '_app_views_api_v__profiles_update_json_jbuilder___1081017662529953658_186616'
  /home/youssef/Documents/chatwoot/app/controllers/concerns/request_exception_handler.rb:11:in 'RequestExceptionHandler#handle_with_exception'
  /home/youssef/Documents/chatwoot/app/controllers/concerns/switch_locale.rb:39:in 'SwitchLocale#set_locale'
  /home/youssef/Documents/chatwoot/app/controllers/concerns/switch_locale.rb:13:in 'SwitchLocale#switch_locale'

2025-06-18 18:10:05[WARN] user: youssef
PUT /api/v1/profile
USE eager loading detected
  AccountUser => [:custom_role]
  Add to your query: .includes([:custom_role])
Call stack
  /home/youssef/Documents/chatwoot/app/views/api/v1/models/_user.json.jbuilder:23:in 'block (2 levels) in _app_views_api_v__models__user_json_jbuilder__2965860334396465759_185232'
  /home/youssef/Documents/chatwoot/app/views/api/v1/models/_user.json.jbuilder:21:in 'block in _app_views_api_v__models__user_json_jbuilder__2965860334396465759_185232'
  /home/youssef/Documents/chatwoot/app/views/api/v1/models/_user.json.jbuilder:20:in '_app_views_api_v__models__user_json_jbuilder__2965860334396465759_185232'
  /home/youssef/Documents/chatwoot/app/views/api/v1/profiles/update.json.jbuilder:1:in '_app_views_api_v__profiles_update_json_jbuilder___1081017662529953658_186616'
  /home/youssef/Documents/chatwoot/app/controllers/concerns/request_exception_handler.rb:11:in 'RequestExceptionHandler#handle_with_exception'
  /home/youssef/Documents/chatwoot/app/controllers/concerns/switch_locale.rb:39:in 'SwitchLocale#set_locale'
  /home/youssef/Documents/chatwoot/app/controllers/concerns/switch_locale.rb:13:in 'SwitchLocale#switch_locale'

2025-06-18 18:10:26[WARN] user: youssef
GET /auth/validate_token
USE eager loading detected
  AccountUser => [:account]
  Add to your query: .includes([:account])
Call stack
  /home/youssef/Documents/chatwoot/app/views/api/v1/models/_user.json.jbuilder:23:in 'block (2 levels) in _app_views_api_v__models__user_json_jbuilder__2965860334396465759_247544'
  /home/youssef/Documents/chatwoot/app/views/api/v1/models/_user.json.jbuilder:21:in 'block in _app_views_api_v__models__user_json_jbuilder__2965860334396465759_247544'
  /home/youssef/Documents/chatwoot/app/views/api/v1/models/_user.json.jbuilder:20:in '_app_views_api_v__models__user_json_jbuilder__2965860334396465759_247544'
  /home/youssef/Documents/chatwoot/app/views/devise/_auth.json.jbuilder:2:in 'block in _app_views_devise__auth_json_jbuilder___1487089076215575148_247536'
  /home/youssef/Documents/chatwoot/app/views/devise/_auth.json.jbuilder:1:in '_app_views_devise__auth_json_jbuilder___1487089076215575148_247536'
  /home/youssef/Documents/chatwoot/app/views/devise/token.json.jbuilder:3:in 'block in _app_views_devise_token_json_jbuilder__1706390019941215738_247528'
  /home/youssef/Documents/chatwoot/app/views/devise/token.json.jbuilder:1:in '_app_views_devise_token_json_jbuilder__1706390019941215738_247528'
  /home/youssef/Documents/chatwoot/app/controllers/devise_overrides/token_validations_controller.rb:5:in 'DeviseOverrides::TokenValidationsController#validate_token'
  /home/youssef/Documents/chatwoot/app/controllers/concerns/switch_locale.rb:39:in 'SwitchLocale#set_locale'
  /home/youssef/Documents/chatwoot/app/controllers/concerns/switch_locale.rb:13:in 'SwitchLocale#switch_locale'

2025-06-18 18:10:26[WARN] user: youssef
GET /auth/validate_token
USE eager loading detected
  AccountUser => [:custom_role]
  Add to your query: .includes([:custom_role])
Call stack
  /home/youssef/Documents/chatwoot/app/views/api/v1/models/_user.json.jbuilder:23:in 'block (2 levels) in _app_views_api_v__models__user_json_jbuilder__2965860334396465759_247544'
  /home/youssef/Documents/chatwoot/app/views/api/v1/models/_user.json.jbuilder:21:in 'block in _app_views_api_v__models__user_json_jbuilder__2965860334396465759_247544'
  /home/youssef/Documents/chatwoot/app/views/api/v1/models/_user.json.jbuilder:20:in '_app_views_api_v__models__user_json_jbuilder__2965860334396465759_247544'
  /home/youssef/Documents/chatwoot/app/views/devise/_auth.json.jbuilder:2:in 'block in _app_views_devise__auth_json_jbuilder___1487089076215575148_247536'
  /home/youssef/Documents/chatwoot/app/views/devise/_auth.json.jbuilder:1:in '_app_views_devise__auth_json_jbuilder___1487089076215575148_247536'
  /home/youssef/Documents/chatwoot/app/views/devise/token.json.jbuilder:3:in 'block in _app_views_devise_token_json_jbuilder__1706390019941215738_247528'
  /home/youssef/Documents/chatwoot/app/views/devise/token.json.jbuilder:1:in '_app_views_devise_token_json_jbuilder__1706390019941215738_247528'
  /home/youssef/Documents/chatwoot/app/controllers/devise_overrides/token_validations_controller.rb:5:in 'DeviseOverrides::TokenValidationsController#validate_token'
  /home/youssef/Documents/chatwoot/app/controllers/concerns/switch_locale.rb:39:in 'SwitchLocale#set_locale'
  /home/youssef/Documents/chatwoot/app/controllers/concerns/switch_locale.rb:13:in 'SwitchLocale#switch_locale'

2025-06-18 18:10:28[WARN] user: youssef
PUT /api/v1/profile
USE eager loading detected
  AccountUser => [:account]
  Add to your query: .includes([:account])
Call stack
  /home/youssef/Documents/chatwoot/app/views/api/v1/models/_user.json.jbuilder:23:in 'block (2 levels) in _app_views_api_v__models__user_json_jbuilder__2965860334396465759_247544'
  /home/youssef/Documents/chatwoot/app/views/api/v1/models/_user.json.jbuilder:21:in 'block in _app_views_api_v__models__user_json_jbuilder__2965860334396465759_247544'
  /home/youssef/Documents/chatwoot/app/views/api/v1/models/_user.json.jbuilder:20:in '_app_views_api_v__models__user_json_jbuilder__2965860334396465759_247544'
  /home/youssef/Documents/chatwoot/app/views/api/v1/profiles/update.json.jbuilder:1:in '_app_views_api_v__profiles_update_json_jbuilder___1081017662529953658_248904'
  /home/youssef/Documents/chatwoot/app/controllers/concerns/request_exception_handler.rb:11:in 'RequestExceptionHandler#handle_with_exception'
  /home/youssef/Documents/chatwoot/app/controllers/concerns/switch_locale.rb:39:in 'SwitchLocale#set_locale'
  /home/youssef/Documents/chatwoot/app/controllers/concerns/switch_locale.rb:13:in 'SwitchLocale#switch_locale'

2025-06-18 18:10:28[WARN] user: youssef
PUT /api/v1/profile
USE eager loading detected
  AccountUser => [:custom_role]
  Add to your query: .includes([:custom_role])
Call stack
  /home/youssef/Documents/chatwoot/app/views/api/v1/models/_user.json.jbuilder:23:in 'block (2 levels) in _app_views_api_v__models__user_json_jbuilder__2965860334396465759_247544'
  /home/youssef/Documents/chatwoot/app/views/api/v1/models/_user.json.jbuilder:21:in 'block in _app_views_api_v__models__user_json_jbuilder__2965860334396465759_247544'
  /home/youssef/Documents/chatwoot/app/views/api/v1/models/_user.json.jbuilder:20:in '_app_views_api_v__models__user_json_jbuilder__2965860334396465759_247544'
  /home/youssef/Documents/chatwoot/app/views/api/v1/profiles/update.json.jbuilder:1:in '_app_views_api_v__profiles_update_json_jbuilder___1081017662529953658_248904'
  /home/youssef/Documents/chatwoot/app/controllers/concerns/request_exception_handler.rb:11:in 'RequestExceptionHandler#handle_with_exception'
  /home/youssef/Documents/chatwoot/app/controllers/concerns/switch_locale.rb:39:in 'SwitchLocale#set_locale'
  /home/youssef/Documents/chatwoot/app/controllers/concerns/switch_locale.rb:13:in 'SwitchLocale#switch_locale'

2025-06-18 18:16:29[WARN] user: youssef
GET /auth/validate_token
USE eager loading detected
  AccountUser => [:account]
  Add to your query: .includes([:account])
Call stack
  /home/youssef/Documents/chatwoot/app/views/api/v1/models/_user.json.jbuilder:23:in 'block (2 levels) in _app_views_api_v__models__user_json_jbuilder__4173690750534193529_92048'
  /home/youssef/Documents/chatwoot/app/views/api/v1/models/_user.json.jbuilder:21:in 'block in _app_views_api_v__models__user_json_jbuilder__4173690750534193529_92048'
  /home/youssef/Documents/chatwoot/app/views/api/v1/models/_user.json.jbuilder:20:in '_app_views_api_v__models__user_json_jbuilder__4173690750534193529_92048'
  /home/youssef/Documents/chatwoot/app/views/devise/_auth.json.jbuilder:2:in 'block in _app_views_devise__auth_json_jbuilder__106157327217356041_92040'
  /home/youssef/Documents/chatwoot/app/views/devise/_auth.json.jbuilder:1:in '_app_views_devise__auth_json_jbuilder__106157327217356041_92040'
  /home/youssef/Documents/chatwoot/app/views/devise/token.json.jbuilder:3:in 'block in _app_views_devise_token_json_jbuilder___1895183154064782013_92032'
  /home/youssef/Documents/chatwoot/app/views/devise/token.json.jbuilder:1:in '_app_views_devise_token_json_jbuilder___1895183154064782013_92032'
  /home/youssef/Documents/chatwoot/app/controllers/devise_overrides/token_validations_controller.rb:5:in 'DeviseOverrides::TokenValidationsController#validate_token'
  /home/youssef/Documents/chatwoot/app/controllers/concerns/switch_locale.rb:39:in 'SwitchLocale#set_locale'
  /home/youssef/Documents/chatwoot/app/controllers/concerns/switch_locale.rb:13:in 'SwitchLocale#switch_locale'

2025-06-18 18:16:29[WARN] user: youssef
GET /auth/validate_token
USE eager loading detected
  AccountUser => [:custom_role]
  Add to your query: .includes([:custom_role])
Call stack
  /home/youssef/Documents/chatwoot/app/views/api/v1/models/_user.json.jbuilder:23:in 'block (2 levels) in _app_views_api_v__models__user_json_jbuilder__4173690750534193529_92048'
  /home/youssef/Documents/chatwoot/app/views/api/v1/models/_user.json.jbuilder:21:in 'block in _app_views_api_v__models__user_json_jbuilder__4173690750534193529_92048'
  /home/youssef/Documents/chatwoot/app/views/api/v1/models/_user.json.jbuilder:20:in '_app_views_api_v__models__user_json_jbuilder__4173690750534193529_92048'
  /home/youssef/Documents/chatwoot/app/views/devise/_auth.json.jbuilder:2:in 'block in _app_views_devise__auth_json_jbuilder__106157327217356041_92040'
  /home/youssef/Documents/chatwoot/app/views/devise/_auth.json.jbuilder:1:in '_app_views_devise__auth_json_jbuilder__106157327217356041_92040'
  /home/youssef/Documents/chatwoot/app/views/devise/token.json.jbuilder:3:in 'block in _app_views_devise_token_json_jbuilder___1895183154064782013_92032'
  /home/youssef/Documents/chatwoot/app/views/devise/token.json.jbuilder:1:in '_app_views_devise_token_json_jbuilder___1895183154064782013_92032'
  /home/youssef/Documents/chatwoot/app/controllers/devise_overrides/token_validations_controller.rb:5:in 'DeviseOverrides::TokenValidationsController#validate_token'
  /home/youssef/Documents/chatwoot/app/controllers/concerns/switch_locale.rb:39:in 'SwitchLocale#set_locale'
  /home/youssef/Documents/chatwoot/app/controllers/concerns/switch_locale.rb:13:in 'SwitchLocale#switch_locale'

2025-06-18 18:16:30[WARN] user: youssef
PUT /api/v1/profile
USE eager loading detected
  AccountUser => [:account]
  Add to your query: .includes([:account])
Call stack
  /home/youssef/Documents/chatwoot/app/views/api/v1/models/_user.json.jbuilder:23:in 'block (2 levels) in _app_views_api_v__models__user_json_jbuilder__4173690750534193529_92048'
  /home/youssef/Documents/chatwoot/app/views/api/v1/models/_user.json.jbuilder:21:in 'block in _app_views_api_v__models__user_json_jbuilder__4173690750534193529_92048'
  /home/youssef/Documents/chatwoot/app/views/api/v1/models/_user.json.jbuilder:20:in '_app_views_api_v__models__user_json_jbuilder__4173690750534193529_92048'
  /home/youssef/Documents/chatwoot/app/views/api/v1/profiles/update.json.jbuilder:1:in '_app_views_api_v__profiles_update_json_jbuilder___2810249832766918786_93536'
  /home/youssef/Documents/chatwoot/app/controllers/concerns/request_exception_handler.rb:11:in 'RequestExceptionHandler#handle_with_exception'
  /home/youssef/Documents/chatwoot/app/controllers/concerns/switch_locale.rb:39:in 'SwitchLocale#set_locale'
  /home/youssef/Documents/chatwoot/app/controllers/concerns/switch_locale.rb:13:in 'SwitchLocale#switch_locale'

2025-06-18 18:16:30[WARN] user: youssef
PUT /api/v1/profile
USE eager loading detected
  AccountUser => [:custom_role]
  Add to your query: .includes([:custom_role])
Call stack
  /home/youssef/Documents/chatwoot/app/views/api/v1/models/_user.json.jbuilder:23:in 'block (2 levels) in _app_views_api_v__models__user_json_jbuilder__4173690750534193529_92048'
  /home/youssef/Documents/chatwoot/app/views/api/v1/models/_user.json.jbuilder:21:in 'block in _app_views_api_v__models__user_json_jbuilder__4173690750534193529_92048'
  /home/youssef/Documents/chatwoot/app/views/api/v1/models/_user.json.jbuilder:20:in '_app_views_api_v__models__user_json_jbuilder__4173690750534193529_92048'
  /home/youssef/Documents/chatwoot/app/views/api/v1/profiles/update.json.jbuilder:1:in '_app_views_api_v__profiles_update_json_jbuilder___2810249832766918786_93536'
  /home/youssef/Documents/chatwoot/app/controllers/concerns/request_exception_handler.rb:11:in 'RequestExceptionHandler#handle_with_exception'
  /home/youssef/Documents/chatwoot/app/controllers/concerns/switch_locale.rb:39:in 'SwitchLocale#set_locale'
  /home/youssef/Documents/chatwoot/app/controllers/concerns/switch_locale.rb:13:in 'SwitchLocale#switch_locale'

2025-06-18 18:28:32[WARN] user: youssef
GET /auth/validate_token
USE eager loading detected
  AccountUser => [:account]
  Add to your query: .includes([:account])
Call stack
  /home/youssef/Documents/chatwoot/app/views/api/v1/models/_user.json.jbuilder:23:in 'block (2 levels) in _app_views_api_v__models__user_json_jbuilder__3403748217377989513_92064'
  /home/youssef/Documents/chatwoot/app/views/api/v1/models/_user.json.jbuilder:21:in 'block in _app_views_api_v__models__user_json_jbuilder__3403748217377989513_92064'
  /home/youssef/Documents/chatwoot/app/views/api/v1/models/_user.json.jbuilder:20:in '_app_views_api_v__models__user_json_jbuilder__3403748217377989513_92064'
  /home/youssef/Documents/chatwoot/app/views/devise/_auth.json.jbuilder:2:in 'block in _app_views_devise__auth_json_jbuilder___3728514786251486396_92056'
  /home/youssef/Documents/chatwoot/app/views/devise/_auth.json.jbuilder:1:in '_app_views_devise__auth_json_jbuilder___3728514786251486396_92056'
  /home/youssef/Documents/chatwoot/app/views/devise/token.json.jbuilder:3:in 'block in _app_views_devise_token_json_jbuilder___399541906676386362_92048'
  /home/youssef/Documents/chatwoot/app/views/devise/token.json.jbuilder:1:in '_app_views_devise_token_json_jbuilder___399541906676386362_92048'
  /home/youssef/Documents/chatwoot/app/controllers/devise_overrides/token_validations_controller.rb:5:in 'DeviseOverrides::TokenValidationsController#validate_token'
  /home/youssef/Documents/chatwoot/app/controllers/concerns/switch_locale.rb:39:in 'SwitchLocale#set_locale'
  /home/youssef/Documents/chatwoot/app/controllers/concerns/switch_locale.rb:13:in 'SwitchLocale#switch_locale'

2025-06-18 18:28:32[WARN] user: youssef
GET /auth/validate_token
USE eager loading detected
  AccountUser => [:custom_role]
  Add to your query: .includes([:custom_role])
Call stack
  /home/youssef/Documents/chatwoot/app/views/api/v1/models/_user.json.jbuilder:23:in 'block (2 levels) in _app_views_api_v__models__user_json_jbuilder__3403748217377989513_92064'
  /home/youssef/Documents/chatwoot/app/views/api/v1/models/_user.json.jbuilder:21:in 'block in _app_views_api_v__models__user_json_jbuilder__3403748217377989513_92064'
  /home/youssef/Documents/chatwoot/app/views/api/v1/models/_user.json.jbuilder:20:in '_app_views_api_v__models__user_json_jbuilder__3403748217377989513_92064'
  /home/youssef/Documents/chatwoot/app/views/devise/_auth.json.jbuilder:2:in 'block in _app_views_devise__auth_json_jbuilder___3728514786251486396_92056'
  /home/youssef/Documents/chatwoot/app/views/devise/_auth.json.jbuilder:1:in '_app_views_devise__auth_json_jbuilder___3728514786251486396_92056'
  /home/youssef/Documents/chatwoot/app/views/devise/token.json.jbuilder:3:in 'block in _app_views_devise_token_json_jbuilder___399541906676386362_92048'
  /home/youssef/Documents/chatwoot/app/views/devise/token.json.jbuilder:1:in '_app_views_devise_token_json_jbuilder___399541906676386362_92048'
  /home/youssef/Documents/chatwoot/app/controllers/devise_overrides/token_validations_controller.rb:5:in 'DeviseOverrides::TokenValidationsController#validate_token'
  /home/youssef/Documents/chatwoot/app/controllers/concerns/switch_locale.rb:39:in 'SwitchLocale#set_locale'
  /home/youssef/Documents/chatwoot/app/controllers/concerns/switch_locale.rb:13:in 'SwitchLocale#switch_locale'

2025-06-18 18:28:33[WARN] user: youssef
PUT /api/v1/profile
USE eager loading detected
  AccountUser => [:account]
  Add to your query: .includes([:account])
Call stack
  /home/youssef/Documents/chatwoot/app/views/api/v1/models/_user.json.jbuilder:23:in 'block (2 levels) in _app_views_api_v__models__user_json_jbuilder__3403748217377989513_92064'
  /home/youssef/Documents/chatwoot/app/views/api/v1/models/_user.json.jbuilder:21:in 'block in _app_views_api_v__models__user_json_jbuilder__3403748217377989513_92064'
  /home/youssef/Documents/chatwoot/app/views/api/v1/models/_user.json.jbuilder:20:in '_app_views_api_v__models__user_json_jbuilder__3403748217377989513_92064'
  /home/youssef/Documents/chatwoot/app/views/api/v1/profiles/update.json.jbuilder:1:in '_app_views_api_v__profiles_update_json_jbuilder__3913823660366066670_93816'
  /home/youssef/Documents/chatwoot/app/controllers/concerns/request_exception_handler.rb:11:in 'RequestExceptionHandler#handle_with_exception'
  /home/youssef/Documents/chatwoot/app/controllers/concerns/switch_locale.rb:39:in 'SwitchLocale#set_locale'
  /home/youssef/Documents/chatwoot/app/controllers/concerns/switch_locale.rb:13:in 'SwitchLocale#switch_locale'

2025-06-18 18:28:33[WARN] user: youssef
PUT /api/v1/profile
USE eager loading detected
  AccountUser => [:custom_role]
  Add to your query: .includes([:custom_role])
Call stack
  /home/youssef/Documents/chatwoot/app/views/api/v1/models/_user.json.jbuilder:23:in 'block (2 levels) in _app_views_api_v__models__user_json_jbuilder__3403748217377989513_92064'
  /home/youssef/Documents/chatwoot/app/views/api/v1/models/_user.json.jbuilder:21:in 'block in _app_views_api_v__models__user_json_jbuilder__3403748217377989513_92064'
  /home/youssef/Documents/chatwoot/app/views/api/v1/models/_user.json.jbuilder:20:in '_app_views_api_v__models__user_json_jbuilder__3403748217377989513_92064'
  /home/youssef/Documents/chatwoot/app/views/api/v1/profiles/update.json.jbuilder:1:in '_app_views_api_v__profiles_update_json_jbuilder__3913823660366066670_93816'
  /home/youssef/Documents/chatwoot/app/controllers/concerns/request_exception_handler.rb:11:in 'RequestExceptionHandler#handle_with_exception'
  /home/youssef/Documents/chatwoot/app/controllers/concerns/switch_locale.rb:39:in 'SwitchLocale#set_locale'
  /home/youssef/Documents/chatwoot/app/controllers/concerns/switch_locale.rb:13:in 'SwitchLocale#switch_locale'

2025-06-18 18:32:39[WARN] user: youssef
GET /super_admin/accounts
Need Counter Cache with Active Record size
  Account => [:conversations]

2025-06-18 18:32:39[WARN] user: youssef
GET /super_admin/accounts
USE eager loading detected
  Account => [:conversations]
  Add to your query: .includes([:conversations])
Call stack
  /home/youssef/Documents/chatwoot/app/fields/count_field.rb:5:in 'CountField#to_s'
  /home/youssef/Documents/chatwoot/app/views/fields/count_field/_index.html.erb:1:in '_app_views_fields_count_field__index_html_erb___2419949953585773129_98960'
  /home/youssef/Documents/chatwoot/app/views/super_admin/application/_collection.html.erb:69:in 'block (2 levels) in _app_views_super_admin_application__collection_html_erb__3176654445889603134_98888'
  /home/youssef/Documents/chatwoot/app/views/super_admin/application/_collection.html.erb:63:in 'Array#each'
  /home/youssef/Documents/chatwoot/app/views/super_admin/application/_collection.html.erb:63:in 'block in _app_views_super_admin_application__collection_html_erb__3176654445889603134_98888'
  /home/youssef/Documents/chatwoot/app/views/super_admin/application/_collection.html.erb:56:in '_app_views_super_admin_application__collection_html_erb__3176654445889603134_98888'
  /home/youssef/Documents/chatwoot/app/views/super_admin/application/index.html.erb:65:in '_app_views_super_admin_application_index_html_erb__2448269316347847544_98848'

2025-06-18 18:32:43[WARN] user: youssef
GET /super_admin/users/1
USE eager loading detected
  User => [:account_users]
  Add to your query: .includes([:account_users])
Call stack
  /home/youssef/Documents/chatwoot/app/models/concerns/avatarable.rb:14:in 'Avatarable#avatar_url'
  /home/youssef/Documents/chatwoot/app/views/super_admin/users/show.html.erb:37:in '_app_views_super_admin_users_show_html_erb___1921220599059001981_100296'

2025-06-18 18:32:43[WARN] user: youssef
GET /super_admin/users/1
AVOID eager loading detected
  SuperAdmin => [:avatar_attachment]
  Remove from your query: .includes([:avatar_attachment])
Call stack
  /home/youssef/Documents/chatwoot/app/controllers/super_admin/users_controller.rb:68:in 'SuperAdmin::UsersController#find_resource'

2025-06-18 18:32:43[WARN] user: youssef
GET /super_admin/users/1
AVOID eager loading detected
  AccountUser => [:user]
  Remove from your query: .includes([:user])
Call stack
  /home/youssef/Documents/chatwoot/app/views/super_admin/users/_collection.html.erb:56:in '_app_views_super_admin_users__collection_html_erb__2669118269183239968_100456'
  /home/youssef/Documents/chatwoot/app/views/super_admin/users/show.html.erb:52:in 'block (2 levels) in _app_views_super_admin_users_show_html_erb___1921220599059001981_100296'
  /home/youssef/Documents/chatwoot/app/views/super_admin/users/show.html.erb:43:in 'Array#each'
  /home/youssef/Documents/chatwoot/app/views/super_admin/users/show.html.erb:43:in 'block in _app_views_super_admin_users_show_html_erb___1921220599059001981_100296'
  /home/youssef/Documents/chatwoot/app/views/super_admin/users/show.html.erb:37:in 'Hash#each'
  /home/youssef/Documents/chatwoot/app/views/super_admin/users/show.html.erb:37:in '_app_views_super_admin_users_show_html_erb___1921220599059001981_100296'

2025-06-18 18:32:44[WARN] user: youssef
GET /super_admin/accounts
Need Counter Cache with Active Record size
  Account => [:conversations]

2025-06-18 18:32:44[WARN] user: youssef
GET /super_admin/accounts
USE eager loading detected
  Account => [:conversations]
  Add to your query: .includes([:conversations])
Call stack
  /home/youssef/Documents/chatwoot/app/fields/count_field.rb:5:in 'CountField#to_s'
  /home/youssef/Documents/chatwoot/app/views/fields/count_field/_index.html.erb:1:in '_app_views_fields_count_field__index_html_erb___2419949953585773129_98960'
  /home/youssef/Documents/chatwoot/app/views/super_admin/application/_collection.html.erb:69:in 'block (2 levels) in _app_views_super_admin_application__collection_html_erb__3176654445889603134_98888'
  /home/youssef/Documents/chatwoot/app/views/super_admin/application/_collection.html.erb:63:in 'Array#each'
  /home/youssef/Documents/chatwoot/app/views/super_admin/application/_collection.html.erb:63:in 'block in _app_views_super_admin_application__collection_html_erb__3176654445889603134_98888'
  /home/youssef/Documents/chatwoot/app/views/super_admin/application/_collection.html.erb:56:in '_app_views_super_admin_application__collection_html_erb__3176654445889603134_98888'
  /home/youssef/Documents/chatwoot/app/views/super_admin/application/index.html.erb:65:in '_app_views_super_admin_application_index_html_erb__2448269316347847544_98848'

2025-06-18 18:32:48[WARN] user: youssef
GET /super_admin/accounts/1
AVOID eager loading detected
  AccountUser => [:account]
  Remove from your query: .includes([:account])
Call stack
  /home/youssef/Documents/chatwoot/app/views/super_admin/application/_collection.html.erb:56:in '_app_views_super_admin_application__collection_html_erb__3176654445889603134_101984'
  /home/youssef/Documents/chatwoot/app/views/super_admin/accounts/show.html.erb:86:in 'block (2 levels) in _app_views_super_admin_accounts_show_html_erb___115117839499671532_101896'
  /home/youssef/Documents/chatwoot/app/views/super_admin/accounts/show.html.erb:78:in 'Array#each'
  /home/youssef/Documents/chatwoot/app/views/super_admin/accounts/show.html.erb:78:in 'block in _app_views_super_admin_accounts_show_html_erb___115117839499671532_101896'
  /home/youssef/Documents/chatwoot/app/views/super_admin/accounts/show.html.erb:36:in 'Hash#each'
  /home/youssef/Documents/chatwoot/app/views/super_admin/accounts/show.html.erb:36:in '_app_views_super_admin_accounts_show_html_erb___115117839499671532_101896'

2025-06-18 18:33:21[WARN] user: youssef
GET /super_admin/accounts/1
AVOID eager loading detected
  AccountUser => [:account]
  Remove from your query: .includes([:account])
Call stack
  /home/youssef/Documents/chatwoot/app/views/super_admin/application/_collection.html.erb:56:in '_app_views_super_admin_application__collection_html_erb__3176654445889603134_101984'
  /home/youssef/Documents/chatwoot/app/views/super_admin/accounts/show.html.erb:86:in 'block (2 levels) in _app_views_super_admin_accounts_show_html_erb___115117839499671532_101896'
  /home/youssef/Documents/chatwoot/app/views/super_admin/accounts/show.html.erb:78:in 'Array#each'
  /home/youssef/Documents/chatwoot/app/views/super_admin/accounts/show.html.erb:78:in 'block in _app_views_super_admin_accounts_show_html_erb___115117839499671532_101896'
  /home/youssef/Documents/chatwoot/app/views/super_admin/accounts/show.html.erb:36:in 'Hash#each'
  /home/youssef/Documents/chatwoot/app/views/super_admin/accounts/show.html.erb:36:in '_app_views_super_admin_accounts_show_html_erb___115117839499671532_101896'

2025-06-18 18:34:13[WARN] user: youssef
POST /api/v1/accounts/1/conversations/filter?page=1
AVOID eager loading detected
  Conversation => [:taggings, :assignee, :messages]
  Remove from your query: .includes([:taggings, :assignee, :messages])
Call stack
  /home/youssef/Documents/chatwoot/app/views/api/v1/accounts/conversations/filter.json.jbuilder:7:in 'block in _app_views_api_v__accounts_conversations_filter_json_jbuilder__44586205481587384_116096'
  /home/youssef/Documents/chatwoot/app/views/api/v1/accounts/conversations/filter.json.jbuilder:6:in '_app_views_api_v__accounts_conversations_filter_json_jbuilder__44586205481587384_116096'
  /home/youssef/Documents/chatwoot/app/controllers/concerns/switch_locale.rb:39:in 'SwitchLocale#set_locale'
  /home/youssef/Documents/chatwoot/app/controllers/concerns/switch_locale.rb:18:in 'SwitchLocale#switch_locale_using_account_locale'
  /home/youssef/Documents/chatwoot/app/controllers/concerns/request_exception_handler.rb:11:in 'RequestExceptionHandler#handle_with_exception'
  /home/youssef/Documents/chatwoot/app/controllers/concerns/switch_locale.rb:39:in 'SwitchLocale#set_locale'
  /home/youssef/Documents/chatwoot/app/controllers/concerns/switch_locale.rb:13:in 'SwitchLocale#switch_locale'

2025-06-18 18:34:14[WARN] user: youssef
GET /api/v1/accounts/1/contacts/1/contactable_inboxes
AVOID eager loading detected
  Contact => [:contact_inboxes]
  Remove from your query: .includes([:contact_inboxes])
Call stack
  /home/youssef/Documents/chatwoot/app/controllers/api/v1/accounts/contacts_controller.rb:187:in 'Api::V1::Accounts::ContactsController#fetch_contact'
  /home/youssef/Documents/chatwoot/app/controllers/concerns/switch_locale.rb:39:in 'SwitchLocale#set_locale'
  /home/youssef/Documents/chatwoot/app/controllers/concerns/switch_locale.rb:18:in 'SwitchLocale#switch_locale_using_account_locale'
  /home/youssef/Documents/chatwoot/app/controllers/concerns/request_exception_handler.rb:11:in 'RequestExceptionHandler#handle_with_exception'
  /home/youssef/Documents/chatwoot/app/controllers/concerns/switch_locale.rb:39:in 'SwitchLocale#set_locale'
  /home/youssef/Documents/chatwoot/app/controllers/concerns/switch_locale.rb:13:in 'SwitchLocale#switch_locale'

2025-06-18 18:34:14[WARN] user: youssef
GET /api/v1/accounts/1/contacts/1/contactable_inboxes
AVOID eager loading detected
  ContactInbox => [:inbox]
  Remove from your query: .includes([:inbox])
Call stack
  /home/youssef/Documents/chatwoot/app/controllers/api/v1/accounts/contacts_controller.rb:187:in 'Api::V1::Accounts::ContactsController#fetch_contact'
  /home/youssef/Documents/chatwoot/app/controllers/concerns/switch_locale.rb:39:in 'SwitchLocale#set_locale'
  /home/youssef/Documents/chatwoot/app/controllers/concerns/switch_locale.rb:18:in 'SwitchLocale#switch_locale_using_account_locale'
  /home/youssef/Documents/chatwoot/app/controllers/concerns/request_exception_handler.rb:11:in 'RequestExceptionHandler#handle_with_exception'
  /home/youssef/Documents/chatwoot/app/controllers/concerns/switch_locale.rb:39:in 'SwitchLocale#set_locale'
  /home/youssef/Documents/chatwoot/app/controllers/concerns/switch_locale.rb:13:in 'SwitchLocale#switch_locale'

2025-06-18 18:34:15[WARN] user: youssef
GET /api/v1/accounts/1/contacts/1?include_contact_inboxes=false
AVOID eager loading detected
  Contact => [:contact_inboxes]
  Remove from your query: .includes([:contact_inboxes])
Call stack
  /home/youssef/Documents/chatwoot/app/controllers/api/v1/accounts/contacts_controller.rb:187:in 'Api::V1::Accounts::ContactsController#fetch_contact'
  /home/youssef/Documents/chatwoot/app/controllers/concerns/switch_locale.rb:39:in 'SwitchLocale#set_locale'
  /home/youssef/Documents/chatwoot/app/controllers/concerns/switch_locale.rb:18:in 'SwitchLocale#switch_locale_using_account_locale'
  /home/youssef/Documents/chatwoot/app/controllers/concerns/request_exception_handler.rb:11:in 'RequestExceptionHandler#handle_with_exception'
  /home/youssef/Documents/chatwoot/app/controllers/concerns/switch_locale.rb:39:in 'SwitchLocale#set_locale'
  /home/youssef/Documents/chatwoot/app/controllers/concerns/switch_locale.rb:13:in 'SwitchLocale#switch_locale'

2025-06-18 18:34:15[WARN] user: youssef
GET /api/v1/accounts/1/contacts/1?include_contact_inboxes=false
AVOID eager loading detected
  ContactInbox => [:inbox]
  Remove from your query: .includes([:inbox])
Call stack
  /home/youssef/Documents/chatwoot/app/controllers/api/v1/accounts/contacts_controller.rb:187:in 'Api::V1::Accounts::ContactsController#fetch_contact'
  /home/youssef/Documents/chatwoot/app/controllers/concerns/switch_locale.rb:39:in 'SwitchLocale#set_locale'
  /home/youssef/Documents/chatwoot/app/controllers/concerns/switch_locale.rb:18:in 'SwitchLocale#switch_locale_using_account_locale'
  /home/youssef/Documents/chatwoot/app/controllers/concerns/request_exception_handler.rb:11:in 'RequestExceptionHandler#handle_with_exception'
  /home/youssef/Documents/chatwoot/app/controllers/concerns/switch_locale.rb:39:in 'SwitchLocale#set_locale'
  /home/youssef/Documents/chatwoot/app/controllers/concerns/switch_locale.rb:13:in 'SwitchLocale#switch_locale'

2025-06-18 18:34:26[WARN] user: youssef
PUT /api/v1/profile
USE eager loading detected
  AccountUser => [:account]
  Add to your query: .includes([:account])
Call stack
  /home/youssef/Documents/chatwoot/app/views/api/v1/models/_user.json.jbuilder:23:in 'block (2 levels) in _app_views_api_v__models__user_json_jbuilder__3403748217377989513_92064'
  /home/youssef/Documents/chatwoot/app/views/api/v1/models/_user.json.jbuilder:21:in 'block in _app_views_api_v__models__user_json_jbuilder__3403748217377989513_92064'
  /home/youssef/Documents/chatwoot/app/views/api/v1/models/_user.json.jbuilder:20:in '_app_views_api_v__models__user_json_jbuilder__3403748217377989513_92064'
  /home/youssef/Documents/chatwoot/app/views/api/v1/profiles/update.json.jbuilder:1:in '_app_views_api_v__profiles_update_json_jbuilder__3913823660366066670_93816'
  /home/youssef/Documents/chatwoot/app/controllers/concerns/request_exception_handler.rb:11:in 'RequestExceptionHandler#handle_with_exception'
  /home/youssef/Documents/chatwoot/app/controllers/concerns/switch_locale.rb:39:in 'SwitchLocale#set_locale'
  /home/youssef/Documents/chatwoot/app/controllers/concerns/switch_locale.rb:13:in 'SwitchLocale#switch_locale'

2025-06-18 18:34:26[WARN] user: youssef
PUT /api/v1/profile
USE eager loading detected
  AccountUser => [:custom_role]
  Add to your query: .includes([:custom_role])
Call stack
  /home/youssef/Documents/chatwoot/app/views/api/v1/models/_user.json.jbuilder:23:in 'block (2 levels) in _app_views_api_v__models__user_json_jbuilder__3403748217377989513_92064'
  /home/youssef/Documents/chatwoot/app/views/api/v1/models/_user.json.jbuilder:21:in 'block in _app_views_api_v__models__user_json_jbuilder__3403748217377989513_92064'
  /home/youssef/Documents/chatwoot/app/views/api/v1/models/_user.json.jbuilder:20:in '_app_views_api_v__models__user_json_jbuilder__3403748217377989513_92064'
  /home/youssef/Documents/chatwoot/app/views/api/v1/profiles/update.json.jbuilder:1:in '_app_views_api_v__profiles_update_json_jbuilder__3913823660366066670_93816'
  /home/youssef/Documents/chatwoot/app/controllers/concerns/request_exception_handler.rb:11:in 'RequestExceptionHandler#handle_with_exception'
  /home/youssef/Documents/chatwoot/app/controllers/concerns/switch_locale.rb:39:in 'SwitchLocale#set_locale'
  /home/youssef/Documents/chatwoot/app/controllers/concerns/switch_locale.rb:13:in 'SwitchLocale#switch_locale'

2025-06-18 18:34:27[WARN] user: youssef
PUT /api/v1/profile
USE eager loading detected
  AccountUser => [:account]
  Add to your query: .includes([:account])
Call stack
  /home/youssef/Documents/chatwoot/app/views/api/v1/models/_user.json.jbuilder:23:in 'block (2 levels) in _app_views_api_v__models__user_json_jbuilder__3403748217377989513_92064'
  /home/youssef/Documents/chatwoot/app/views/api/v1/models/_user.json.jbuilder:21:in 'block in _app_views_api_v__models__user_json_jbuilder__3403748217377989513_92064'
  /home/youssef/Documents/chatwoot/app/views/api/v1/models/_user.json.jbuilder:20:in '_app_views_api_v__models__user_json_jbuilder__3403748217377989513_92064'
  /home/youssef/Documents/chatwoot/app/views/api/v1/profiles/update.json.jbuilder:1:in '_app_views_api_v__profiles_update_json_jbuilder__3913823660366066670_93816'
  /home/youssef/Documents/chatwoot/app/controllers/concerns/request_exception_handler.rb:11:in 'RequestExceptionHandler#handle_with_exception'
  /home/youssef/Documents/chatwoot/app/controllers/concerns/switch_locale.rb:39:in 'SwitchLocale#set_locale'
  /home/youssef/Documents/chatwoot/app/controllers/concerns/switch_locale.rb:13:in 'SwitchLocale#switch_locale'

2025-06-18 18:34:27[WARN] user: youssef
PUT /api/v1/profile
USE eager loading detected
  AccountUser => [:custom_role]
  Add to your query: .includes([:custom_role])
Call stack
  /home/youssef/Documents/chatwoot/app/views/api/v1/models/_user.json.jbuilder:23:in 'block (2 levels) in _app_views_api_v__models__user_json_jbuilder__3403748217377989513_92064'
  /home/youssef/Documents/chatwoot/app/views/api/v1/models/_user.json.jbuilder:21:in 'block in _app_views_api_v__models__user_json_jbuilder__3403748217377989513_92064'
  /home/youssef/Documents/chatwoot/app/views/api/v1/models/_user.json.jbuilder:20:in '_app_views_api_v__models__user_json_jbuilder__3403748217377989513_92064'
  /home/youssef/Documents/chatwoot/app/views/api/v1/profiles/update.json.jbuilder:1:in '_app_views_api_v__profiles_update_json_jbuilder__3913823660366066670_93816'
  /home/youssef/Documents/chatwoot/app/controllers/concerns/request_exception_handler.rb:11:in 'RequestExceptionHandler#handle_with_exception'
  /home/youssef/Documents/chatwoot/app/controllers/concerns/switch_locale.rb:39:in 'SwitchLocale#set_locale'
  /home/youssef/Documents/chatwoot/app/controllers/concerns/switch_locale.rb:13:in 'SwitchLocale#switch_locale'

2025-06-18 18:34:28[WARN] user: youssef
PUT /api/v1/profile
USE eager loading detected
  AccountUser => [:account]
  Add to your query: .includes([:account])
Call stack
  /home/youssef/Documents/chatwoot/app/views/api/v1/models/_user.json.jbuilder:23:in 'block (2 levels) in _app_views_api_v__models__user_json_jbuilder__3403748217377989513_92064'
  /home/youssef/Documents/chatwoot/app/views/api/v1/models/_user.json.jbuilder:21:in 'block in _app_views_api_v__models__user_json_jbuilder__3403748217377989513_92064'
  /home/youssef/Documents/chatwoot/app/views/api/v1/models/_user.json.jbuilder:20:in '_app_views_api_v__models__user_json_jbuilder__3403748217377989513_92064'
  /home/youssef/Documents/chatwoot/app/views/api/v1/profiles/update.json.jbuilder:1:in '_app_views_api_v__profiles_update_json_jbuilder__3913823660366066670_93816'
  /home/youssef/Documents/chatwoot/app/controllers/concerns/request_exception_handler.rb:11:in 'RequestExceptionHandler#handle_with_exception'
  /home/youssef/Documents/chatwoot/app/controllers/concerns/switch_locale.rb:39:in 'SwitchLocale#set_locale'
  /home/youssef/Documents/chatwoot/app/controllers/concerns/switch_locale.rb:13:in 'SwitchLocale#switch_locale'

2025-06-18 18:34:28[WARN] user: youssef
PUT /api/v1/profile
USE eager loading detected
  AccountUser => [:custom_role]
  Add to your query: .includes([:custom_role])
Call stack
  /home/youssef/Documents/chatwoot/app/views/api/v1/models/_user.json.jbuilder:23:in 'block (2 levels) in _app_views_api_v__models__user_json_jbuilder__3403748217377989513_92064'
  /home/youssef/Documents/chatwoot/app/views/api/v1/models/_user.json.jbuilder:21:in 'block in _app_views_api_v__models__user_json_jbuilder__3403748217377989513_92064'
  /home/youssef/Documents/chatwoot/app/views/api/v1/models/_user.json.jbuilder:20:in '_app_views_api_v__models__user_json_jbuilder__3403748217377989513_92064'
  /home/youssef/Documents/chatwoot/app/views/api/v1/profiles/update.json.jbuilder:1:in '_app_views_api_v__profiles_update_json_jbuilder__3913823660366066670_93816'
  /home/youssef/Documents/chatwoot/app/controllers/concerns/request_exception_handler.rb:11:in 'RequestExceptionHandler#handle_with_exception'
  /home/youssef/Documents/chatwoot/app/controllers/concerns/switch_locale.rb:39:in 'SwitchLocale#set_locale'
  /home/youssef/Documents/chatwoot/app/controllers/concerns/switch_locale.rb:13:in 'SwitchLocale#switch_locale'

2025-06-18 18:34:28[WARN] user: youssef
GET /api/v1/accounts/1/contacts/1/conversations
AVOID eager loading detected
  Conversation => [:assignee, :taggings]
  Remove from your query: .includes([:assignee, :taggings])
Call stack
  /home/youssef/Documents/chatwoot/app/views/api/v1/accounts/contacts/conversations/index.json.jbuilder:2:in 'block in _app_views_api_v__accounts_contacts_conversations_index_json_jbuilder___1379241477076812546_119544'
  /home/youssef/Documents/chatwoot/app/views/api/v1/accounts/contacts/conversations/index.json.jbuilder:1:in '_app_views_api_v__accounts_contacts_conversations_index_json_jbuilder___1379241477076812546_119544'
  /home/youssef/Documents/chatwoot/app/controllers/concerns/switch_locale.rb:39:in 'SwitchLocale#set_locale'
  /home/youssef/Documents/chatwoot/app/controllers/concerns/switch_locale.rb:18:in 'SwitchLocale#switch_locale_using_account_locale'
  /home/youssef/Documents/chatwoot/app/controllers/concerns/request_exception_handler.rb:11:in 'RequestExceptionHandler#handle_with_exception'
  /home/youssef/Documents/chatwoot/app/controllers/concerns/switch_locale.rb:39:in 'SwitchLocale#set_locale'
  /home/youssef/Documents/chatwoot/app/controllers/concerns/switch_locale.rb:13:in 'SwitchLocale#switch_locale'

2025-06-18 18:34:29[WARN] user: youssef
PUT /api/v1/profile
USE eager loading detected
  AccountUser => [:account]
  Add to your query: .includes([:account])
Call stack
  /home/youssef/Documents/chatwoot/app/views/api/v1/models/_user.json.jbuilder:23:in 'block (2 levels) in _app_views_api_v__models__user_json_jbuilder__3403748217377989513_92064'
  /home/youssef/Documents/chatwoot/app/views/api/v1/models/_user.json.jbuilder:21:in 'block in _app_views_api_v__models__user_json_jbuilder__3403748217377989513_92064'
  /home/youssef/Documents/chatwoot/app/views/api/v1/models/_user.json.jbuilder:20:in '_app_views_api_v__models__user_json_jbuilder__3403748217377989513_92064'
  /home/youssef/Documents/chatwoot/app/views/api/v1/profiles/update.json.jbuilder:1:in '_app_views_api_v__profiles_update_json_jbuilder__3913823660366066670_93816'
  /home/youssef/Documents/chatwoot/app/controllers/concerns/request_exception_handler.rb:11:in 'RequestExceptionHandler#handle_with_exception'
  /home/youssef/Documents/chatwoot/app/controllers/concerns/switch_locale.rb:39:in 'SwitchLocale#set_locale'
  /home/youssef/Documents/chatwoot/app/controllers/concerns/switch_locale.rb:13:in 'SwitchLocale#switch_locale'

2025-06-18 18:34:29[WARN] user: youssef
PUT /api/v1/profile
USE eager loading detected
  AccountUser => [:custom_role]
  Add to your query: .includes([:custom_role])
Call stack
  /home/youssef/Documents/chatwoot/app/views/api/v1/models/_user.json.jbuilder:23:in 'block (2 levels) in _app_views_api_v__models__user_json_jbuilder__3403748217377989513_92064'
  /home/youssef/Documents/chatwoot/app/views/api/v1/models/_user.json.jbuilder:21:in 'block in _app_views_api_v__models__user_json_jbuilder__3403748217377989513_92064'
  /home/youssef/Documents/chatwoot/app/views/api/v1/models/_user.json.jbuilder:20:in '_app_views_api_v__models__user_json_jbuilder__3403748217377989513_92064'
  /home/youssef/Documents/chatwoot/app/views/api/v1/profiles/update.json.jbuilder:1:in '_app_views_api_v__profiles_update_json_jbuilder__3913823660366066670_93816'
  /home/youssef/Documents/chatwoot/app/controllers/concerns/request_exception_handler.rb:11:in 'RequestExceptionHandler#handle_with_exception'
  /home/youssef/Documents/chatwoot/app/controllers/concerns/switch_locale.rb:39:in 'SwitchLocale#set_locale'
  /home/youssef/Documents/chatwoot/app/controllers/concerns/switch_locale.rb:13:in 'SwitchLocale#switch_locale'

2025-06-18 18:34:29[WARN] user: youssef
PUT /api/v1/profile
USE eager loading detected
  AccountUser => [:account]
  Add to your query: .includes([:account])
Call stack
  /home/youssef/Documents/chatwoot/app/views/api/v1/models/_user.json.jbuilder:23:in 'block (2 levels) in _app_views_api_v__models__user_json_jbuilder__3403748217377989513_92064'
  /home/youssef/Documents/chatwoot/app/views/api/v1/models/_user.json.jbuilder:21:in 'block in _app_views_api_v__models__user_json_jbuilder__3403748217377989513_92064'
  /home/youssef/Documents/chatwoot/app/views/api/v1/models/_user.json.jbuilder:20:in '_app_views_api_v__models__user_json_jbuilder__3403748217377989513_92064'
  /home/youssef/Documents/chatwoot/app/views/api/v1/profiles/update.json.jbuilder:1:in '_app_views_api_v__profiles_update_json_jbuilder__3913823660366066670_93816'
  /home/youssef/Documents/chatwoot/app/controllers/concerns/request_exception_handler.rb:11:in 'RequestExceptionHandler#handle_with_exception'
  /home/youssef/Documents/chatwoot/app/controllers/concerns/switch_locale.rb:39:in 'SwitchLocale#set_locale'
  /home/youssef/Documents/chatwoot/app/controllers/concerns/switch_locale.rb:13:in 'SwitchLocale#switch_locale'

2025-06-18 18:34:29[WARN] user: youssef
PUT /api/v1/profile
USE eager loading detected
  AccountUser => [:custom_role]
  Add to your query: .includes([:custom_role])
Call stack
  /home/youssef/Documents/chatwoot/app/views/api/v1/models/_user.json.jbuilder:23:in 'block (2 levels) in _app_views_api_v__models__user_json_jbuilder__3403748217377989513_92064'
  /home/youssef/Documents/chatwoot/app/views/api/v1/models/_user.json.jbuilder:21:in 'block in _app_views_api_v__models__user_json_jbuilder__3403748217377989513_92064'
  /home/youssef/Documents/chatwoot/app/views/api/v1/models/_user.json.jbuilder:20:in '_app_views_api_v__models__user_json_jbuilder__3403748217377989513_92064'
  /home/youssef/Documents/chatwoot/app/views/api/v1/profiles/update.json.jbuilder:1:in '_app_views_api_v__profiles_update_json_jbuilder__3913823660366066670_93816'
  /home/youssef/Documents/chatwoot/app/controllers/concerns/request_exception_handler.rb:11:in 'RequestExceptionHandler#handle_with_exception'
  /home/youssef/Documents/chatwoot/app/controllers/concerns/switch_locale.rb:39:in 'SwitchLocale#set_locale'
  /home/youssef/Documents/chatwoot/app/controllers/concerns/switch_locale.rb:13:in 'SwitchLocale#switch_locale'

2025-06-18 18:34:30[WARN] user: youssef
PUT /api/v1/profile
USE eager loading detected
  AccountUser => [:account]
  Add to your query: .includes([:account])
Call stack
  /home/youssef/Documents/chatwoot/app/views/api/v1/models/_user.json.jbuilder:23:in 'block (2 levels) in _app_views_api_v__models__user_json_jbuilder__3403748217377989513_92064'
  /home/youssef/Documents/chatwoot/app/views/api/v1/models/_user.json.jbuilder:21:in 'block in _app_views_api_v__models__user_json_jbuilder__3403748217377989513_92064'
  /home/youssef/Documents/chatwoot/app/views/api/v1/models/_user.json.jbuilder:20:in '_app_views_api_v__models__user_json_jbuilder__3403748217377989513_92064'
  /home/youssef/Documents/chatwoot/app/views/api/v1/profiles/update.json.jbuilder:1:in '_app_views_api_v__profiles_update_json_jbuilder__3913823660366066670_93816'
  /home/youssef/Documents/chatwoot/app/controllers/concerns/request_exception_handler.rb:11:in 'RequestExceptionHandler#handle_with_exception'
  /home/youssef/Documents/chatwoot/app/controllers/concerns/switch_locale.rb:39:in 'SwitchLocale#set_locale'
  /home/youssef/Documents/chatwoot/app/controllers/concerns/switch_locale.rb:13:in 'SwitchLocale#switch_locale'

2025-06-18 18:34:30[WARN] user: youssef
PUT /api/v1/profile
USE eager loading detected
  AccountUser => [:custom_role]
  Add to your query: .includes([:custom_role])
Call stack
  /home/youssef/Documents/chatwoot/app/views/api/v1/models/_user.json.jbuilder:23:in 'block (2 levels) in _app_views_api_v__models__user_json_jbuilder__3403748217377989513_92064'
  /home/youssef/Documents/chatwoot/app/views/api/v1/models/_user.json.jbuilder:21:in 'block in _app_views_api_v__models__user_json_jbuilder__3403748217377989513_92064'
  /home/youssef/Documents/chatwoot/app/views/api/v1/models/_user.json.jbuilder:20:in '_app_views_api_v__models__user_json_jbuilder__3403748217377989513_92064'
  /home/youssef/Documents/chatwoot/app/views/api/v1/profiles/update.json.jbuilder:1:in '_app_views_api_v__profiles_update_json_jbuilder__3913823660366066670_93816'
  /home/youssef/Documents/chatwoot/app/controllers/concerns/request_exception_handler.rb:11:in 'RequestExceptionHandler#handle_with_exception'
  /home/youssef/Documents/chatwoot/app/controllers/concerns/switch_locale.rb:39:in 'SwitchLocale#set_locale'
  /home/youssef/Documents/chatwoot/app/controllers/concerns/switch_locale.rb:13:in 'SwitchLocale#switch_locale'

2025-06-18 18:34:31[WARN] user: youssef
PUT /api/v1/profile
USE eager loading detected
  AccountUser => [:account]
  Add to your query: .includes([:account])
Call stack
  /home/youssef/Documents/chatwoot/app/views/api/v1/models/_user.json.jbuilder:23:in 'block (2 levels) in _app_views_api_v__models__user_json_jbuilder__3403748217377989513_92064'
  /home/youssef/Documents/chatwoot/app/views/api/v1/models/_user.json.jbuilder:21:in 'block in _app_views_api_v__models__user_json_jbuilder__3403748217377989513_92064'
  /home/youssef/Documents/chatwoot/app/views/api/v1/models/_user.json.jbuilder:20:in '_app_views_api_v__models__user_json_jbuilder__3403748217377989513_92064'
  /home/youssef/Documents/chatwoot/app/views/api/v1/profiles/update.json.jbuilder:1:in '_app_views_api_v__profiles_update_json_jbuilder__3913823660366066670_93816'
  /home/youssef/Documents/chatwoot/app/controllers/concerns/request_exception_handler.rb:11:in 'RequestExceptionHandler#handle_with_exception'
  /home/youssef/Documents/chatwoot/app/controllers/concerns/switch_locale.rb:39:in 'SwitchLocale#set_locale'
  /home/youssef/Documents/chatwoot/app/controllers/concerns/switch_locale.rb:13:in 'SwitchLocale#switch_locale'

2025-06-18 18:34:31[WARN] user: youssef
PUT /api/v1/profile
USE eager loading detected
  AccountUser => [:custom_role]
  Add to your query: .includes([:custom_role])
Call stack
  /home/youssef/Documents/chatwoot/app/views/api/v1/models/_user.json.jbuilder:23:in 'block (2 levels) in _app_views_api_v__models__user_json_jbuilder__3403748217377989513_92064'
  /home/youssef/Documents/chatwoot/app/views/api/v1/models/_user.json.jbuilder:21:in 'block in _app_views_api_v__models__user_json_jbuilder__3403748217377989513_92064'
  /home/youssef/Documents/chatwoot/app/views/api/v1/models/_user.json.jbuilder:20:in '_app_views_api_v__models__user_json_jbuilder__3403748217377989513_92064'
  /home/youssef/Documents/chatwoot/app/views/api/v1/profiles/update.json.jbuilder:1:in '_app_views_api_v__profiles_update_json_jbuilder__3913823660366066670_93816'
  /home/youssef/Documents/chatwoot/app/controllers/concerns/request_exception_handler.rb:11:in 'RequestExceptionHandler#handle_with_exception'
  /home/youssef/Documents/chatwoot/app/controllers/concerns/switch_locale.rb:39:in 'SwitchLocale#set_locale'
  /home/youssef/Documents/chatwoot/app/controllers/concerns/switch_locale.rb:13:in 'SwitchLocale#switch_locale'

2025-06-18 18:35:11[WARN] user: youssef
POST /auth/sign_in
USE eager loading detected
  AccountUser => [:account]
  Add to your query: .includes([:account])
Call stack
  /home/youssef/Documents/chatwoot/app/views/api/v1/models/_user.json.jbuilder:23:in 'block (2 levels) in _app_views_api_v__models__user_json_jbuilder__3403748217377989513_92064'
  /home/youssef/Documents/chatwoot/app/views/api/v1/models/_user.json.jbuilder:21:in 'block in _app_views_api_v__models__user_json_jbuilder__3403748217377989513_92064'
  /home/youssef/Documents/chatwoot/app/views/api/v1/models/_user.json.jbuilder:20:in '_app_views_api_v__models__user_json_jbuilder__3403748217377989513_92064'
  /home/youssef/Documents/chatwoot/app/views/devise/_auth.json.jbuilder:2:in 'block in _app_views_devise__auth_json_jbuilder___3728514786251486396_124560'
  /home/youssef/Documents/chatwoot/app/views/devise/_auth.json.jbuilder:1:in '_app_views_devise__auth_json_jbuilder___3728514786251486396_124560'
  /home/youssef/Documents/chatwoot/app/controllers/devise_overrides/sessions_controller.rb:23:in 'DeviseOverrides::SessionsController#render_create_success'
  /home/youssef/Documents/chatwoot/enterprise/app/controllers/enterprise/devise_overrides/sessions_controller.rb:4:in 'Enterprise::DeviseOverrides::SessionsController#render_create_success'
  /home/youssef/Documents/chatwoot/app/controllers/devise_overrides/sessions_controller.rb:18:in 'DeviseOverrides::SessionsController#create'
  /home/youssef/Documents/chatwoot/app/controllers/concerns/switch_locale.rb:39:in 'SwitchLocale#set_locale'
  /home/youssef/Documents/chatwoot/app/controllers/concerns/switch_locale.rb:13:in 'SwitchLocale#switch_locale'

2025-06-18 18:35:11[WARN] user: youssef
POST /auth/sign_in
USE eager loading detected
  AccountUser => [:custom_role]
  Add to your query: .includes([:custom_role])
Call stack
  /home/youssef/Documents/chatwoot/app/views/api/v1/models/_user.json.jbuilder:23:in 'block (2 levels) in _app_views_api_v__models__user_json_jbuilder__3403748217377989513_92064'
  /home/youssef/Documents/chatwoot/app/views/api/v1/models/_user.json.jbuilder:21:in 'block in _app_views_api_v__models__user_json_jbuilder__3403748217377989513_92064'
  /home/youssef/Documents/chatwoot/app/views/api/v1/models/_user.json.jbuilder:20:in '_app_views_api_v__models__user_json_jbuilder__3403748217377989513_92064'
  /home/youssef/Documents/chatwoot/app/views/devise/_auth.json.jbuilder:2:in 'block in _app_views_devise__auth_json_jbuilder___3728514786251486396_124560'
  /home/youssef/Documents/chatwoot/app/views/devise/_auth.json.jbuilder:1:in '_app_views_devise__auth_json_jbuilder___3728514786251486396_124560'
  /home/youssef/Documents/chatwoot/app/controllers/devise_overrides/sessions_controller.rb:23:in 'DeviseOverrides::SessionsController#render_create_success'
  /home/youssef/Documents/chatwoot/enterprise/app/controllers/enterprise/devise_overrides/sessions_controller.rb:4:in 'Enterprise::DeviseOverrides::SessionsController#render_create_success'
  /home/youssef/Documents/chatwoot/app/controllers/devise_overrides/sessions_controller.rb:18:in 'DeviseOverrides::SessionsController#create'
  /home/youssef/Documents/chatwoot/app/controllers/concerns/switch_locale.rb:39:in 'SwitchLocale#set_locale'
  /home/youssef/Documents/chatwoot/app/controllers/concerns/switch_locale.rb:13:in 'SwitchLocale#switch_locale'

2025-06-18 18:35:24[WARN] user: youssef
GET /auth/validate_token
USE eager loading detected
  AccountUser => [:account]
  Add to your query: .includes([:account])
Call stack
  /home/youssef/Documents/chatwoot/app/views/api/v1/models/_user.json.jbuilder:23:in 'block (2 levels) in _app_views_api_v__models__user_json_jbuilder__3403748217377989513_92064'
  /home/youssef/Documents/chatwoot/app/views/api/v1/models/_user.json.jbuilder:21:in 'block in _app_views_api_v__models__user_json_jbuilder__3403748217377989513_92064'
  /home/youssef/Documents/chatwoot/app/views/api/v1/models/_user.json.jbuilder:20:in '_app_views_api_v__models__user_json_jbuilder__3403748217377989513_92064'
  /home/youssef/Documents/chatwoot/app/views/devise/_auth.json.jbuilder:2:in 'block in _app_views_devise__auth_json_jbuilder___3728514786251486396_92056'
  /home/youssef/Documents/chatwoot/app/views/devise/_auth.json.jbuilder:1:in '_app_views_devise__auth_json_jbuilder___3728514786251486396_92056'
  /home/youssef/Documents/chatwoot/app/views/devise/token.json.jbuilder:3:in 'block in _app_views_devise_token_json_jbuilder___399541906676386362_92048'
  /home/youssef/Documents/chatwoot/app/views/devise/token.json.jbuilder:1:in '_app_views_devise_token_json_jbuilder___399541906676386362_92048'
  /home/youssef/Documents/chatwoot/app/controllers/devise_overrides/token_validations_controller.rb:5:in 'DeviseOverrides::TokenValidationsController#validate_token'
  /home/youssef/Documents/chatwoot/app/controllers/concerns/switch_locale.rb:39:in 'SwitchLocale#set_locale'
  /home/youssef/Documents/chatwoot/app/controllers/concerns/switch_locale.rb:13:in 'SwitchLocale#switch_locale'

2025-06-18 18:35:24[WARN] user: youssef
GET /auth/validate_token
USE eager loading detected
  AccountUser => [:custom_role]
  Add to your query: .includes([:custom_role])
Call stack
  /home/youssef/Documents/chatwoot/app/views/api/v1/models/_user.json.jbuilder:23:in 'block (2 levels) in _app_views_api_v__models__user_json_jbuilder__3403748217377989513_92064'
  /home/youssef/Documents/chatwoot/app/views/api/v1/models/_user.json.jbuilder:21:in 'block in _app_views_api_v__models__user_json_jbuilder__3403748217377989513_92064'
  /home/youssef/Documents/chatwoot/app/views/api/v1/models/_user.json.jbuilder:20:in '_app_views_api_v__models__user_json_jbuilder__3403748217377989513_92064'
  /home/youssef/Documents/chatwoot/app/views/devise/_auth.json.jbuilder:2:in 'block in _app_views_devise__auth_json_jbuilder___3728514786251486396_92056'
  /home/youssef/Documents/chatwoot/app/views/devise/_auth.json.jbuilder:1:in '_app_views_devise__auth_json_jbuilder___3728514786251486396_92056'
  /home/youssef/Documents/chatwoot/app/views/devise/token.json.jbuilder:3:in 'block in _app_views_devise_token_json_jbuilder___399541906676386362_92048'
  /home/youssef/Documents/chatwoot/app/views/devise/token.json.jbuilder:1:in '_app_views_devise_token_json_jbuilder___399541906676386362_92048'
  /home/youssef/Documents/chatwoot/app/controllers/devise_overrides/token_validations_controller.rb:5:in 'DeviseOverrides::TokenValidationsController#validate_token'
  /home/youssef/Documents/chatwoot/app/controllers/concerns/switch_locale.rb:39:in 'SwitchLocale#set_locale'
  /home/youssef/Documents/chatwoot/app/controllers/concerns/switch_locale.rb:13:in 'SwitchLocale#switch_locale'

2025-06-18 18:35:25[WARN] user: youssef
PUT /api/v1/profile
USE eager loading detected
  AccountUser => [:account]
  Add to your query: .includes([:account])
Call stack
  /home/youssef/Documents/chatwoot/app/views/api/v1/models/_user.json.jbuilder:23:in 'block (2 levels) in _app_views_api_v__models__user_json_jbuilder__3403748217377989513_92064'
  /home/youssef/Documents/chatwoot/app/views/api/v1/models/_user.json.jbuilder:21:in 'block in _app_views_api_v__models__user_json_jbuilder__3403748217377989513_92064'
  /home/youssef/Documents/chatwoot/app/views/api/v1/models/_user.json.jbuilder:20:in '_app_views_api_v__models__user_json_jbuilder__3403748217377989513_92064'
  /home/youssef/Documents/chatwoot/app/views/api/v1/profiles/update.json.jbuilder:1:in '_app_views_api_v__profiles_update_json_jbuilder__3913823660366066670_93816'
  /home/youssef/Documents/chatwoot/app/controllers/concerns/request_exception_handler.rb:11:in 'RequestExceptionHandler#handle_with_exception'
  /home/youssef/Documents/chatwoot/app/controllers/concerns/switch_locale.rb:39:in 'SwitchLocale#set_locale'
  /home/youssef/Documents/chatwoot/app/controllers/concerns/switch_locale.rb:13:in 'SwitchLocale#switch_locale'

2025-06-18 18:35:25[WARN] user: youssef
PUT /api/v1/profile
USE eager loading detected
  AccountUser => [:custom_role]
  Add to your query: .includes([:custom_role])
Call stack
  /home/youssef/Documents/chatwoot/app/views/api/v1/models/_user.json.jbuilder:23:in 'block (2 levels) in _app_views_api_v__models__user_json_jbuilder__3403748217377989513_92064'
  /home/youssef/Documents/chatwoot/app/views/api/v1/models/_user.json.jbuilder:21:in 'block in _app_views_api_v__models__user_json_jbuilder__3403748217377989513_92064'
  /home/youssef/Documents/chatwoot/app/views/api/v1/models/_user.json.jbuilder:20:in '_app_views_api_v__models__user_json_jbuilder__3403748217377989513_92064'
  /home/youssef/Documents/chatwoot/app/views/api/v1/profiles/update.json.jbuilder:1:in '_app_views_api_v__profiles_update_json_jbuilder__3913823660366066670_93816'
  /home/youssef/Documents/chatwoot/app/controllers/concerns/request_exception_handler.rb:11:in 'RequestExceptionHandler#handle_with_exception'
  /home/youssef/Documents/chatwoot/app/controllers/concerns/switch_locale.rb:39:in 'SwitchLocale#set_locale'
  /home/youssef/Documents/chatwoot/app/controllers/concerns/switch_locale.rb:13:in 'SwitchLocale#switch_locale'

2025-06-18 18:35:52[WARN] user: youssef
GET /auth/validate_token
USE eager loading detected
  AccountUser => [:account]
  Add to your query: .includes([:account])
Call stack
  /home/youssef/Documents/chatwoot/app/views/api/v1/models/_user.json.jbuilder:23:in 'block (2 levels) in _app_views_api_v__models__user_json_jbuilder__3403748217377989513_92064'
  /home/youssef/Documents/chatwoot/app/views/api/v1/models/_user.json.jbuilder:21:in 'block in _app_views_api_v__models__user_json_jbuilder__3403748217377989513_92064'
  /home/youssef/Documents/chatwoot/app/views/api/v1/models/_user.json.jbuilder:20:in '_app_views_api_v__models__user_json_jbuilder__3403748217377989513_92064'
  /home/youssef/Documents/chatwoot/app/views/devise/_auth.json.jbuilder:2:in 'block in _app_views_devise__auth_json_jbuilder___3728514786251486396_92056'
  /home/youssef/Documents/chatwoot/app/views/devise/_auth.json.jbuilder:1:in '_app_views_devise__auth_json_jbuilder___3728514786251486396_92056'
  /home/youssef/Documents/chatwoot/app/views/devise/token.json.jbuilder:3:in 'block in _app_views_devise_token_json_jbuilder___399541906676386362_92048'
  /home/youssef/Documents/chatwoot/app/views/devise/token.json.jbuilder:1:in '_app_views_devise_token_json_jbuilder___399541906676386362_92048'
  /home/youssef/Documents/chatwoot/app/controllers/devise_overrides/token_validations_controller.rb:5:in 'DeviseOverrides::TokenValidationsController#validate_token'
  /home/youssef/Documents/chatwoot/app/controllers/concerns/switch_locale.rb:39:in 'SwitchLocale#set_locale'
  /home/youssef/Documents/chatwoot/app/controllers/concerns/switch_locale.rb:13:in 'SwitchLocale#switch_locale'

2025-06-18 18:35:52[WARN] user: youssef
GET /auth/validate_token
USE eager loading detected
  AccountUser => [:custom_role]
  Add to your query: .includes([:custom_role])
Call stack
  /home/youssef/Documents/chatwoot/app/views/api/v1/models/_user.json.jbuilder:23:in 'block (2 levels) in _app_views_api_v__models__user_json_jbuilder__3403748217377989513_92064'
  /home/youssef/Documents/chatwoot/app/views/api/v1/models/_user.json.jbuilder:21:in 'block in _app_views_api_v__models__user_json_jbuilder__3403748217377989513_92064'
  /home/youssef/Documents/chatwoot/app/views/api/v1/models/_user.json.jbuilder:20:in '_app_views_api_v__models__user_json_jbuilder__3403748217377989513_92064'
  /home/youssef/Documents/chatwoot/app/views/devise/_auth.json.jbuilder:2:in 'block in _app_views_devise__auth_json_jbuilder___3728514786251486396_92056'
  /home/youssef/Documents/chatwoot/app/views/devise/_auth.json.jbuilder:1:in '_app_views_devise__auth_json_jbuilder___3728514786251486396_92056'
  /home/youssef/Documents/chatwoot/app/views/devise/token.json.jbuilder:3:in 'block in _app_views_devise_token_json_jbuilder___399541906676386362_92048'
  /home/youssef/Documents/chatwoot/app/views/devise/token.json.jbuilder:1:in '_app_views_devise_token_json_jbuilder___399541906676386362_92048'
  /home/youssef/Documents/chatwoot/app/controllers/devise_overrides/token_validations_controller.rb:5:in 'DeviseOverrides::TokenValidationsController#validate_token'
  /home/youssef/Documents/chatwoot/app/controllers/concerns/switch_locale.rb:39:in 'SwitchLocale#set_locale'
  /home/youssef/Documents/chatwoot/app/controllers/concerns/switch_locale.rb:13:in 'SwitchLocale#switch_locale'

2025-06-18 18:35:53[WARN] user: youssef
PUT /api/v1/profile
USE eager loading detected
  AccountUser => [:account]
  Add to your query: .includes([:account])
Call stack
  /home/youssef/Documents/chatwoot/app/views/api/v1/models/_user.json.jbuilder:23:in 'block (2 levels) in _app_views_api_v__models__user_json_jbuilder__3403748217377989513_92064'
  /home/youssef/Documents/chatwoot/app/views/api/v1/models/_user.json.jbuilder:21:in 'block in _app_views_api_v__models__user_json_jbuilder__3403748217377989513_92064'
  /home/youssef/Documents/chatwoot/app/views/api/v1/models/_user.json.jbuilder:20:in '_app_views_api_v__models__user_json_jbuilder__3403748217377989513_92064'
  /home/youssef/Documents/chatwoot/app/views/api/v1/profiles/update.json.jbuilder:1:in '_app_views_api_v__profiles_update_json_jbuilder__3913823660366066670_93816'
  /home/youssef/Documents/chatwoot/app/controllers/concerns/request_exception_handler.rb:11:in 'RequestExceptionHandler#handle_with_exception'
  /home/youssef/Documents/chatwoot/app/controllers/concerns/switch_locale.rb:39:in 'SwitchLocale#set_locale'
  /home/youssef/Documents/chatwoot/app/controllers/concerns/switch_locale.rb:13:in 'SwitchLocale#switch_locale'

2025-06-18 18:35:53[WARN] user: youssef
PUT /api/v1/profile
USE eager loading detected
  AccountUser => [:custom_role]
  Add to your query: .includes([:custom_role])
Call stack
  /home/youssef/Documents/chatwoot/app/views/api/v1/models/_user.json.jbuilder:23:in 'block (2 levels) in _app_views_api_v__models__user_json_jbuilder__3403748217377989513_92064'
  /home/youssef/Documents/chatwoot/app/views/api/v1/models/_user.json.jbuilder:21:in 'block in _app_views_api_v__models__user_json_jbuilder__3403748217377989513_92064'
  /home/youssef/Documents/chatwoot/app/views/api/v1/models/_user.json.jbuilder:20:in '_app_views_api_v__models__user_json_jbuilder__3403748217377989513_92064'
  /home/youssef/Documents/chatwoot/app/views/api/v1/profiles/update.json.jbuilder:1:in '_app_views_api_v__profiles_update_json_jbuilder__3913823660366066670_93816'
  /home/youssef/Documents/chatwoot/app/controllers/concerns/request_exception_handler.rb:11:in 'RequestExceptionHandler#handle_with_exception'
  /home/youssef/Documents/chatwoot/app/controllers/concerns/switch_locale.rb:39:in 'SwitchLocale#set_locale'
  /home/youssef/Documents/chatwoot/app/controllers/concerns/switch_locale.rb:13:in 'SwitchLocale#switch_locale'

2025-06-18 18:36:01[WARN] user: youssef
GET /api/v1/accounts/1/audit_logs?page=1
USE eager loading detected
  Enterprise::AuditLog => [:auditable]
  Add to your query: .includes([:auditable])
Call stack
  /home/youssef/Documents/chatwoot/enterprise/app/views/api/v1/accounts/audit_logs/show.json.jbuilder:10:in 'block (2 levels) in _enterprise_app_views_api_v__accounts_audit_logs_show_json_jbuilder___1699552535037064990_132040'
  /home/youssef/Documents/chatwoot/enterprise/app/views/api/v1/accounts/audit_logs/show.json.jbuilder:6:in 'block in _enterprise_app_views_api_v__accounts_audit_logs_show_json_jbuilder___1699552535037064990_132040'
  /home/youssef/Documents/chatwoot/enterprise/app/views/api/v1/accounts/audit_logs/show.json.jbuilder:5:in '_enterprise_app_views_api_v__accounts_audit_logs_show_json_jbuilder___1699552535037064990_132040'
  /home/youssef/Documents/chatwoot/app/controllers/concerns/switch_locale.rb:39:in 'SwitchLocale#set_locale'
  /home/youssef/Documents/chatwoot/app/controllers/concerns/switch_locale.rb:18:in 'SwitchLocale#switch_locale_using_account_locale'
  /home/youssef/Documents/chatwoot/app/controllers/concerns/request_exception_handler.rb:11:in 'RequestExceptionHandler#handle_with_exception'
  /home/youssef/Documents/chatwoot/app/controllers/concerns/switch_locale.rb:39:in 'SwitchLocale#set_locale'
  /home/youssef/Documents/chatwoot/app/controllers/concerns/switch_locale.rb:13:in 'SwitchLocale#switch_locale'

2025-06-18 18:38:59[WARN] user: youssef
GET /auth/validate_token
USE eager loading detected
  AccountUser => [:account]
  Add to your query: .includes([:account])
Call stack
  /home/youssef/Documents/chatwoot/app/views/api/v1/models/_user.json.jbuilder:23:in 'block (2 levels) in _app_views_api_v__models__user_json_jbuilder__3403748217377989513_92064'
  /home/youssef/Documents/chatwoot/app/views/api/v1/models/_user.json.jbuilder:21:in 'block in _app_views_api_v__models__user_json_jbuilder__3403748217377989513_92064'
  /home/youssef/Documents/chatwoot/app/views/api/v1/models/_user.json.jbuilder:20:in '_app_views_api_v__models__user_json_jbuilder__3403748217377989513_92064'
  /home/youssef/Documents/chatwoot/app/views/devise/_auth.json.jbuilder:2:in 'block in _app_views_devise__auth_json_jbuilder___3728514786251486396_92056'
  /home/youssef/Documents/chatwoot/app/views/devise/_auth.json.jbuilder:1:in '_app_views_devise__auth_json_jbuilder___3728514786251486396_92056'
  /home/youssef/Documents/chatwoot/app/views/devise/token.json.jbuilder:3:in 'block in _app_views_devise_token_json_jbuilder___399541906676386362_92048'
  /home/youssef/Documents/chatwoot/app/views/devise/token.json.jbuilder:1:in '_app_views_devise_token_json_jbuilder___399541906676386362_92048'
  /home/youssef/Documents/chatwoot/app/controllers/devise_overrides/token_validations_controller.rb:5:in 'DeviseOverrides::TokenValidationsController#validate_token'
  /home/youssef/Documents/chatwoot/app/controllers/concerns/switch_locale.rb:39:in 'SwitchLocale#set_locale'
  /home/youssef/Documents/chatwoot/app/controllers/concerns/switch_locale.rb:13:in 'SwitchLocale#switch_locale'

2025-06-18 18:38:59[WARN] user: youssef
GET /auth/validate_token
USE eager loading detected
  AccountUser => [:custom_role]
  Add to your query: .includes([:custom_role])
Call stack
  /home/youssef/Documents/chatwoot/app/views/api/v1/models/_user.json.jbuilder:23:in 'block (2 levels) in _app_views_api_v__models__user_json_jbuilder__3403748217377989513_92064'
  /home/youssef/Documents/chatwoot/app/views/api/v1/models/_user.json.jbuilder:21:in 'block in _app_views_api_v__models__user_json_jbuilder__3403748217377989513_92064'
  /home/youssef/Documents/chatwoot/app/views/api/v1/models/_user.json.jbuilder:20:in '_app_views_api_v__models__user_json_jbuilder__3403748217377989513_92064'
  /home/youssef/Documents/chatwoot/app/views/devise/_auth.json.jbuilder:2:in 'block in _app_views_devise__auth_json_jbuilder___3728514786251486396_92056'
  /home/youssef/Documents/chatwoot/app/views/devise/_auth.json.jbuilder:1:in '_app_views_devise__auth_json_jbuilder___3728514786251486396_92056'
  /home/youssef/Documents/chatwoot/app/views/devise/token.json.jbuilder:3:in 'block in _app_views_devise_token_json_jbuilder___399541906676386362_92048'
  /home/youssef/Documents/chatwoot/app/views/devise/token.json.jbuilder:1:in '_app_views_devise_token_json_jbuilder___399541906676386362_92048'
  /home/youssef/Documents/chatwoot/app/controllers/devise_overrides/token_validations_controller.rb:5:in 'DeviseOverrides::TokenValidationsController#validate_token'
  /home/youssef/Documents/chatwoot/app/controllers/concerns/switch_locale.rb:39:in 'SwitchLocale#set_locale'
  /home/youssef/Documents/chatwoot/app/controllers/concerns/switch_locale.rb:13:in 'SwitchLocale#switch_locale'

2025-06-18 18:39:00[WARN] user: youssef
PUT /api/v1/profile
USE eager loading detected
  AccountUser => [:account]
  Add to your query: .includes([:account])
Call stack
  /home/youssef/Documents/chatwoot/app/views/api/v1/models/_user.json.jbuilder:23:in 'block (2 levels) in _app_views_api_v__models__user_json_jbuilder__3403748217377989513_92064'
  /home/youssef/Documents/chatwoot/app/views/api/v1/models/_user.json.jbuilder:21:in 'block in _app_views_api_v__models__user_json_jbuilder__3403748217377989513_92064'
  /home/youssef/Documents/chatwoot/app/views/api/v1/models/_user.json.jbuilder:20:in '_app_views_api_v__models__user_json_jbuilder__3403748217377989513_92064'
  /home/youssef/Documents/chatwoot/app/views/api/v1/profiles/update.json.jbuilder:1:in '_app_views_api_v__profiles_update_json_jbuilder__3913823660366066670_93816'
  /home/youssef/Documents/chatwoot/app/controllers/concerns/request_exception_handler.rb:11:in 'RequestExceptionHandler#handle_with_exception'
  /home/youssef/Documents/chatwoot/app/controllers/concerns/switch_locale.rb:39:in 'SwitchLocale#set_locale'
  /home/youssef/Documents/chatwoot/app/controllers/concerns/switch_locale.rb:13:in 'SwitchLocale#switch_locale'

2025-06-18 18:39:00[WARN] user: youssef
PUT /api/v1/profile
USE eager loading detected
  AccountUser => [:custom_role]
  Add to your query: .includes([:custom_role])
Call stack
  /home/youssef/Documents/chatwoot/app/views/api/v1/models/_user.json.jbuilder:23:in 'block (2 levels) in _app_views_api_v__models__user_json_jbuilder__3403748217377989513_92064'
  /home/youssef/Documents/chatwoot/app/views/api/v1/models/_user.json.jbuilder:21:in 'block in _app_views_api_v__models__user_json_jbuilder__3403748217377989513_92064'
  /home/youssef/Documents/chatwoot/app/views/api/v1/models/_user.json.jbuilder:20:in '_app_views_api_v__models__user_json_jbuilder__3403748217377989513_92064'
  /home/youssef/Documents/chatwoot/app/views/api/v1/profiles/update.json.jbuilder:1:in '_app_views_api_v__profiles_update_json_jbuilder__3913823660366066670_93816'
  /home/youssef/Documents/chatwoot/app/controllers/concerns/request_exception_handler.rb:11:in 'RequestExceptionHandler#handle_with_exception'
  /home/youssef/Documents/chatwoot/app/controllers/concerns/switch_locale.rb:39:in 'SwitchLocale#set_locale'
  /home/youssef/Documents/chatwoot/app/controllers/concerns/switch_locale.rb:13:in 'SwitchLocale#switch_locale'

2025-06-18 18:40:09[WARN] user: youssef
GET /auth/validate_token
USE eager loading detected
  AccountUser => [:account]
  Add to your query: .includes([:account])
Call stack
  /home/youssef/Documents/chatwoot/app/views/api/v1/models/_user.json.jbuilder:23:in 'block (2 levels) in _app_views_api_v__models__user_json_jbuilder__3403748217377989513_92064'
  /home/youssef/Documents/chatwoot/app/views/api/v1/models/_user.json.jbuilder:21:in 'block in _app_views_api_v__models__user_json_jbuilder__3403748217377989513_92064'
  /home/youssef/Documents/chatwoot/app/views/api/v1/models/_user.json.jbuilder:20:in '_app_views_api_v__models__user_json_jbuilder__3403748217377989513_92064'
  /home/youssef/Documents/chatwoot/app/views/devise/_auth.json.jbuilder:2:in 'block in _app_views_devise__auth_json_jbuilder___3728514786251486396_92056'
  /home/youssef/Documents/chatwoot/app/views/devise/_auth.json.jbuilder:1:in '_app_views_devise__auth_json_jbuilder___3728514786251486396_92056'
  /home/youssef/Documents/chatwoot/app/views/devise/token.json.jbuilder:3:in 'block in _app_views_devise_token_json_jbuilder___399541906676386362_92048'
  /home/youssef/Documents/chatwoot/app/views/devise/token.json.jbuilder:1:in '_app_views_devise_token_json_jbuilder___399541906676386362_92048'
  /home/youssef/Documents/chatwoot/app/controllers/devise_overrides/token_validations_controller.rb:5:in 'DeviseOverrides::TokenValidationsController#validate_token'
  /home/youssef/Documents/chatwoot/app/controllers/concerns/switch_locale.rb:39:in 'SwitchLocale#set_locale'
  /home/youssef/Documents/chatwoot/app/controllers/concerns/switch_locale.rb:13:in 'SwitchLocale#switch_locale'

2025-06-18 18:40:09[WARN] user: youssef
GET /auth/validate_token
USE eager loading detected
  AccountUser => [:custom_role]
  Add to your query: .includes([:custom_role])
Call stack
  /home/youssef/Documents/chatwoot/app/views/api/v1/models/_user.json.jbuilder:23:in 'block (2 levels) in _app_views_api_v__models__user_json_jbuilder__3403748217377989513_92064'
  /home/youssef/Documents/chatwoot/app/views/api/v1/models/_user.json.jbuilder:21:in 'block in _app_views_api_v__models__user_json_jbuilder__3403748217377989513_92064'
  /home/youssef/Documents/chatwoot/app/views/api/v1/models/_user.json.jbuilder:20:in '_app_views_api_v__models__user_json_jbuilder__3403748217377989513_92064'
  /home/youssef/Documents/chatwoot/app/views/devise/_auth.json.jbuilder:2:in 'block in _app_views_devise__auth_json_jbuilder___3728514786251486396_92056'
  /home/youssef/Documents/chatwoot/app/views/devise/_auth.json.jbuilder:1:in '_app_views_devise__auth_json_jbuilder___3728514786251486396_92056'
  /home/youssef/Documents/chatwoot/app/views/devise/token.json.jbuilder:3:in 'block in _app_views_devise_token_json_jbuilder___399541906676386362_92048'
  /home/youssef/Documents/chatwoot/app/views/devise/token.json.jbuilder:1:in '_app_views_devise_token_json_jbuilder___399541906676386362_92048'
  /home/youssef/Documents/chatwoot/app/controllers/devise_overrides/token_validations_controller.rb:5:in 'DeviseOverrides::TokenValidationsController#validate_token'
  /home/youssef/Documents/chatwoot/app/controllers/concerns/switch_locale.rb:39:in 'SwitchLocale#set_locale'
  /home/youssef/Documents/chatwoot/app/controllers/concerns/switch_locale.rb:13:in 'SwitchLocale#switch_locale'

2025-06-18 18:40:09[WARN] user: youssef
PUT /api/v1/profile
USE eager loading detected
  AccountUser => [:account]
  Add to your query: .includes([:account])
Call stack
  /home/youssef/Documents/chatwoot/app/views/api/v1/models/_user.json.jbuilder:23:in 'block (2 levels) in _app_views_api_v__models__user_json_jbuilder__3403748217377989513_92064'
  /home/youssef/Documents/chatwoot/app/views/api/v1/models/_user.json.jbuilder:21:in 'block in _app_views_api_v__models__user_json_jbuilder__3403748217377989513_92064'
  /home/youssef/Documents/chatwoot/app/views/api/v1/models/_user.json.jbuilder:20:in '_app_views_api_v__models__user_json_jbuilder__3403748217377989513_92064'
  /home/youssef/Documents/chatwoot/app/views/api/v1/profiles/update.json.jbuilder:1:in '_app_views_api_v__profiles_update_json_jbuilder__3913823660366066670_93816'
  /home/youssef/Documents/chatwoot/app/controllers/concerns/request_exception_handler.rb:11:in 'RequestExceptionHandler#handle_with_exception'
  /home/youssef/Documents/chatwoot/app/controllers/concerns/switch_locale.rb:39:in 'SwitchLocale#set_locale'
  /home/youssef/Documents/chatwoot/app/controllers/concerns/switch_locale.rb:13:in 'SwitchLocale#switch_locale'

2025-06-18 18:40:09[WARN] user: youssef
PUT /api/v1/profile
USE eager loading detected
  AccountUser => [:custom_role]
  Add to your query: .includes([:custom_role])
Call stack
  /home/youssef/Documents/chatwoot/app/views/api/v1/models/_user.json.jbuilder:23:in 'block (2 levels) in _app_views_api_v__models__user_json_jbuilder__3403748217377989513_92064'
  /home/youssef/Documents/chatwoot/app/views/api/v1/models/_user.json.jbuilder:21:in 'block in _app_views_api_v__models__user_json_jbuilder__3403748217377989513_92064'
  /home/youssef/Documents/chatwoot/app/views/api/v1/models/_user.json.jbuilder:20:in '_app_views_api_v__models__user_json_jbuilder__3403748217377989513_92064'
  /home/youssef/Documents/chatwoot/app/views/api/v1/profiles/update.json.jbuilder:1:in '_app_views_api_v__profiles_update_json_jbuilder__3913823660366066670_93816'
  /home/youssef/Documents/chatwoot/app/controllers/concerns/request_exception_handler.rb:11:in 'RequestExceptionHandler#handle_with_exception'
  /home/youssef/Documents/chatwoot/app/controllers/concerns/switch_locale.rb:39:in 'SwitchLocale#set_locale'
  /home/youssef/Documents/chatwoot/app/controllers/concerns/switch_locale.rb:13:in 'SwitchLocale#switch_locale'

2025-06-18 18:40:56[WARN] user: youssef
PUT /api/v1/profile
USE eager loading detected
  AccountUser => [:account]
  Add to your query: .includes([:account])
Call stack
  /home/youssef/Documents/chatwoot/app/views/api/v1/models/_user.json.jbuilder:23:in 'block (2 levels) in _app_views_api_v__models__user_json_jbuilder__3403748217377989513_92064'
  /home/youssef/Documents/chatwoot/app/views/api/v1/models/_user.json.jbuilder:21:in 'block in _app_views_api_v__models__user_json_jbuilder__3403748217377989513_92064'
  /home/youssef/Documents/chatwoot/app/views/api/v1/models/_user.json.jbuilder:20:in '_app_views_api_v__models__user_json_jbuilder__3403748217377989513_92064'
  /home/youssef/Documents/chatwoot/app/views/api/v1/profiles/update.json.jbuilder:1:in '_app_views_api_v__profiles_update_json_jbuilder__3913823660366066670_93816'
  /home/youssef/Documents/chatwoot/app/controllers/concerns/request_exception_handler.rb:11:in 'RequestExceptionHandler#handle_with_exception'
  /home/youssef/Documents/chatwoot/app/controllers/concerns/switch_locale.rb:39:in 'SwitchLocale#set_locale'
  /home/youssef/Documents/chatwoot/app/controllers/concerns/switch_locale.rb:13:in 'SwitchLocale#switch_locale'

2025-06-18 18:40:56[WARN] user: youssef
PUT /api/v1/profile
USE eager loading detected
  AccountUser => [:custom_role]
  Add to your query: .includes([:custom_role])
Call stack
  /home/youssef/Documents/chatwoot/app/views/api/v1/models/_user.json.jbuilder:23:in 'block (2 levels) in _app_views_api_v__models__user_json_jbuilder__3403748217377989513_92064'
  /home/youssef/Documents/chatwoot/app/views/api/v1/models/_user.json.jbuilder:21:in 'block in _app_views_api_v__models__user_json_jbuilder__3403748217377989513_92064'
  /home/youssef/Documents/chatwoot/app/views/api/v1/models/_user.json.jbuilder:20:in '_app_views_api_v__models__user_json_jbuilder__3403748217377989513_92064'
  /home/youssef/Documents/chatwoot/app/views/api/v1/profiles/update.json.jbuilder:1:in '_app_views_api_v__profiles_update_json_jbuilder__3913823660366066670_93816'
  /home/youssef/Documents/chatwoot/app/controllers/concerns/request_exception_handler.rb:11:in 'RequestExceptionHandler#handle_with_exception'
  /home/youssef/Documents/chatwoot/app/controllers/concerns/switch_locale.rb:39:in 'SwitchLocale#set_locale'
  /home/youssef/Documents/chatwoot/app/controllers/concerns/switch_locale.rb:13:in 'SwitchLocale#switch_locale'

2025-06-18 18:41:15[WARN] user: youssef
PUT /api/v1/profile
USE eager loading detected
  AccountUser => [:account]
  Add to your query: .includes([:account])
Call stack
  /home/youssef/Documents/chatwoot/app/views/api/v1/models/_user.json.jbuilder:23:in 'block (2 levels) in _app_views_api_v__models__user_json_jbuilder__3403748217377989513_92064'
  /home/youssef/Documents/chatwoot/app/views/api/v1/models/_user.json.jbuilder:21:in 'block in _app_views_api_v__models__user_json_jbuilder__3403748217377989513_92064'
  /home/youssef/Documents/chatwoot/app/views/api/v1/models/_user.json.jbuilder:20:in '_app_views_api_v__models__user_json_jbuilder__3403748217377989513_92064'
  /home/youssef/Documents/chatwoot/app/views/api/v1/profiles/update.json.jbuilder:1:in '_app_views_api_v__profiles_update_json_jbuilder__3913823660366066670_93816'
  /home/youssef/Documents/chatwoot/app/controllers/concerns/request_exception_handler.rb:11:in 'RequestExceptionHandler#handle_with_exception'
  /home/youssef/Documents/chatwoot/app/controllers/concerns/switch_locale.rb:39:in 'SwitchLocale#set_locale'
  /home/youssef/Documents/chatwoot/app/controllers/concerns/switch_locale.rb:13:in 'SwitchLocale#switch_locale'

2025-06-18 18:41:15[WARN] user: youssef
PUT /api/v1/profile
USE eager loading detected
  AccountUser => [:custom_role]
  Add to your query: .includes([:custom_role])
Call stack
  /home/youssef/Documents/chatwoot/app/views/api/v1/models/_user.json.jbuilder:23:in 'block (2 levels) in _app_views_api_v__models__user_json_jbuilder__3403748217377989513_92064'
  /home/youssef/Documents/chatwoot/app/views/api/v1/models/_user.json.jbuilder:21:in 'block in _app_views_api_v__models__user_json_jbuilder__3403748217377989513_92064'
  /home/youssef/Documents/chatwoot/app/views/api/v1/models/_user.json.jbuilder:20:in '_app_views_api_v__models__user_json_jbuilder__3403748217377989513_92064'
  /home/youssef/Documents/chatwoot/app/views/api/v1/profiles/update.json.jbuilder:1:in '_app_views_api_v__profiles_update_json_jbuilder__3913823660366066670_93816'
  /home/youssef/Documents/chatwoot/app/controllers/concerns/request_exception_handler.rb:11:in 'RequestExceptionHandler#handle_with_exception'
  /home/youssef/Documents/chatwoot/app/controllers/concerns/switch_locale.rb:39:in 'SwitchLocale#set_locale'
  /home/youssef/Documents/chatwoot/app/controllers/concerns/switch_locale.rb:13:in 'SwitchLocale#switch_locale'

2025-06-18 18:41:20[WARN] user: youssef
GET /api/v1/accounts/1/inboxes
USE eager loading detected
  Inbox => [:avatar_attachment]
  Add to your query: .includes([:avatar_attachment])
Call stack
  /home/youssef/Documents/chatwoot/app/models/concerns/avatarable.rb:14:in 'Avatarable#avatar_url'
  /home/youssef/Documents/chatwoot/app/views/api/v1/models/_inbox.json.jbuilder:2:in '_app_views_api_v__models__inbox_json_jbuilder__1080259863825970656_130944'
  /home/youssef/Documents/chatwoot/app/views/api/v1/accounts/inboxes/index.json.jbuilder:3:in 'block (2 levels) in _app_views_api_v__accounts_inboxes_index_json_jbuilder___4529883531735205127_127488'
  /home/youssef/Documents/chatwoot/app/views/api/v1/accounts/inboxes/index.json.jbuilder:2:in 'block in _app_views_api_v__accounts_inboxes_index_json_jbuilder___4529883531735205127_127488'
  /home/youssef/Documents/chatwoot/app/views/api/v1/accounts/inboxes/index.json.jbuilder:1:in '_app_views_api_v__accounts_inboxes_index_json_jbuilder___4529883531735205127_127488'
  /home/youssef/Documents/chatwoot/app/controllers/concerns/switch_locale.rb:39:in 'SwitchLocale#set_locale'
  /home/youssef/Documents/chatwoot/app/controllers/concerns/switch_locale.rb:18:in 'SwitchLocale#switch_locale_using_account_locale'
  /home/youssef/Documents/chatwoot/app/controllers/concerns/request_exception_handler.rb:11:in 'RequestExceptionHandler#handle_with_exception'
  /home/youssef/Documents/chatwoot/app/controllers/concerns/switch_locale.rb:39:in 'SwitchLocale#set_locale'
  /home/youssef/Documents/chatwoot/app/controllers/concerns/switch_locale.rb:13:in 'SwitchLocale#switch_locale'

2025-06-18 18:41:20[WARN] user: youssef
GET /api/v1/accounts/1/inboxes
USE eager loading detected
  Inbox => [:portal]
  Add to your query: .includes([:portal])
Call stack
  /home/youssef/Documents/chatwoot/app/models/concerns/avatarable.rb:14:in 'Avatarable#avatar_url'
  /home/youssef/Documents/chatwoot/app/views/api/v1/models/_inbox.json.jbuilder:2:in '_app_views_api_v__models__inbox_json_jbuilder__1080259863825970656_130944'
  /home/youssef/Documents/chatwoot/app/views/api/v1/accounts/inboxes/index.json.jbuilder:3:in 'block (2 levels) in _app_views_api_v__accounts_inboxes_index_json_jbuilder___4529883531735205127_127488'
  /home/youssef/Documents/chatwoot/app/views/api/v1/accounts/inboxes/index.json.jbuilder:2:in 'block in _app_views_api_v__accounts_inboxes_index_json_jbuilder___4529883531735205127_127488'
  /home/youssef/Documents/chatwoot/app/views/api/v1/accounts/inboxes/index.json.jbuilder:1:in '_app_views_api_v__accounts_inboxes_index_json_jbuilder___4529883531735205127_127488'
  /home/youssef/Documents/chatwoot/app/controllers/concerns/switch_locale.rb:39:in 'SwitchLocale#set_locale'
  /home/youssef/Documents/chatwoot/app/controllers/concerns/switch_locale.rb:18:in 'SwitchLocale#switch_locale_using_account_locale'
  /home/youssef/Documents/chatwoot/app/controllers/concerns/request_exception_handler.rb:11:in 'RequestExceptionHandler#handle_with_exception'
  /home/youssef/Documents/chatwoot/app/controllers/concerns/switch_locale.rb:39:in 'SwitchLocale#set_locale'
  /home/youssef/Documents/chatwoot/app/controllers/concerns/switch_locale.rb:13:in 'SwitchLocale#switch_locale'

2025-06-18 18:41:20[WARN] user: youssef
GET /api/v1/accounts/1/inboxes
USE eager loading detected
  Inbox => [:channel]
  Add to your query: .includes([:channel])
Call stack
  /home/youssef/Documents/chatwoot/app/models/concerns/avatarable.rb:14:in 'Avatarable#avatar_url'
  /home/youssef/Documents/chatwoot/app/views/api/v1/models/_inbox.json.jbuilder:2:in '_app_views_api_v__models__inbox_json_jbuilder__1080259863825970656_130944'
  /home/youssef/Documents/chatwoot/app/views/api/v1/accounts/inboxes/index.json.jbuilder:3:in 'block (2 levels) in _app_views_api_v__accounts_inboxes_index_json_jbuilder___4529883531735205127_127488'
  /home/youssef/Documents/chatwoot/app/views/api/v1/accounts/inboxes/index.json.jbuilder:2:in 'block in _app_views_api_v__accounts_inboxes_index_json_jbuilder___4529883531735205127_127488'
  /home/youssef/Documents/chatwoot/app/views/api/v1/accounts/inboxes/index.json.jbuilder:1:in '_app_views_api_v__accounts_inboxes_index_json_jbuilder___4529883531735205127_127488'
  /home/youssef/Documents/chatwoot/app/controllers/concerns/switch_locale.rb:39:in 'SwitchLocale#set_locale'
  /home/youssef/Documents/chatwoot/app/controllers/concerns/switch_locale.rb:18:in 'SwitchLocale#switch_locale_using_account_locale'
  /home/youssef/Documents/chatwoot/app/controllers/concerns/request_exception_handler.rb:11:in 'RequestExceptionHandler#handle_with_exception'
  /home/youssef/Documents/chatwoot/app/controllers/concerns/switch_locale.rb:39:in 'SwitchLocale#set_locale'
  /home/youssef/Documents/chatwoot/app/controllers/concerns/switch_locale.rb:13:in 'SwitchLocale#switch_locale'

2025-06-18 18:41:23[WARN] user: youssef
GET /api/v1/accounts/1/inboxes
USE eager loading detected
  Inbox => [:avatar_attachment]
  Add to your query: .includes([:avatar_attachment])
Call stack
  /home/youssef/Documents/chatwoot/app/models/concerns/avatarable.rb:14:in 'Avatarable#avatar_url'
  /home/youssef/Documents/chatwoot/app/views/api/v1/models/_inbox.json.jbuilder:2:in '_app_views_api_v__models__inbox_json_jbuilder__1080259863825970656_130944'
  /home/youssef/Documents/chatwoot/app/views/api/v1/accounts/inboxes/index.json.jbuilder:3:in 'block (2 levels) in _app_views_api_v__accounts_inboxes_index_json_jbuilder___4529883531735205127_127488'
  /home/youssef/Documents/chatwoot/app/views/api/v1/accounts/inboxes/index.json.jbuilder:2:in 'block in _app_views_api_v__accounts_inboxes_index_json_jbuilder___4529883531735205127_127488'
  /home/youssef/Documents/chatwoot/app/views/api/v1/accounts/inboxes/index.json.jbuilder:1:in '_app_views_api_v__accounts_inboxes_index_json_jbuilder___4529883531735205127_127488'
  /home/youssef/Documents/chatwoot/app/controllers/concerns/switch_locale.rb:39:in 'SwitchLocale#set_locale'
  /home/youssef/Documents/chatwoot/app/controllers/concerns/switch_locale.rb:18:in 'SwitchLocale#switch_locale_using_account_locale'
  /home/youssef/Documents/chatwoot/app/controllers/concerns/request_exception_handler.rb:11:in 'RequestExceptionHandler#handle_with_exception'
  /home/youssef/Documents/chatwoot/app/controllers/concerns/switch_locale.rb:39:in 'SwitchLocale#set_locale'
  /home/youssef/Documents/chatwoot/app/controllers/concerns/switch_locale.rb:13:in 'SwitchLocale#switch_locale'

2025-06-18 18:41:23[WARN] user: youssef
GET /api/v1/accounts/1/inboxes
USE eager loading detected
  Inbox => [:portal]
  Add to your query: .includes([:portal])
Call stack
  /home/youssef/Documents/chatwoot/app/models/concerns/avatarable.rb:14:in 'Avatarable#avatar_url'
  /home/youssef/Documents/chatwoot/app/views/api/v1/models/_inbox.json.jbuilder:2:in '_app_views_api_v__models__inbox_json_jbuilder__1080259863825970656_130944'
  /home/youssef/Documents/chatwoot/app/views/api/v1/accounts/inboxes/index.json.jbuilder:3:in 'block (2 levels) in _app_views_api_v__accounts_inboxes_index_json_jbuilder___4529883531735205127_127488'
  /home/youssef/Documents/chatwoot/app/views/api/v1/accounts/inboxes/index.json.jbuilder:2:in 'block in _app_views_api_v__accounts_inboxes_index_json_jbuilder___4529883531735205127_127488'
  /home/youssef/Documents/chatwoot/app/views/api/v1/accounts/inboxes/index.json.jbuilder:1:in '_app_views_api_v__accounts_inboxes_index_json_jbuilder___4529883531735205127_127488'
  /home/youssef/Documents/chatwoot/app/controllers/concerns/switch_locale.rb:39:in 'SwitchLocale#set_locale'
  /home/youssef/Documents/chatwoot/app/controllers/concerns/switch_locale.rb:18:in 'SwitchLocale#switch_locale_using_account_locale'
  /home/youssef/Documents/chatwoot/app/controllers/concerns/request_exception_handler.rb:11:in 'RequestExceptionHandler#handle_with_exception'
  /home/youssef/Documents/chatwoot/app/controllers/concerns/switch_locale.rb:39:in 'SwitchLocale#set_locale'
  /home/youssef/Documents/chatwoot/app/controllers/concerns/switch_locale.rb:13:in 'SwitchLocale#switch_locale'

2025-06-18 18:41:23[WARN] user: youssef
GET /api/v1/accounts/1/inboxes
USE eager loading detected
  Inbox => [:channel]
  Add to your query: .includes([:channel])
Call stack
  /home/youssef/Documents/chatwoot/app/models/concerns/avatarable.rb:14:in 'Avatarable#avatar_url'
  /home/youssef/Documents/chatwoot/app/views/api/v1/models/_inbox.json.jbuilder:2:in '_app_views_api_v__models__inbox_json_jbuilder__1080259863825970656_130944'
  /home/youssef/Documents/chatwoot/app/views/api/v1/accounts/inboxes/index.json.jbuilder:3:in 'block (2 levels) in _app_views_api_v__accounts_inboxes_index_json_jbuilder___4529883531735205127_127488'
  /home/youssef/Documents/chatwoot/app/views/api/v1/accounts/inboxes/index.json.jbuilder:2:in 'block in _app_views_api_v__accounts_inboxes_index_json_jbuilder___4529883531735205127_127488'
  /home/youssef/Documents/chatwoot/app/views/api/v1/accounts/inboxes/index.json.jbuilder:1:in '_app_views_api_v__accounts_inboxes_index_json_jbuilder___4529883531735205127_127488'
  /home/youssef/Documents/chatwoot/app/controllers/concerns/switch_locale.rb:39:in 'SwitchLocale#set_locale'
  /home/youssef/Documents/chatwoot/app/controllers/concerns/switch_locale.rb:18:in 'SwitchLocale#switch_locale_using_account_locale'
  /home/youssef/Documents/chatwoot/app/controllers/concerns/request_exception_handler.rb:11:in 'RequestExceptionHandler#handle_with_exception'
  /home/youssef/Documents/chatwoot/app/controllers/concerns/switch_locale.rb:39:in 'SwitchLocale#set_locale'
  /home/youssef/Documents/chatwoot/app/controllers/concerns/switch_locale.rb:13:in 'SwitchLocale#switch_locale'

2025-06-18 18:41:23[WARN] user: youssef
GET /api/v1/accounts/1/inboxes
USE eager loading detected
  Inbox => [:avatar_attachment]
  Add to your query: .includes([:avatar_attachment])
Call stack
  /home/youssef/Documents/chatwoot/app/models/concerns/avatarable.rb:14:in 'Avatarable#avatar_url'
  /home/youssef/Documents/chatwoot/app/views/api/v1/models/_inbox.json.jbuilder:2:in '_app_views_api_v__models__inbox_json_jbuilder__1080259863825970656_130944'
  /home/youssef/Documents/chatwoot/app/views/api/v1/accounts/inboxes/index.json.jbuilder:3:in 'block (2 levels) in _app_views_api_v__accounts_inboxes_index_json_jbuilder___4529883531735205127_127488'
  /home/youssef/Documents/chatwoot/app/views/api/v1/accounts/inboxes/index.json.jbuilder:2:in 'block in _app_views_api_v__accounts_inboxes_index_json_jbuilder___4529883531735205127_127488'
  /home/youssef/Documents/chatwoot/app/views/api/v1/accounts/inboxes/index.json.jbuilder:1:in '_app_views_api_v__accounts_inboxes_index_json_jbuilder___4529883531735205127_127488'
  /home/youssef/Documents/chatwoot/app/controllers/concerns/switch_locale.rb:39:in 'SwitchLocale#set_locale'
  /home/youssef/Documents/chatwoot/app/controllers/concerns/switch_locale.rb:18:in 'SwitchLocale#switch_locale_using_account_locale'
  /home/youssef/Documents/chatwoot/app/controllers/concerns/request_exception_handler.rb:11:in 'RequestExceptionHandler#handle_with_exception'
  /home/youssef/Documents/chatwoot/app/controllers/concerns/switch_locale.rb:39:in 'SwitchLocale#set_locale'
  /home/youssef/Documents/chatwoot/app/controllers/concerns/switch_locale.rb:13:in 'SwitchLocale#switch_locale'

2025-06-18 18:41:23[WARN] user: youssef
GET /api/v1/accounts/1/inboxes
USE eager loading detected
  Inbox => [:portal]
  Add to your query: .includes([:portal])
Call stack
  /home/youssef/Documents/chatwoot/app/models/concerns/avatarable.rb:14:in 'Avatarable#avatar_url'
  /home/youssef/Documents/chatwoot/app/views/api/v1/models/_inbox.json.jbuilder:2:in '_app_views_api_v__models__inbox_json_jbuilder__1080259863825970656_130944'
  /home/youssef/Documents/chatwoot/app/views/api/v1/accounts/inboxes/index.json.jbuilder:3:in 'block (2 levels) in _app_views_api_v__accounts_inboxes_index_json_jbuilder___4529883531735205127_127488'
  /home/youssef/Documents/chatwoot/app/views/api/v1/accounts/inboxes/index.json.jbuilder:2:in 'block in _app_views_api_v__accounts_inboxes_index_json_jbuilder___4529883531735205127_127488'
  /home/youssef/Documents/chatwoot/app/views/api/v1/accounts/inboxes/index.json.jbuilder:1:in '_app_views_api_v__accounts_inboxes_index_json_jbuilder___4529883531735205127_127488'
  /home/youssef/Documents/chatwoot/app/controllers/concerns/switch_locale.rb:39:in 'SwitchLocale#set_locale'
  /home/youssef/Documents/chatwoot/app/controllers/concerns/switch_locale.rb:18:in 'SwitchLocale#switch_locale_using_account_locale'
  /home/youssef/Documents/chatwoot/app/controllers/concerns/request_exception_handler.rb:11:in 'RequestExceptionHandler#handle_with_exception'
  /home/youssef/Documents/chatwoot/app/controllers/concerns/switch_locale.rb:39:in 'SwitchLocale#set_locale'
  /home/youssef/Documents/chatwoot/app/controllers/concerns/switch_locale.rb:13:in 'SwitchLocale#switch_locale'

2025-06-18 18:41:23[WARN] user: youssef
GET /api/v1/accounts/1/inboxes
USE eager loading detected
  Inbox => [:channel]
  Add to your query: .includes([:channel])
Call stack
  /home/youssef/Documents/chatwoot/app/models/concerns/avatarable.rb:14:in 'Avatarable#avatar_url'
  /home/youssef/Documents/chatwoot/app/views/api/v1/models/_inbox.json.jbuilder:2:in '_app_views_api_v__models__inbox_json_jbuilder__1080259863825970656_130944'
  /home/youssef/Documents/chatwoot/app/views/api/v1/accounts/inboxes/index.json.jbuilder:3:in 'block (2 levels) in _app_views_api_v__accounts_inboxes_index_json_jbuilder___4529883531735205127_127488'
  /home/youssef/Documents/chatwoot/app/views/api/v1/accounts/inboxes/index.json.jbuilder:2:in 'block in _app_views_api_v__accounts_inboxes_index_json_jbuilder___4529883531735205127_127488'
  /home/youssef/Documents/chatwoot/app/views/api/v1/accounts/inboxes/index.json.jbuilder:1:in '_app_views_api_v__accounts_inboxes_index_json_jbuilder___4529883531735205127_127488'
  /home/youssef/Documents/chatwoot/app/controllers/concerns/switch_locale.rb:39:in 'SwitchLocale#set_locale'
  /home/youssef/Documents/chatwoot/app/controllers/concerns/switch_locale.rb:18:in 'SwitchLocale#switch_locale_using_account_locale'
  /home/youssef/Documents/chatwoot/app/controllers/concerns/request_exception_handler.rb:11:in 'RequestExceptionHandler#handle_with_exception'
  /home/youssef/Documents/chatwoot/app/controllers/concerns/switch_locale.rb:39:in 'SwitchLocale#set_locale'
  /home/youssef/Documents/chatwoot/app/controllers/concerns/switch_locale.rb:13:in 'SwitchLocale#switch_locale'

2025-06-18 19:23:42[WARN] user: youssef
GET /auth/validate_token
USE eager loading detected
  AccountUser => [:account]
  Add to your query: .includes([:account])
Call stack
  /home/youssef/Documents/chatwoot/app/views/api/v1/models/_user.json.jbuilder:23:in 'block (2 levels) in _app_views_api_v__models__user_json_jbuilder___4229377582442773890_92488'
  /home/youssef/Documents/chatwoot/app/views/api/v1/models/_user.json.jbuilder:21:in 'block in _app_views_api_v__models__user_json_jbuilder___4229377582442773890_92488'
  /home/youssef/Documents/chatwoot/app/views/api/v1/models/_user.json.jbuilder:20:in '_app_views_api_v__models__user_json_jbuilder___4229377582442773890_92488'
  /home/youssef/Documents/chatwoot/app/views/devise/_auth.json.jbuilder:2:in 'block in _app_views_devise__auth_json_jbuilder__2184114673762439295_92480'
  /home/youssef/Documents/chatwoot/app/views/devise/_auth.json.jbuilder:1:in '_app_views_devise__auth_json_jbuilder__2184114673762439295_92480'
  /home/youssef/Documents/chatwoot/app/views/devise/token.json.jbuilder:3:in 'block in _app_views_devise_token_json_jbuilder__2584813546247626354_92472'
  /home/youssef/Documents/chatwoot/app/views/devise/token.json.jbuilder:1:in '_app_views_devise_token_json_jbuilder__2584813546247626354_92472'
  /home/youssef/Documents/chatwoot/app/controllers/devise_overrides/token_validations_controller.rb:5:in 'DeviseOverrides::TokenValidationsController#validate_token'
  /home/youssef/Documents/chatwoot/app/controllers/concerns/switch_locale.rb:39:in 'SwitchLocale#set_locale'
  /home/youssef/Documents/chatwoot/app/controllers/concerns/switch_locale.rb:13:in 'SwitchLocale#switch_locale'

2025-06-18 19:23:42[WARN] user: youssef
GET /auth/validate_token
USE eager loading detected
  AccountUser => [:custom_role]
  Add to your query: .includes([:custom_role])
Call stack
  /home/youssef/Documents/chatwoot/app/views/api/v1/models/_user.json.jbuilder:23:in 'block (2 levels) in _app_views_api_v__models__user_json_jbuilder___4229377582442773890_92488'
  /home/youssef/Documents/chatwoot/app/views/api/v1/models/_user.json.jbuilder:21:in 'block in _app_views_api_v__models__user_json_jbuilder___4229377582442773890_92488'
  /home/youssef/Documents/chatwoot/app/views/api/v1/models/_user.json.jbuilder:20:in '_app_views_api_v__models__user_json_jbuilder___4229377582442773890_92488'
  /home/youssef/Documents/chatwoot/app/views/devise/_auth.json.jbuilder:2:in 'block in _app_views_devise__auth_json_jbuilder__2184114673762439295_92480'
  /home/youssef/Documents/chatwoot/app/views/devise/_auth.json.jbuilder:1:in '_app_views_devise__auth_json_jbuilder__2184114673762439295_92480'
  /home/youssef/Documents/chatwoot/app/views/devise/token.json.jbuilder:3:in 'block in _app_views_devise_token_json_jbuilder__2584813546247626354_92472'
  /home/youssef/Documents/chatwoot/app/views/devise/token.json.jbuilder:1:in '_app_views_devise_token_json_jbuilder__2584813546247626354_92472'
  /home/youssef/Documents/chatwoot/app/controllers/devise_overrides/token_validations_controller.rb:5:in 'DeviseOverrides::TokenValidationsController#validate_token'
  /home/youssef/Documents/chatwoot/app/controllers/concerns/switch_locale.rb:39:in 'SwitchLocale#set_locale'
  /home/youssef/Documents/chatwoot/app/controllers/concerns/switch_locale.rb:13:in 'SwitchLocale#switch_locale'

2025-06-18 19:23:44[WARN] user: youssef
PUT /api/v1/profile
USE eager loading detected
  AccountUser => [:account]
  Add to your query: .includes([:account])
Call stack
  /home/youssef/Documents/chatwoot/app/views/api/v1/models/_user.json.jbuilder:23:in 'block (2 levels) in _app_views_api_v__models__user_json_jbuilder___4229377582442773890_92488'
  /home/youssef/Documents/chatwoot/app/views/api/v1/models/_user.json.jbuilder:21:in 'block in _app_views_api_v__models__user_json_jbuilder___4229377582442773890_92488'
  /home/youssef/Documents/chatwoot/app/views/api/v1/models/_user.json.jbuilder:20:in '_app_views_api_v__models__user_json_jbuilder___4229377582442773890_92488'
  /home/youssef/Documents/chatwoot/app/views/api/v1/profiles/update.json.jbuilder:1:in '_app_views_api_v__profiles_update_json_jbuilder__4422815806376006375_95272'
  /home/youssef/Documents/chatwoot/app/controllers/concerns/request_exception_handler.rb:11:in 'RequestExceptionHandler#handle_with_exception'
  /home/youssef/Documents/chatwoot/app/controllers/concerns/switch_locale.rb:39:in 'SwitchLocale#set_locale'
  /home/youssef/Documents/chatwoot/app/controllers/concerns/switch_locale.rb:13:in 'SwitchLocale#switch_locale'

2025-06-18 19:23:44[WARN] user: youssef
PUT /api/v1/profile
USE eager loading detected
  AccountUser => [:custom_role]
  Add to your query: .includes([:custom_role])
Call stack
  /home/youssef/Documents/chatwoot/app/views/api/v1/models/_user.json.jbuilder:23:in 'block (2 levels) in _app_views_api_v__models__user_json_jbuilder___4229377582442773890_92488'
  /home/youssef/Documents/chatwoot/app/views/api/v1/models/_user.json.jbuilder:21:in 'block in _app_views_api_v__models__user_json_jbuilder___4229377582442773890_92488'
  /home/youssef/Documents/chatwoot/app/views/api/v1/models/_user.json.jbuilder:20:in '_app_views_api_v__models__user_json_jbuilder___4229377582442773890_92488'
  /home/youssef/Documents/chatwoot/app/views/api/v1/profiles/update.json.jbuilder:1:in '_app_views_api_v__profiles_update_json_jbuilder__4422815806376006375_95272'
  /home/youssef/Documents/chatwoot/app/controllers/concerns/request_exception_handler.rb:11:in 'RequestExceptionHandler#handle_with_exception'
  /home/youssef/Documents/chatwoot/app/controllers/concerns/switch_locale.rb:39:in 'SwitchLocale#set_locale'
  /home/youssef/Documents/chatwoot/app/controllers/concerns/switch_locale.rb:13:in 'SwitchLocale#switch_locale'

2025-06-18 19:44:09[WARN] user: youssef
PUT /api/v1/profile
USE eager loading detected
  AccountUser => [:account]
  Add to your query: .includes([:account])
Call stack
  /home/youssef/Documents/chatwoot/app/views/api/v1/models/_user.json.jbuilder:23:in 'block (2 levels) in _app_views_api_v__models__user_json_jbuilder___4229377582442773890_92488'
  /home/youssef/Documents/chatwoot/app/views/api/v1/models/_user.json.jbuilder:21:in 'block in _app_views_api_v__models__user_json_jbuilder___4229377582442773890_92488'
  /home/youssef/Documents/chatwoot/app/views/api/v1/models/_user.json.jbuilder:20:in '_app_views_api_v__models__user_json_jbuilder___4229377582442773890_92488'
  /home/youssef/Documents/chatwoot/app/views/api/v1/profiles/update.json.jbuilder:1:in '_app_views_api_v__profiles_update_json_jbuilder__4422815806376006375_95272'
  /home/youssef/Documents/chatwoot/app/controllers/concerns/request_exception_handler.rb:11:in 'RequestExceptionHandler#handle_with_exception'
  /home/youssef/Documents/chatwoot/app/controllers/concerns/switch_locale.rb:39:in 'SwitchLocale#set_locale'
  /home/youssef/Documents/chatwoot/app/controllers/concerns/switch_locale.rb:13:in 'SwitchLocale#switch_locale'

2025-06-18 19:44:09[WARN] user: youssef
PUT /api/v1/profile
USE eager loading detected
  AccountUser => [:custom_role]
  Add to your query: .includes([:custom_role])
Call stack
  /home/youssef/Documents/chatwoot/app/views/api/v1/models/_user.json.jbuilder:23:in 'block (2 levels) in _app_views_api_v__models__user_json_jbuilder___4229377582442773890_92488'
  /home/youssef/Documents/chatwoot/app/views/api/v1/models/_user.json.jbuilder:21:in 'block in _app_views_api_v__models__user_json_jbuilder___4229377582442773890_92488'
  /home/youssef/Documents/chatwoot/app/views/api/v1/models/_user.json.jbuilder:20:in '_app_views_api_v__models__user_json_jbuilder___4229377582442773890_92488'
  /home/youssef/Documents/chatwoot/app/views/api/v1/profiles/update.json.jbuilder:1:in '_app_views_api_v__profiles_update_json_jbuilder__4422815806376006375_95272'
  /home/youssef/Documents/chatwoot/app/controllers/concerns/request_exception_handler.rb:11:in 'RequestExceptionHandler#handle_with_exception'
  /home/youssef/Documents/chatwoot/app/controllers/concerns/switch_locale.rb:39:in 'SwitchLocale#set_locale'
  /home/youssef/Documents/chatwoot/app/controllers/concerns/switch_locale.rb:13:in 'SwitchLocale#switch_locale'

2025-06-18 19:47:10[WARN] user: youssef
PUT /api/v1/profile
USE eager loading detected
  AccountUser => [:account]
  Add to your query: .includes([:account])
Call stack
  /home/youssef/Documents/chatwoot/app/views/api/v1/models/_user.json.jbuilder:23:in 'block (2 levels) in _app_views_api_v__models__user_json_jbuilder___4229377582442773890_92488'
  /home/youssef/Documents/chatwoot/app/views/api/v1/models/_user.json.jbuilder:21:in 'block in _app_views_api_v__models__user_json_jbuilder___4229377582442773890_92488'
  /home/youssef/Documents/chatwoot/app/views/api/v1/models/_user.json.jbuilder:20:in '_app_views_api_v__models__user_json_jbuilder___4229377582442773890_92488'
  /home/youssef/Documents/chatwoot/app/views/api/v1/profiles/update.json.jbuilder:1:in '_app_views_api_v__profiles_update_json_jbuilder__4422815806376006375_95272'
  /home/youssef/Documents/chatwoot/app/controllers/concerns/request_exception_handler.rb:11:in 'RequestExceptionHandler#handle_with_exception'
  /home/youssef/Documents/chatwoot/app/controllers/concerns/switch_locale.rb:39:in 'SwitchLocale#set_locale'
  /home/youssef/Documents/chatwoot/app/controllers/concerns/switch_locale.rb:13:in 'SwitchLocale#switch_locale'

2025-06-18 19:47:10[WARN] user: youssef
PUT /api/v1/profile
USE eager loading detected
  AccountUser => [:custom_role]
  Add to your query: .includes([:custom_role])
Call stack
  /home/youssef/Documents/chatwoot/app/views/api/v1/models/_user.json.jbuilder:23:in 'block (2 levels) in _app_views_api_v__models__user_json_jbuilder___4229377582442773890_92488'
  /home/youssef/Documents/chatwoot/app/views/api/v1/models/_user.json.jbuilder:21:in 'block in _app_views_api_v__models__user_json_jbuilder___4229377582442773890_92488'
  /home/youssef/Documents/chatwoot/app/views/api/v1/models/_user.json.jbuilder:20:in '_app_views_api_v__models__user_json_jbuilder___4229377582442773890_92488'
  /home/youssef/Documents/chatwoot/app/views/api/v1/profiles/update.json.jbuilder:1:in '_app_views_api_v__profiles_update_json_jbuilder__4422815806376006375_95272'
  /home/youssef/Documents/chatwoot/app/controllers/concerns/request_exception_handler.rb:11:in 'RequestExceptionHandler#handle_with_exception'
  /home/youssef/Documents/chatwoot/app/controllers/concerns/switch_locale.rb:39:in 'SwitchLocale#set_locale'
  /home/youssef/Documents/chatwoot/app/controllers/concerns/switch_locale.rb:13:in 'SwitchLocale#switch_locale'

2025-06-18 19:50:20[WARN] user: youssef
GET /api/v1/accounts/1/conversations?status=open&assignee_type=me&page=1&sort_by=last_activity_at_desc
AVOID eager loading detected
  Conversation => [:taggings, :assignee]
  Remove from your query: .includes([:taggings, :assignee])
Call stack
  /home/youssef/Documents/chatwoot/app/views/api/v1/accounts/conversations/index.json.jbuilder:9:in 'block (2 levels) in _app_views_api_v__accounts_conversations_index_json_jbuilder___3017147233254162999_108920'
  /home/youssef/Documents/chatwoot/app/views/api/v1/accounts/conversations/index.json.jbuilder:8:in 'block in _app_views_api_v__accounts_conversations_index_json_jbuilder___3017147233254162999_108920'
  /home/youssef/Documents/chatwoot/app/views/api/v1/accounts/conversations/index.json.jbuilder:1:in '_app_views_api_v__accounts_conversations_index_json_jbuilder___3017147233254162999_108920'
  /home/youssef/Documents/chatwoot/app/controllers/concerns/switch_locale.rb:39:in 'SwitchLocale#set_locale'
  /home/youssef/Documents/chatwoot/app/controllers/concerns/switch_locale.rb:18:in 'SwitchLocale#switch_locale_using_account_locale'
  /home/youssef/Documents/chatwoot/app/controllers/concerns/request_exception_handler.rb:11:in 'RequestExceptionHandler#handle_with_exception'
  /home/youssef/Documents/chatwoot/app/controllers/concerns/switch_locale.rb:39:in 'SwitchLocale#set_locale'
  /home/youssef/Documents/chatwoot/app/controllers/concerns/switch_locale.rb:13:in 'SwitchLocale#switch_locale'

2025-06-18 19:50:22[WARN] user: youssef
GET /api/v1/accounts/1/conversations?status=open&assignee_type=all&page=1&sort_by=last_activity_at_desc
AVOID eager loading detected
  Conversation => [:taggings, :assignee]
  Remove from your query: .includes([:taggings, :assignee])
Call stack
  /home/youssef/Documents/chatwoot/app/views/api/v1/accounts/conversations/index.json.jbuilder:9:in 'block (2 levels) in _app_views_api_v__accounts_conversations_index_json_jbuilder___3017147233254162999_108920'
  /home/youssef/Documents/chatwoot/app/views/api/v1/accounts/conversations/index.json.jbuilder:8:in 'block in _app_views_api_v__accounts_conversations_index_json_jbuilder___3017147233254162999_108920'
  /home/youssef/Documents/chatwoot/app/views/api/v1/accounts/conversations/index.json.jbuilder:1:in '_app_views_api_v__accounts_conversations_index_json_jbuilder___3017147233254162999_108920'
  /home/youssef/Documents/chatwoot/app/controllers/concerns/switch_locale.rb:39:in 'SwitchLocale#set_locale'
  /home/youssef/Documents/chatwoot/app/controllers/concerns/switch_locale.rb:18:in 'SwitchLocale#switch_locale_using_account_locale'
  /home/youssef/Documents/chatwoot/app/controllers/concerns/request_exception_handler.rb:11:in 'RequestExceptionHandler#handle_with_exception'
  /home/youssef/Documents/chatwoot/app/controllers/concerns/switch_locale.rb:39:in 'SwitchLocale#set_locale'
  /home/youssef/Documents/chatwoot/app/controllers/concerns/switch_locale.rb:13:in 'SwitchLocale#switch_locale'

2025-06-18 19:52:37[WARN] user: youssef
GET /api/v1/accounts/1/conversations?status=open&assignee_type=me&page=1&sort_by=last_activity_at_desc
AVOID eager loading detected
  Conversation => [:taggings, :assignee]
  Remove from your query: .includes([:taggings, :assignee])
Call stack
  /home/youssef/Documents/chatwoot/app/views/api/v1/accounts/conversations/index.json.jbuilder:9:in 'block (2 levels) in _app_views_api_v__accounts_conversations_index_json_jbuilder___3017147233254162999_108920'
  /home/youssef/Documents/chatwoot/app/views/api/v1/accounts/conversations/index.json.jbuilder:8:in 'block in _app_views_api_v__accounts_conversations_index_json_jbuilder___3017147233254162999_108920'
  /home/youssef/Documents/chatwoot/app/views/api/v1/accounts/conversations/index.json.jbuilder:1:in '_app_views_api_v__accounts_conversations_index_json_jbuilder___3017147233254162999_108920'
  /home/youssef/Documents/chatwoot/app/controllers/concerns/switch_locale.rb:39:in 'SwitchLocale#set_locale'
  /home/youssef/Documents/chatwoot/app/controllers/concerns/switch_locale.rb:18:in 'SwitchLocale#switch_locale_using_account_locale'
  /home/youssef/Documents/chatwoot/app/controllers/concerns/request_exception_handler.rb:11:in 'RequestExceptionHandler#handle_with_exception'
  /home/youssef/Documents/chatwoot/app/controllers/concerns/switch_locale.rb:39:in 'SwitchLocale#set_locale'
  /home/youssef/Documents/chatwoot/app/controllers/concerns/switch_locale.rb:13:in 'SwitchLocale#switch_locale'

2025-06-18 19:52:38[WARN] user: youssef
GET /api/v1/accounts/1/conversations?status=open&assignee_type=all&page=1&sort_by=last_activity_at_desc
AVOID eager loading detected
  Conversation => [:taggings, :assignee]
  Remove from your query: .includes([:taggings, :assignee])
Call stack
  /home/youssef/Documents/chatwoot/app/views/api/v1/accounts/conversations/index.json.jbuilder:9:in 'block (2 levels) in _app_views_api_v__accounts_conversations_index_json_jbuilder___3017147233254162999_108920'
  /home/youssef/Documents/chatwoot/app/views/api/v1/accounts/conversations/index.json.jbuilder:8:in 'block in _app_views_api_v__accounts_conversations_index_json_jbuilder___3017147233254162999_108920'
  /home/youssef/Documents/chatwoot/app/views/api/v1/accounts/conversations/index.json.jbuilder:1:in '_app_views_api_v__accounts_conversations_index_json_jbuilder___3017147233254162999_108920'
  /home/youssef/Documents/chatwoot/app/controllers/concerns/switch_locale.rb:39:in 'SwitchLocale#set_locale'
  /home/youssef/Documents/chatwoot/app/controllers/concerns/switch_locale.rb:18:in 'SwitchLocale#switch_locale_using_account_locale'
  /home/youssef/Documents/chatwoot/app/controllers/concerns/request_exception_handler.rb:11:in 'RequestExceptionHandler#handle_with_exception'
  /home/youssef/Documents/chatwoot/app/controllers/concerns/switch_locale.rb:39:in 'SwitchLocale#set_locale'
  /home/youssef/Documents/chatwoot/app/controllers/concerns/switch_locale.rb:13:in 'SwitchLocale#switch_locale'

2025-06-18 19:52:40[WARN] user: youssef
PUT /api/v1/profile
USE eager loading detected
  AccountUser => [:account]
  Add to your query: .includes([:account])
Call stack
  /home/youssef/Documents/chatwoot/app/views/api/v1/models/_user.json.jbuilder:23:in 'block (2 levels) in _app_views_api_v__models__user_json_jbuilder___4229377582442773890_92488'
  /home/youssef/Documents/chatwoot/app/views/api/v1/models/_user.json.jbuilder:21:in 'block in _app_views_api_v__models__user_json_jbuilder___4229377582442773890_92488'
  /home/youssef/Documents/chatwoot/app/views/api/v1/models/_user.json.jbuilder:20:in '_app_views_api_v__models__user_json_jbuilder___4229377582442773890_92488'
  /home/youssef/Documents/chatwoot/app/views/api/v1/profiles/update.json.jbuilder:1:in '_app_views_api_v__profiles_update_json_jbuilder__4422815806376006375_95272'
  /home/youssef/Documents/chatwoot/app/controllers/concerns/request_exception_handler.rb:11:in 'RequestExceptionHandler#handle_with_exception'
  /home/youssef/Documents/chatwoot/app/controllers/concerns/switch_locale.rb:39:in 'SwitchLocale#set_locale'
  /home/youssef/Documents/chatwoot/app/controllers/concerns/switch_locale.rb:13:in 'SwitchLocale#switch_locale'

2025-06-18 19:52:40[WARN] user: youssef
PUT /api/v1/profile
USE eager loading detected
  AccountUser => [:custom_role]
  Add to your query: .includes([:custom_role])
Call stack
  /home/youssef/Documents/chatwoot/app/views/api/v1/models/_user.json.jbuilder:23:in 'block (2 levels) in _app_views_api_v__models__user_json_jbuilder___4229377582442773890_92488'
  /home/youssef/Documents/chatwoot/app/views/api/v1/models/_user.json.jbuilder:21:in 'block in _app_views_api_v__models__user_json_jbuilder___4229377582442773890_92488'
  /home/youssef/Documents/chatwoot/app/views/api/v1/models/_user.json.jbuilder:20:in '_app_views_api_v__models__user_json_jbuilder___4229377582442773890_92488'
  /home/youssef/Documents/chatwoot/app/views/api/v1/profiles/update.json.jbuilder:1:in '_app_views_api_v__profiles_update_json_jbuilder__4422815806376006375_95272'
  /home/youssef/Documents/chatwoot/app/controllers/concerns/request_exception_handler.rb:11:in 'RequestExceptionHandler#handle_with_exception'
  /home/youssef/Documents/chatwoot/app/controllers/concerns/switch_locale.rb:39:in 'SwitchLocale#set_locale'
  /home/youssef/Documents/chatwoot/app/controllers/concerns/switch_locale.rb:13:in 'SwitchLocale#switch_locale'

2025-06-18 19:52:44[WARN] user: youssef
PUT /api/v1/profile
USE eager loading detected
  AccountUser => [:account]
  Add to your query: .includes([:account])
Call stack
  /home/youssef/Documents/chatwoot/app/views/api/v1/models/_user.json.jbuilder:23:in 'block (2 levels) in _app_views_api_v__models__user_json_jbuilder___4229377582442773890_92488'
  /home/youssef/Documents/chatwoot/app/views/api/v1/models/_user.json.jbuilder:21:in 'block in _app_views_api_v__models__user_json_jbuilder___4229377582442773890_92488'
  /home/youssef/Documents/chatwoot/app/views/api/v1/models/_user.json.jbuilder:20:in '_app_views_api_v__models__user_json_jbuilder___4229377582442773890_92488'
  /home/youssef/Documents/chatwoot/app/views/api/v1/profiles/update.json.jbuilder:1:in '_app_views_api_v__profiles_update_json_jbuilder__4422815806376006375_95272'
  /home/youssef/Documents/chatwoot/app/controllers/concerns/request_exception_handler.rb:11:in 'RequestExceptionHandler#handle_with_exception'
  /home/youssef/Documents/chatwoot/app/controllers/concerns/switch_locale.rb:39:in 'SwitchLocale#set_locale'
  /home/youssef/Documents/chatwoot/app/controllers/concerns/switch_locale.rb:13:in 'SwitchLocale#switch_locale'

2025-06-18 19:52:44[WARN] user: youssef
PUT /api/v1/profile
USE eager loading detected
  AccountUser => [:custom_role]
  Add to your query: .includes([:custom_role])
Call stack
  /home/youssef/Documents/chatwoot/app/views/api/v1/models/_user.json.jbuilder:23:in 'block (2 levels) in _app_views_api_v__models__user_json_jbuilder___4229377582442773890_92488'
  /home/youssef/Documents/chatwoot/app/views/api/v1/models/_user.json.jbuilder:21:in 'block in _app_views_api_v__models__user_json_jbuilder___4229377582442773890_92488'
  /home/youssef/Documents/chatwoot/app/views/api/v1/models/_user.json.jbuilder:20:in '_app_views_api_v__models__user_json_jbuilder___4229377582442773890_92488'
  /home/youssef/Documents/chatwoot/app/views/api/v1/profiles/update.json.jbuilder:1:in '_app_views_api_v__profiles_update_json_jbuilder__4422815806376006375_95272'
  /home/youssef/Documents/chatwoot/app/controllers/concerns/request_exception_handler.rb:11:in 'RequestExceptionHandler#handle_with_exception'
  /home/youssef/Documents/chatwoot/app/controllers/concerns/switch_locale.rb:39:in 'SwitchLocale#set_locale'
  /home/youssef/Documents/chatwoot/app/controllers/concerns/switch_locale.rb:13:in 'SwitchLocale#switch_locale'

2025-06-18 19:52:44[WARN] user: youssef
GET /api/v1/accounts/1/contacts/2?include_contact_inboxes=false
AVOID eager loading detected
  Contact => [:contact_inboxes]
  Remove from your query: .includes([:contact_inboxes])
Call stack
  /home/youssef/Documents/chatwoot/app/controllers/api/v1/accounts/contacts_controller.rb:187:in 'Api::V1::Accounts::ContactsController#fetch_contact'
  /home/youssef/Documents/chatwoot/app/controllers/concerns/switch_locale.rb:39:in 'SwitchLocale#set_locale'
  /home/youssef/Documents/chatwoot/app/controllers/concerns/switch_locale.rb:18:in 'SwitchLocale#switch_locale_using_account_locale'
  /home/youssef/Documents/chatwoot/app/controllers/concerns/request_exception_handler.rb:11:in 'RequestExceptionHandler#handle_with_exception'
  /home/youssef/Documents/chatwoot/app/controllers/concerns/switch_locale.rb:39:in 'SwitchLocale#set_locale'
  /home/youssef/Documents/chatwoot/app/controllers/concerns/switch_locale.rb:13:in 'SwitchLocale#switch_locale'

2025-06-18 19:52:44[WARN] user: youssef
GET /api/v1/accounts/1/contacts/2?include_contact_inboxes=false
AVOID eager loading detected
  ContactInbox => [:inbox]
  Remove from your query: .includes([:inbox])
Call stack
  /home/youssef/Documents/chatwoot/app/controllers/api/v1/accounts/contacts_controller.rb:187:in 'Api::V1::Accounts::ContactsController#fetch_contact'
  /home/youssef/Documents/chatwoot/app/controllers/concerns/switch_locale.rb:39:in 'SwitchLocale#set_locale'
  /home/youssef/Documents/chatwoot/app/controllers/concerns/switch_locale.rb:18:in 'SwitchLocale#switch_locale_using_account_locale'
  /home/youssef/Documents/chatwoot/app/controllers/concerns/request_exception_handler.rb:11:in 'RequestExceptionHandler#handle_with_exception'
  /home/youssef/Documents/chatwoot/app/controllers/concerns/switch_locale.rb:39:in 'SwitchLocale#set_locale'
  /home/youssef/Documents/chatwoot/app/controllers/concerns/switch_locale.rb:13:in 'SwitchLocale#switch_locale'

2025-06-18 19:52:44[WARN] user: youssef
GET /api/v1/accounts/1/contacts/2/contactable_inboxes
AVOID eager loading detected
  Contact => [:contact_inboxes]
  Remove from your query: .includes([:contact_inboxes])
Call stack
  /home/youssef/Documents/chatwoot/app/controllers/api/v1/accounts/contacts_controller.rb:187:in 'Api::V1::Accounts::ContactsController#fetch_contact'
  /home/youssef/Documents/chatwoot/app/controllers/concerns/switch_locale.rb:39:in 'SwitchLocale#set_locale'
  /home/youssef/Documents/chatwoot/app/controllers/concerns/switch_locale.rb:18:in 'SwitchLocale#switch_locale_using_account_locale'
  /home/youssef/Documents/chatwoot/app/controllers/concerns/request_exception_handler.rb:11:in 'RequestExceptionHandler#handle_with_exception'
  /home/youssef/Documents/chatwoot/app/controllers/concerns/switch_locale.rb:39:in 'SwitchLocale#set_locale'
  /home/youssef/Documents/chatwoot/app/controllers/concerns/switch_locale.rb:13:in 'SwitchLocale#switch_locale'

2025-06-18 19:52:44[WARN] user: youssef
GET /api/v1/accounts/1/contacts/2/contactable_inboxes
AVOID eager loading detected
  ContactInbox => [:inbox]
  Remove from your query: .includes([:inbox])
Call stack
  /home/youssef/Documents/chatwoot/app/controllers/api/v1/accounts/contacts_controller.rb:187:in 'Api::V1::Accounts::ContactsController#fetch_contact'
  /home/youssef/Documents/chatwoot/app/controllers/concerns/switch_locale.rb:39:in 'SwitchLocale#set_locale'
  /home/youssef/Documents/chatwoot/app/controllers/concerns/switch_locale.rb:18:in 'SwitchLocale#switch_locale_using_account_locale'
  /home/youssef/Documents/chatwoot/app/controllers/concerns/request_exception_handler.rb:11:in 'RequestExceptionHandler#handle_with_exception'
  /home/youssef/Documents/chatwoot/app/controllers/concerns/switch_locale.rb:39:in 'SwitchLocale#set_locale'
  /home/youssef/Documents/chatwoot/app/controllers/concerns/switch_locale.rb:13:in 'SwitchLocale#switch_locale'

2025-06-18 19:52:46[WARN] user: youssef
PUT /api/v1/profile
USE eager loading detected
  AccountUser => [:account]
  Add to your query: .includes([:account])
Call stack
  /home/youssef/Documents/chatwoot/app/views/api/v1/models/_user.json.jbuilder:23:in 'block (2 levels) in _app_views_api_v__models__user_json_jbuilder___4229377582442773890_92488'
  /home/youssef/Documents/chatwoot/app/views/api/v1/models/_user.json.jbuilder:21:in 'block in _app_views_api_v__models__user_json_jbuilder___4229377582442773890_92488'
  /home/youssef/Documents/chatwoot/app/views/api/v1/models/_user.json.jbuilder:20:in '_app_views_api_v__models__user_json_jbuilder___4229377582442773890_92488'
  /home/youssef/Documents/chatwoot/app/views/api/v1/profiles/update.json.jbuilder:1:in '_app_views_api_v__profiles_update_json_jbuilder__4422815806376006375_95272'
  /home/youssef/Documents/chatwoot/app/controllers/concerns/request_exception_handler.rb:11:in 'RequestExceptionHandler#handle_with_exception'
  /home/youssef/Documents/chatwoot/app/controllers/concerns/switch_locale.rb:39:in 'SwitchLocale#set_locale'
  /home/youssef/Documents/chatwoot/app/controllers/concerns/switch_locale.rb:13:in 'SwitchLocale#switch_locale'

2025-06-18 19:52:46[WARN] user: youssef
PUT /api/v1/profile
USE eager loading detected
  AccountUser => [:custom_role]
  Add to your query: .includes([:custom_role])
Call stack
  /home/youssef/Documents/chatwoot/app/views/api/v1/models/_user.json.jbuilder:23:in 'block (2 levels) in _app_views_api_v__models__user_json_jbuilder___4229377582442773890_92488'
  /home/youssef/Documents/chatwoot/app/views/api/v1/models/_user.json.jbuilder:21:in 'block in _app_views_api_v__models__user_json_jbuilder___4229377582442773890_92488'
  /home/youssef/Documents/chatwoot/app/views/api/v1/models/_user.json.jbuilder:20:in '_app_views_api_v__models__user_json_jbuilder___4229377582442773890_92488'
  /home/youssef/Documents/chatwoot/app/views/api/v1/profiles/update.json.jbuilder:1:in '_app_views_api_v__profiles_update_json_jbuilder__4422815806376006375_95272'
  /home/youssef/Documents/chatwoot/app/controllers/concerns/request_exception_handler.rb:11:in 'RequestExceptionHandler#handle_with_exception'
  /home/youssef/Documents/chatwoot/app/controllers/concerns/switch_locale.rb:39:in 'SwitchLocale#set_locale'
  /home/youssef/Documents/chatwoot/app/controllers/concerns/switch_locale.rb:13:in 'SwitchLocale#switch_locale'

2025-06-18 19:56:00[WARN] user: youssef
GET /super_admin/accounts
Need Counter Cache with Active Record size
  Account => [:conversations]

2025-06-18 19:56:00[WARN] user: youssef
GET /super_admin/accounts
USE eager loading detected
  Account => [:conversations]
  Add to your query: .includes([:conversations])
Call stack
  /home/youssef/Documents/chatwoot/app/fields/count_field.rb:5:in 'CountField#to_s'
  /home/youssef/Documents/chatwoot/app/views/fields/count_field/_index.html.erb:1:in '_app_views_fields_count_field__index_html_erb___2377611981664527306_106816'
  /home/youssef/Documents/chatwoot/app/views/super_admin/application/_collection.html.erb:69:in 'block (2 levels) in _app_views_super_admin_application__collection_html_erb__939198973500945644_135200'
  /home/youssef/Documents/chatwoot/app/views/super_admin/application/_collection.html.erb:63:in 'Array#each'
  /home/youssef/Documents/chatwoot/app/views/super_admin/application/_collection.html.erb:63:in 'block in _app_views_super_admin_application__collection_html_erb__939198973500945644_135200'
  /home/youssef/Documents/chatwoot/app/views/super_admin/application/_collection.html.erb:56:in '_app_views_super_admin_application__collection_html_erb__939198973500945644_135200'
  /home/youssef/Documents/chatwoot/app/views/super_admin/application/index.html.erb:65:in '_app_views_super_admin_application_index_html_erb___3927820389054271867_106688'

2025-06-18 19:56:01[WARN] user: youssef
GET /super_admin/accounts/2
AVOID eager loading detected
  AccountUser => [:account]
  Remove from your query: .includes([:account])
Call stack
  /home/youssef/Documents/chatwoot/app/views/super_admin/application/_collection.html.erb:56:in '_app_views_super_admin_application__collection_html_erb__939198973500945644_136576'
  /home/youssef/Documents/chatwoot/app/views/super_admin/accounts/show.html.erb:86:in 'block (2 levels) in _app_views_super_admin_accounts_show_html_erb__1197926575203044301_136448'
  /home/youssef/Documents/chatwoot/app/views/super_admin/accounts/show.html.erb:78:in 'Array#each'
  /home/youssef/Documents/chatwoot/app/views/super_admin/accounts/show.html.erb:78:in 'block in _app_views_super_admin_accounts_show_html_erb__1197926575203044301_136448'
  /home/youssef/Documents/chatwoot/app/views/super_admin/accounts/show.html.erb:36:in 'Hash#each'
  /home/youssef/Documents/chatwoot/app/views/super_admin/accounts/show.html.erb:36:in '_app_views_super_admin_accounts_show_html_erb__1197926575203044301_136448'

2025-06-18 20:51:31[WARN] user: youssef
GET /auth/validate_token
USE eager loading detected
  AccountUser => [:account]
  Add to your query: .includes([:account])
Call stack
  /home/youssef/Documents/chatwoot/app/views/api/v1/models/_user.json.jbuilder:23:in 'block (2 levels) in _app_views_api_v__models__user_json_jbuilder___1462471762750721883_97424'
  /home/youssef/Documents/chatwoot/app/views/api/v1/models/_user.json.jbuilder:21:in 'block in _app_views_api_v__models__user_json_jbuilder___1462471762750721883_97424'
  /home/youssef/Documents/chatwoot/app/views/api/v1/models/_user.json.jbuilder:20:in '_app_views_api_v__models__user_json_jbuilder___1462471762750721883_97424'
  /home/youssef/Documents/chatwoot/app/views/devise/_auth.json.jbuilder:2:in 'block in _app_views_devise__auth_json_jbuilder___1732579511281300143_97416'
  /home/youssef/Documents/chatwoot/app/views/devise/_auth.json.jbuilder:1:in '_app_views_devise__auth_json_jbuilder___1732579511281300143_97416'
  /home/youssef/Documents/chatwoot/app/views/devise/token.json.jbuilder:3:in 'block in _app_views_devise_token_json_jbuilder__2020693583783671025_97408'
  /home/youssef/Documents/chatwoot/app/views/devise/token.json.jbuilder:1:in '_app_views_devise_token_json_jbuilder__2020693583783671025_97408'
  /home/youssef/Documents/chatwoot/app/controllers/devise_overrides/token_validations_controller.rb:5:in 'DeviseOverrides::TokenValidationsController#validate_token'
  /home/youssef/Documents/chatwoot/app/controllers/concerns/switch_locale.rb:39:in 'SwitchLocale#set_locale'
  /home/youssef/Documents/chatwoot/app/controllers/concerns/switch_locale.rb:13:in 'SwitchLocale#switch_locale'

2025-06-18 20:51:31[WARN] user: youssef
GET /auth/validate_token
USE eager loading detected
  AccountUser => [:custom_role]
  Add to your query: .includes([:custom_role])
Call stack
  /home/youssef/Documents/chatwoot/app/views/api/v1/models/_user.json.jbuilder:23:in 'block (2 levels) in _app_views_api_v__models__user_json_jbuilder___1462471762750721883_97424'
  /home/youssef/Documents/chatwoot/app/views/api/v1/models/_user.json.jbuilder:21:in 'block in _app_views_api_v__models__user_json_jbuilder___1462471762750721883_97424'
  /home/youssef/Documents/chatwoot/app/views/api/v1/models/_user.json.jbuilder:20:in '_app_views_api_v__models__user_json_jbuilder___1462471762750721883_97424'
  /home/youssef/Documents/chatwoot/app/views/devise/_auth.json.jbuilder:2:in 'block in _app_views_devise__auth_json_jbuilder___1732579511281300143_97416'
  /home/youssef/Documents/chatwoot/app/views/devise/_auth.json.jbuilder:1:in '_app_views_devise__auth_json_jbuilder___1732579511281300143_97416'
  /home/youssef/Documents/chatwoot/app/views/devise/token.json.jbuilder:3:in 'block in _app_views_devise_token_json_jbuilder__2020693583783671025_97408'
  /home/youssef/Documents/chatwoot/app/views/devise/token.json.jbuilder:1:in '_app_views_devise_token_json_jbuilder__2020693583783671025_97408'
  /home/youssef/Documents/chatwoot/app/controllers/devise_overrides/token_validations_controller.rb:5:in 'DeviseOverrides::TokenValidationsController#validate_token'
  /home/youssef/Documents/chatwoot/app/controllers/concerns/switch_locale.rb:39:in 'SwitchLocale#set_locale'
  /home/youssef/Documents/chatwoot/app/controllers/concerns/switch_locale.rb:13:in 'SwitchLocale#switch_locale'

2025-06-18 20:51:33[WARN] user: youssef
GET /api/v1/accounts/1/conversations?status=open&assignee_type=me&page=1&sort_by=last_activity_at_desc
AVOID eager loading detected
  Conversation => [:taggings, :assignee]
  Remove from your query: .includes([:taggings, :assignee])
Call stack
  /home/youssef/Documents/chatwoot/app/views/api/v1/accounts/conversations/index.json.jbuilder:9:in 'block (2 levels) in _app_views_api_v__accounts_conversations_index_json_jbuilder___863738380183269288_93528'
  /home/youssef/Documents/chatwoot/app/views/api/v1/accounts/conversations/index.json.jbuilder:8:in 'block in _app_views_api_v__accounts_conversations_index_json_jbuilder___863738380183269288_93528'
  /home/youssef/Documents/chatwoot/app/views/api/v1/accounts/conversations/index.json.jbuilder:1:in '_app_views_api_v__accounts_conversations_index_json_jbuilder___863738380183269288_93528'
  /home/youssef/Documents/chatwoot/app/controllers/concerns/switch_locale.rb:39:in 'SwitchLocale#set_locale'
  /home/youssef/Documents/chatwoot/app/controllers/concerns/switch_locale.rb:18:in 'SwitchLocale#switch_locale_using_account_locale'
  /home/youssef/Documents/chatwoot/app/controllers/concerns/request_exception_handler.rb:11:in 'RequestExceptionHandler#handle_with_exception'
  /home/youssef/Documents/chatwoot/app/controllers/concerns/switch_locale.rb:39:in 'SwitchLocale#set_locale'
  /home/youssef/Documents/chatwoot/app/controllers/concerns/switch_locale.rb:13:in 'SwitchLocale#switch_locale'

2025-06-18 20:51:33[WARN] user: youssef
PUT /api/v1/profile
USE eager loading detected
  AccountUser => [:account]
  Add to your query: .includes([:account])
Call stack
  /home/youssef/Documents/chatwoot/app/views/api/v1/models/_user.json.jbuilder:23:in 'block (2 levels) in _app_views_api_v__models__user_json_jbuilder___1462471762750721883_97424'
  /home/youssef/Documents/chatwoot/app/views/api/v1/models/_user.json.jbuilder:21:in 'block in _app_views_api_v__models__user_json_jbuilder___1462471762750721883_97424'
  /home/youssef/Documents/chatwoot/app/views/api/v1/models/_user.json.jbuilder:20:in '_app_views_api_v__models__user_json_jbuilder___1462471762750721883_97424'
  /home/youssef/Documents/chatwoot/app/views/api/v1/profiles/update.json.jbuilder:1:in '_app_views_api_v__profiles_update_json_jbuilder___908427512361380824_99656'
  /home/youssef/Documents/chatwoot/app/controllers/concerns/request_exception_handler.rb:11:in 'RequestExceptionHandler#handle_with_exception'
  /home/youssef/Documents/chatwoot/app/controllers/concerns/switch_locale.rb:39:in 'SwitchLocale#set_locale'
  /home/youssef/Documents/chatwoot/app/controllers/concerns/switch_locale.rb:13:in 'SwitchLocale#switch_locale'

2025-06-18 20:51:33[WARN] user: youssef
PUT /api/v1/profile
USE eager loading detected
  AccountUser => [:custom_role]
  Add to your query: .includes([:custom_role])
Call stack
  /home/youssef/Documents/chatwoot/app/views/api/v1/models/_user.json.jbuilder:23:in 'block (2 levels) in _app_views_api_v__models__user_json_jbuilder___1462471762750721883_97424'
  /home/youssef/Documents/chatwoot/app/views/api/v1/models/_user.json.jbuilder:21:in 'block in _app_views_api_v__models__user_json_jbuilder___1462471762750721883_97424'
  /home/youssef/Documents/chatwoot/app/views/api/v1/models/_user.json.jbuilder:20:in '_app_views_api_v__models__user_json_jbuilder___1462471762750721883_97424'
  /home/youssef/Documents/chatwoot/app/views/api/v1/profiles/update.json.jbuilder:1:in '_app_views_api_v__profiles_update_json_jbuilder___908427512361380824_99656'
  /home/youssef/Documents/chatwoot/app/controllers/concerns/request_exception_handler.rb:11:in 'RequestExceptionHandler#handle_with_exception'
  /home/youssef/Documents/chatwoot/app/controllers/concerns/switch_locale.rb:39:in 'SwitchLocale#set_locale'
  /home/youssef/Documents/chatwoot/app/controllers/concerns/switch_locale.rb:13:in 'SwitchLocale#switch_locale'

2025-06-18 21:02:22[WARN] user: youssef
GET /auth/validate_token
USE eager loading detected
  AccountUser => [:account]
  Add to your query: .includes([:account])
Call stack
  /home/youssef/Documents/chatwoot/app/views/api/v1/models/_user.json.jbuilder:23:in 'block (2 levels) in _app_views_api_v__models__user_json_jbuilder__3365295427631520764_92400'
  /home/youssef/Documents/chatwoot/app/views/api/v1/models/_user.json.jbuilder:21:in 'block in _app_views_api_v__models__user_json_jbuilder__3365295427631520764_92400'
  /home/youssef/Documents/chatwoot/app/views/api/v1/models/_user.json.jbuilder:20:in '_app_views_api_v__models__user_json_jbuilder__3365295427631520764_92400'
  /home/youssef/Documents/chatwoot/app/views/devise/_auth.json.jbuilder:2:in 'block in _app_views_devise__auth_json_jbuilder__1363223280752174347_92392'
  /home/youssef/Documents/chatwoot/app/views/devise/_auth.json.jbuilder:1:in '_app_views_devise__auth_json_jbuilder__1363223280752174347_92392'
  /home/youssef/Documents/chatwoot/app/views/devise/token.json.jbuilder:3:in 'block in _app_views_devise_token_json_jbuilder__3397104859166661849_92384'
  /home/youssef/Documents/chatwoot/app/views/devise/token.json.jbuilder:1:in '_app_views_devise_token_json_jbuilder__3397104859166661849_92384'
  /home/youssef/Documents/chatwoot/app/controllers/devise_overrides/token_validations_controller.rb:5:in 'DeviseOverrides::TokenValidationsController#validate_token'
  /home/youssef/Documents/chatwoot/app/controllers/concerns/switch_locale.rb:39:in 'SwitchLocale#set_locale'
  /home/youssef/Documents/chatwoot/app/controllers/concerns/switch_locale.rb:13:in 'SwitchLocale#switch_locale'

2025-06-18 21:02:22[WARN] user: youssef
GET /auth/validate_token
USE eager loading detected
  AccountUser => [:custom_role]
  Add to your query: .includes([:custom_role])
Call stack
  /home/youssef/Documents/chatwoot/app/views/api/v1/models/_user.json.jbuilder:23:in 'block (2 levels) in _app_views_api_v__models__user_json_jbuilder__3365295427631520764_92400'
  /home/youssef/Documents/chatwoot/app/views/api/v1/models/_user.json.jbuilder:21:in 'block in _app_views_api_v__models__user_json_jbuilder__3365295427631520764_92400'
  /home/youssef/Documents/chatwoot/app/views/api/v1/models/_user.json.jbuilder:20:in '_app_views_api_v__models__user_json_jbuilder__3365295427631520764_92400'
  /home/youssef/Documents/chatwoot/app/views/devise/_auth.json.jbuilder:2:in 'block in _app_views_devise__auth_json_jbuilder__1363223280752174347_92392'
  /home/youssef/Documents/chatwoot/app/views/devise/_auth.json.jbuilder:1:in '_app_views_devise__auth_json_jbuilder__1363223280752174347_92392'
  /home/youssef/Documents/chatwoot/app/views/devise/token.json.jbuilder:3:in 'block in _app_views_devise_token_json_jbuilder__3397104859166661849_92384'
  /home/youssef/Documents/chatwoot/app/views/devise/token.json.jbuilder:1:in '_app_views_devise_token_json_jbuilder__3397104859166661849_92384'
  /home/youssef/Documents/chatwoot/app/controllers/devise_overrides/token_validations_controller.rb:5:in 'DeviseOverrides::TokenValidationsController#validate_token'
  /home/youssef/Documents/chatwoot/app/controllers/concerns/switch_locale.rb:39:in 'SwitchLocale#set_locale'
  /home/youssef/Documents/chatwoot/app/controllers/concerns/switch_locale.rb:13:in 'SwitchLocale#switch_locale'

2025-06-18 21:02:27[WARN] user: youssef
PUT /api/v1/profile
USE eager loading detected
  AccountUser => [:account]
  Add to your query: .includes([:account])
Call stack
  /home/youssef/Documents/chatwoot/app/views/api/v1/models/_user.json.jbuilder:23:in 'block (2 levels) in _app_views_api_v__models__user_json_jbuilder__3365295427631520764_92400'
  /home/youssef/Documents/chatwoot/app/views/api/v1/models/_user.json.jbuilder:21:in 'block in _app_views_api_v__models__user_json_jbuilder__3365295427631520764_92400'
  /home/youssef/Documents/chatwoot/app/views/api/v1/models/_user.json.jbuilder:20:in '_app_views_api_v__models__user_json_jbuilder__3365295427631520764_92400'
  /home/youssef/Documents/chatwoot/app/views/api/v1/profiles/update.json.jbuilder:1:in '_app_views_api_v__profiles_update_json_jbuilder__3745968831240030964_95152'
  /home/youssef/Documents/chatwoot/app/controllers/concerns/request_exception_handler.rb:11:in 'RequestExceptionHandler#handle_with_exception'
  /home/youssef/Documents/chatwoot/app/controllers/concerns/switch_locale.rb:39:in 'SwitchLocale#set_locale'
  /home/youssef/Documents/chatwoot/app/controllers/concerns/switch_locale.rb:13:in 'SwitchLocale#switch_locale'

2025-06-18 21:02:27[WARN] user: youssef
PUT /api/v1/profile
USE eager loading detected
  AccountUser => [:custom_role]
  Add to your query: .includes([:custom_role])
Call stack
  /home/youssef/Documents/chatwoot/app/views/api/v1/models/_user.json.jbuilder:23:in 'block (2 levels) in _app_views_api_v__models__user_json_jbuilder__3365295427631520764_92400'
  /home/youssef/Documents/chatwoot/app/views/api/v1/models/_user.json.jbuilder:21:in 'block in _app_views_api_v__models__user_json_jbuilder__3365295427631520764_92400'
  /home/youssef/Documents/chatwoot/app/views/api/v1/models/_user.json.jbuilder:20:in '_app_views_api_v__models__user_json_jbuilder__3365295427631520764_92400'
  /home/youssef/Documents/chatwoot/app/views/api/v1/profiles/update.json.jbuilder:1:in '_app_views_api_v__profiles_update_json_jbuilder__3745968831240030964_95152'
  /home/youssef/Documents/chatwoot/app/controllers/concerns/request_exception_handler.rb:11:in 'RequestExceptionHandler#handle_with_exception'
  /home/youssef/Documents/chatwoot/app/controllers/concerns/switch_locale.rb:39:in 'SwitchLocale#set_locale'
  /home/youssef/Documents/chatwoot/app/controllers/concerns/switch_locale.rb:13:in 'SwitchLocale#switch_locale'

2025-06-18 21:02:28[WARN] user: youssef
GET /api/v1/accounts/1/conversations?status=open&assignee_type=me&page=1&sort_by=last_activity_at_desc
AVOID eager loading detected
  Conversation => [:taggings, :assignee]
  Remove from your query: .includes([:taggings, :assignee])
Call stack
  /home/youssef/Documents/chatwoot/app/views/api/v1/accounts/conversations/index.json.jbuilder:9:in 'block (2 levels) in _app_views_api_v__accounts_conversations_index_json_jbuilder__288229105791093000_94192'
  /home/youssef/Documents/chatwoot/app/views/api/v1/accounts/conversations/index.json.jbuilder:8:in 'block in _app_views_api_v__accounts_conversations_index_json_jbuilder__288229105791093000_94192'
  /home/youssef/Documents/chatwoot/app/views/api/v1/accounts/conversations/index.json.jbuilder:1:in '_app_views_api_v__accounts_conversations_index_json_jbuilder__288229105791093000_94192'
  /home/youssef/Documents/chatwoot/app/controllers/concerns/switch_locale.rb:39:in 'SwitchLocale#set_locale'
  /home/youssef/Documents/chatwoot/app/controllers/concerns/switch_locale.rb:18:in 'SwitchLocale#switch_locale_using_account_locale'
  /home/youssef/Documents/chatwoot/app/controllers/concerns/request_exception_handler.rb:11:in 'RequestExceptionHandler#handle_with_exception'
  /home/youssef/Documents/chatwoot/app/controllers/concerns/switch_locale.rb:39:in 'SwitchLocale#set_locale'
  /home/youssef/Documents/chatwoot/app/controllers/concerns/switch_locale.rb:13:in 'SwitchLocale#switch_locale'

2025-06-19 01:12:12[WARN] user: youssef
POST /auth/sign_in
USE eager loading detected
  AccountUser => [:account]
  Add to your query: .includes([:account])
Call stack
  /home/youssef/Documents/chatwoot/app/views/api/v1/models/_user.json.jbuilder:23:in 'block (2 levels) in _app_views_api_v__models__user_json_jbuilder__713774934351740032_96520'
  /home/youssef/Documents/chatwoot/app/views/api/v1/models/_user.json.jbuilder:21:in 'block in _app_views_api_v__models__user_json_jbuilder__713774934351740032_96520'
  /home/youssef/Documents/chatwoot/app/views/api/v1/models/_user.json.jbuilder:20:in '_app_views_api_v__models__user_json_jbuilder__713774934351740032_96520'
  /home/youssef/Documents/chatwoot/app/views/devise/_auth.json.jbuilder:2:in 'block in _app_views_devise__auth_json_jbuilder___3958329832182087727_96512'
  /home/youssef/Documents/chatwoot/app/views/devise/_auth.json.jbuilder:1:in '_app_views_devise__auth_json_jbuilder___3958329832182087727_96512'
  /home/youssef/Documents/chatwoot/app/controllers/devise_overrides/sessions_controller.rb:23:in 'DeviseOverrides::SessionsController#render_create_success'
  /home/youssef/Documents/chatwoot/enterprise/app/controllers/enterprise/devise_overrides/sessions_controller.rb:4:in 'Enterprise::DeviseOverrides::SessionsController#render_create_success'
  /home/youssef/Documents/chatwoot/app/controllers/devise_overrides/sessions_controller.rb:18:in 'DeviseOverrides::SessionsController#create'
  /home/youssef/Documents/chatwoot/app/controllers/concerns/switch_locale.rb:39:in 'SwitchLocale#set_locale'
  /home/youssef/Documents/chatwoot/app/controllers/concerns/switch_locale.rb:13:in 'SwitchLocale#switch_locale'

2025-06-19 01:12:12[WARN] user: youssef
POST /auth/sign_in
USE eager loading detected
  AccountUser => [:custom_role]
  Add to your query: .includes([:custom_role])
Call stack
  /home/youssef/Documents/chatwoot/app/views/api/v1/models/_user.json.jbuilder:23:in 'block (2 levels) in _app_views_api_v__models__user_json_jbuilder__713774934351740032_96520'
  /home/youssef/Documents/chatwoot/app/views/api/v1/models/_user.json.jbuilder:21:in 'block in _app_views_api_v__models__user_json_jbuilder__713774934351740032_96520'
  /home/youssef/Documents/chatwoot/app/views/api/v1/models/_user.json.jbuilder:20:in '_app_views_api_v__models__user_json_jbuilder__713774934351740032_96520'
  /home/youssef/Documents/chatwoot/app/views/devise/_auth.json.jbuilder:2:in 'block in _app_views_devise__auth_json_jbuilder___3958329832182087727_96512'
  /home/youssef/Documents/chatwoot/app/views/devise/_auth.json.jbuilder:1:in '_app_views_devise__auth_json_jbuilder___3958329832182087727_96512'
  /home/youssef/Documents/chatwoot/app/controllers/devise_overrides/sessions_controller.rb:23:in 'DeviseOverrides::SessionsController#render_create_success'
  /home/youssef/Documents/chatwoot/enterprise/app/controllers/enterprise/devise_overrides/sessions_controller.rb:4:in 'Enterprise::DeviseOverrides::SessionsController#render_create_success'
  /home/youssef/Documents/chatwoot/app/controllers/devise_overrides/sessions_controller.rb:18:in 'DeviseOverrides::SessionsController#create'
  /home/youssef/Documents/chatwoot/app/controllers/concerns/switch_locale.rb:39:in 'SwitchLocale#set_locale'
  /home/youssef/Documents/chatwoot/app/controllers/concerns/switch_locale.rb:13:in 'SwitchLocale#switch_locale'

2025-06-19 01:12:22[WARN] user: youssef
GET /auth/validate_token
USE eager loading detected
  AccountUser => [:account]
  Add to your query: .includes([:account])
Call stack
  /home/youssef/Documents/chatwoot/app/views/api/v1/models/_user.json.jbuilder:23:in 'block (2 levels) in _app_views_api_v__models__user_json_jbuilder__713774934351740032_96520'
  /home/youssef/Documents/chatwoot/app/views/api/v1/models/_user.json.jbuilder:21:in 'block in _app_views_api_v__models__user_json_jbuilder__713774934351740032_96520'
  /home/youssef/Documents/chatwoot/app/views/api/v1/models/_user.json.jbuilder:20:in '_app_views_api_v__models__user_json_jbuilder__713774934351740032_96520'
  /home/youssef/Documents/chatwoot/app/views/devise/_auth.json.jbuilder:2:in 'block in _app_views_devise__auth_json_jbuilder___3958329832182087727_97688'
  /home/youssef/Documents/chatwoot/app/views/devise/_auth.json.jbuilder:1:in '_app_views_devise__auth_json_jbuilder___3958329832182087727_97688'
  /home/youssef/Documents/chatwoot/app/views/devise/token.json.jbuilder:3:in 'block in _app_views_devise_token_json_jbuilder___3851441722600869756_97680'
  /home/youssef/Documents/chatwoot/app/views/devise/token.json.jbuilder:1:in '_app_views_devise_token_json_jbuilder___3851441722600869756_97680'
  /home/youssef/Documents/chatwoot/app/controllers/devise_overrides/token_validations_controller.rb:5:in 'DeviseOverrides::TokenValidationsController#validate_token'
  /home/youssef/Documents/chatwoot/app/controllers/concerns/switch_locale.rb:39:in 'SwitchLocale#set_locale'
  /home/youssef/Documents/chatwoot/app/controllers/concerns/switch_locale.rb:13:in 'SwitchLocale#switch_locale'

2025-06-19 01:12:22[WARN] user: youssef
GET /auth/validate_token
USE eager loading detected
  AccountUser => [:custom_role]
  Add to your query: .includes([:custom_role])
Call stack
  /home/youssef/Documents/chatwoot/app/views/api/v1/models/_user.json.jbuilder:23:in 'block (2 levels) in _app_views_api_v__models__user_json_jbuilder__713774934351740032_96520'
  /home/youssef/Documents/chatwoot/app/views/api/v1/models/_user.json.jbuilder:21:in 'block in _app_views_api_v__models__user_json_jbuilder__713774934351740032_96520'
  /home/youssef/Documents/chatwoot/app/views/api/v1/models/_user.json.jbuilder:20:in '_app_views_api_v__models__user_json_jbuilder__713774934351740032_96520'
  /home/youssef/Documents/chatwoot/app/views/devise/_auth.json.jbuilder:2:in 'block in _app_views_devise__auth_json_jbuilder___3958329832182087727_97688'
  /home/youssef/Documents/chatwoot/app/views/devise/_auth.json.jbuilder:1:in '_app_views_devise__auth_json_jbuilder___3958329832182087727_97688'
  /home/youssef/Documents/chatwoot/app/views/devise/token.json.jbuilder:3:in 'block in _app_views_devise_token_json_jbuilder___3851441722600869756_97680'
  /home/youssef/Documents/chatwoot/app/views/devise/token.json.jbuilder:1:in '_app_views_devise_token_json_jbuilder___3851441722600869756_97680'
  /home/youssef/Documents/chatwoot/app/controllers/devise_overrides/token_validations_controller.rb:5:in 'DeviseOverrides::TokenValidationsController#validate_token'
  /home/youssef/Documents/chatwoot/app/controllers/concerns/switch_locale.rb:39:in 'SwitchLocale#set_locale'
  /home/youssef/Documents/chatwoot/app/controllers/concerns/switch_locale.rb:13:in 'SwitchLocale#switch_locale'

2025-06-19 01:12:23[WARN] user: youssef
PUT /api/v1/profile
USE eager loading detected
  AccountUser => [:account]
  Add to your query: .includes([:account])
Call stack
  /home/youssef/Documents/chatwoot/app/views/api/v1/models/_user.json.jbuilder:23:in 'block (2 levels) in _app_views_api_v__models__user_json_jbuilder__713774934351740032_96520'
  /home/youssef/Documents/chatwoot/app/views/api/v1/models/_user.json.jbuilder:21:in 'block in _app_views_api_v__models__user_json_jbuilder__713774934351740032_96520'
  /home/youssef/Documents/chatwoot/app/views/api/v1/models/_user.json.jbuilder:20:in '_app_views_api_v__models__user_json_jbuilder__713774934351740032_96520'
  /home/youssef/Documents/chatwoot/app/views/api/v1/profiles/update.json.jbuilder:1:in '_app_views_api_v__profiles_update_json_jbuilder___3490712315514280856_99768'
  /home/youssef/Documents/chatwoot/app/controllers/concerns/request_exception_handler.rb:11:in 'RequestExceptionHandler#handle_with_exception'
  /home/youssef/Documents/chatwoot/app/controllers/concerns/switch_locale.rb:39:in 'SwitchLocale#set_locale'
  /home/youssef/Documents/chatwoot/app/controllers/concerns/switch_locale.rb:13:in 'SwitchLocale#switch_locale'

2025-06-19 01:12:23[WARN] user: youssef
PUT /api/v1/profile
USE eager loading detected
  AccountUser => [:custom_role]
  Add to your query: .includes([:custom_role])
Call stack
  /home/youssef/Documents/chatwoot/app/views/api/v1/models/_user.json.jbuilder:23:in 'block (2 levels) in _app_views_api_v__models__user_json_jbuilder__713774934351740032_96520'
  /home/youssef/Documents/chatwoot/app/views/api/v1/models/_user.json.jbuilder:21:in 'block in _app_views_api_v__models__user_json_jbuilder__713774934351740032_96520'
  /home/youssef/Documents/chatwoot/app/views/api/v1/models/_user.json.jbuilder:20:in '_app_views_api_v__models__user_json_jbuilder__713774934351740032_96520'
  /home/youssef/Documents/chatwoot/app/views/api/v1/profiles/update.json.jbuilder:1:in '_app_views_api_v__profiles_update_json_jbuilder___3490712315514280856_99768'
  /home/youssef/Documents/chatwoot/app/controllers/concerns/request_exception_handler.rb:11:in 'RequestExceptionHandler#handle_with_exception'
  /home/youssef/Documents/chatwoot/app/controllers/concerns/switch_locale.rb:39:in 'SwitchLocale#set_locale'
  /home/youssef/Documents/chatwoot/app/controllers/concerns/switch_locale.rb:13:in 'SwitchLocale#switch_locale'

2025-06-19 01:12:23[WARN] user: youssef
GET /api/v1/accounts/1/conversations?status=open&assignee_type=me&page=1&sort_by=last_activity_at_desc
AVOID eager loading detected
  Conversation => [:taggings, :assignee]
  Remove from your query: .includes([:taggings, :assignee])
Call stack
  /home/youssef/Documents/chatwoot/app/views/api/v1/accounts/conversations/index.json.jbuilder:9:in 'block (2 levels) in _app_views_api_v__accounts_conversations_index_json_jbuilder___3387767235470718192_99208'
  /home/youssef/Documents/chatwoot/app/views/api/v1/accounts/conversations/index.json.jbuilder:8:in 'block in _app_views_api_v__accounts_conversations_index_json_jbuilder___3387767235470718192_99208'
  /home/youssef/Documents/chatwoot/app/views/api/v1/accounts/conversations/index.json.jbuilder:1:in '_app_views_api_v__accounts_conversations_index_json_jbuilder___3387767235470718192_99208'
  /home/youssef/Documents/chatwoot/app/controllers/concerns/switch_locale.rb:39:in 'SwitchLocale#set_locale'
  /home/youssef/Documents/chatwoot/app/controllers/concerns/switch_locale.rb:18:in 'SwitchLocale#switch_locale_using_account_locale'
  /home/youssef/Documents/chatwoot/app/controllers/concerns/request_exception_handler.rb:11:in 'RequestExceptionHandler#handle_with_exception'
  /home/youssef/Documents/chatwoot/app/controllers/concerns/switch_locale.rb:39:in 'SwitchLocale#set_locale'
  /home/youssef/Documents/chatwoot/app/controllers/concerns/switch_locale.rb:13:in 'SwitchLocale#switch_locale'

2025-06-19 01:13:40[WARN] user: youssef
PUT /api/v1/profile
USE eager loading detected
  AccountUser => [:account]
  Add to your query: .includes([:account])
Call stack
  /home/youssef/Documents/chatwoot/app/views/api/v1/models/_user.json.jbuilder:23:in 'block (2 levels) in _app_views_api_v__models__user_json_jbuilder__713774934351740032_96520'
  /home/youssef/Documents/chatwoot/app/views/api/v1/models/_user.json.jbuilder:21:in 'block in _app_views_api_v__models__user_json_jbuilder__713774934351740032_96520'
  /home/youssef/Documents/chatwoot/app/views/api/v1/models/_user.json.jbuilder:20:in '_app_views_api_v__models__user_json_jbuilder__713774934351740032_96520'
  /home/youssef/Documents/chatwoot/app/views/api/v1/profiles/update.json.jbuilder:1:in '_app_views_api_v__profiles_update_json_jbuilder___3490712315514280856_99768'
  /home/youssef/Documents/chatwoot/app/controllers/concerns/request_exception_handler.rb:11:in 'RequestExceptionHandler#handle_with_exception'
  /home/youssef/Documents/chatwoot/app/controllers/concerns/switch_locale.rb:39:in 'SwitchLocale#set_locale'
  /home/youssef/Documents/chatwoot/app/controllers/concerns/switch_locale.rb:13:in 'SwitchLocale#switch_locale'

2025-06-19 01:13:40[WARN] user: youssef
PUT /api/v1/profile
USE eager loading detected
  AccountUser => [:custom_role]
  Add to your query: .includes([:custom_role])
Call stack
  /home/youssef/Documents/chatwoot/app/views/api/v1/models/_user.json.jbuilder:23:in 'block (2 levels) in _app_views_api_v__models__user_json_jbuilder__713774934351740032_96520'
  /home/youssef/Documents/chatwoot/app/views/api/v1/models/_user.json.jbuilder:21:in 'block in _app_views_api_v__models__user_json_jbuilder__713774934351740032_96520'
  /home/youssef/Documents/chatwoot/app/views/api/v1/models/_user.json.jbuilder:20:in '_app_views_api_v__models__user_json_jbuilder__713774934351740032_96520'
  /home/youssef/Documents/chatwoot/app/views/api/v1/profiles/update.json.jbuilder:1:in '_app_views_api_v__profiles_update_json_jbuilder___3490712315514280856_99768'
  /home/youssef/Documents/chatwoot/app/controllers/concerns/request_exception_handler.rb:11:in 'RequestExceptionHandler#handle_with_exception'
  /home/youssef/Documents/chatwoot/app/controllers/concerns/switch_locale.rb:39:in 'SwitchLocale#set_locale'
  /home/youssef/Documents/chatwoot/app/controllers/concerns/switch_locale.rb:13:in 'SwitchLocale#switch_locale'

2025-06-19 01:13:41[WARN] user: youssef
PUT /api/v1/profile
USE eager loading detected
  AccountUser => [:account]
  Add to your query: .includes([:account])
Call stack
  /home/youssef/Documents/chatwoot/app/views/api/v1/models/_user.json.jbuilder:23:in 'block (2 levels) in _app_views_api_v__models__user_json_jbuilder__713774934351740032_96520'
  /home/youssef/Documents/chatwoot/app/views/api/v1/models/_user.json.jbuilder:21:in 'block in _app_views_api_v__models__user_json_jbuilder__713774934351740032_96520'
  /home/youssef/Documents/chatwoot/app/views/api/v1/models/_user.json.jbuilder:20:in '_app_views_api_v__models__user_json_jbuilder__713774934351740032_96520'
  /home/youssef/Documents/chatwoot/app/views/api/v1/profiles/update.json.jbuilder:1:in '_app_views_api_v__profiles_update_json_jbuilder___3490712315514280856_99768'
  /home/youssef/Documents/chatwoot/app/controllers/concerns/request_exception_handler.rb:11:in 'RequestExceptionHandler#handle_with_exception'
  /home/youssef/Documents/chatwoot/app/controllers/concerns/switch_locale.rb:39:in 'SwitchLocale#set_locale'
  /home/youssef/Documents/chatwoot/app/controllers/concerns/switch_locale.rb:13:in 'SwitchLocale#switch_locale'

2025-06-19 01:13:41[WARN] user: youssef
PUT /api/v1/profile
USE eager loading detected
  AccountUser => [:custom_role]
  Add to your query: .includes([:custom_role])
Call stack
  /home/youssef/Documents/chatwoot/app/views/api/v1/models/_user.json.jbuilder:23:in 'block (2 levels) in _app_views_api_v__models__user_json_jbuilder__713774934351740032_96520'
  /home/youssef/Documents/chatwoot/app/views/api/v1/models/_user.json.jbuilder:21:in 'block in _app_views_api_v__models__user_json_jbuilder__713774934351740032_96520'
  /home/youssef/Documents/chatwoot/app/views/api/v1/models/_user.json.jbuilder:20:in '_app_views_api_v__models__user_json_jbuilder__713774934351740032_96520'
  /home/youssef/Documents/chatwoot/app/views/api/v1/profiles/update.json.jbuilder:1:in '_app_views_api_v__profiles_update_json_jbuilder___3490712315514280856_99768'
  /home/youssef/Documents/chatwoot/app/controllers/concerns/request_exception_handler.rb:11:in 'RequestExceptionHandler#handle_with_exception'
  /home/youssef/Documents/chatwoot/app/controllers/concerns/switch_locale.rb:39:in 'SwitchLocale#set_locale'
  /home/youssef/Documents/chatwoot/app/controllers/concerns/switch_locale.rb:13:in 'SwitchLocale#switch_locale'

2025-06-19 01:13:41[WARN] user: youssef
GET /api/v1/accounts/1/contacts/2/contactable_inboxes
AVOID eager loading detected
  Contact => [:contact_inboxes]
  Remove from your query: .includes([:contact_inboxes])
Call stack
  /home/youssef/Documents/chatwoot/app/controllers/api/v1/accounts/contacts_controller.rb:187:in 'Api::V1::Accounts::ContactsController#fetch_contact'
  /home/youssef/Documents/chatwoot/app/controllers/concerns/switch_locale.rb:39:in 'SwitchLocale#set_locale'
  /home/youssef/Documents/chatwoot/app/controllers/concerns/switch_locale.rb:18:in 'SwitchLocale#switch_locale_using_account_locale'
  /home/youssef/Documents/chatwoot/app/controllers/concerns/request_exception_handler.rb:11:in 'RequestExceptionHandler#handle_with_exception'
  /home/youssef/Documents/chatwoot/app/controllers/concerns/switch_locale.rb:39:in 'SwitchLocale#set_locale'
  /home/youssef/Documents/chatwoot/app/controllers/concerns/switch_locale.rb:13:in 'SwitchLocale#switch_locale'

2025-06-19 01:13:41[WARN] user: youssef
GET /api/v1/accounts/1/contacts/2/contactable_inboxes
AVOID eager loading detected
  ContactInbox => [:inbox]
  Remove from your query: .includes([:inbox])
Call stack
  /home/youssef/Documents/chatwoot/app/controllers/api/v1/accounts/contacts_controller.rb:187:in 'Api::V1::Accounts::ContactsController#fetch_contact'
  /home/youssef/Documents/chatwoot/app/controllers/concerns/switch_locale.rb:39:in 'SwitchLocale#set_locale'
  /home/youssef/Documents/chatwoot/app/controllers/concerns/switch_locale.rb:18:in 'SwitchLocale#switch_locale_using_account_locale'
  /home/youssef/Documents/chatwoot/app/controllers/concerns/request_exception_handler.rb:11:in 'RequestExceptionHandler#handle_with_exception'
  /home/youssef/Documents/chatwoot/app/controllers/concerns/switch_locale.rb:39:in 'SwitchLocale#set_locale'
  /home/youssef/Documents/chatwoot/app/controllers/concerns/switch_locale.rb:13:in 'SwitchLocale#switch_locale'

2025-06-19 01:13:41[WARN] user: youssef
GET /api/v1/accounts/1/contacts/2?include_contact_inboxes=false
AVOID eager loading detected
  Contact => [:contact_inboxes]
  Remove from your query: .includes([:contact_inboxes])
Call stack
  /home/youssef/Documents/chatwoot/app/controllers/api/v1/accounts/contacts_controller.rb:187:in 'Api::V1::Accounts::ContactsController#fetch_contact'
  /home/youssef/Documents/chatwoot/app/controllers/concerns/switch_locale.rb:39:in 'SwitchLocale#set_locale'
  /home/youssef/Documents/chatwoot/app/controllers/concerns/switch_locale.rb:18:in 'SwitchLocale#switch_locale_using_account_locale'
  /home/youssef/Documents/chatwoot/app/controllers/concerns/request_exception_handler.rb:11:in 'RequestExceptionHandler#handle_with_exception'
  /home/youssef/Documents/chatwoot/app/controllers/concerns/switch_locale.rb:39:in 'SwitchLocale#set_locale'
  /home/youssef/Documents/chatwoot/app/controllers/concerns/switch_locale.rb:13:in 'SwitchLocale#switch_locale'

2025-06-19 01:13:41[WARN] user: youssef
GET /api/v1/accounts/1/contacts/2?include_contact_inboxes=false
AVOID eager loading detected
  ContactInbox => [:inbox]
  Remove from your query: .includes([:inbox])
Call stack
  /home/youssef/Documents/chatwoot/app/controllers/api/v1/accounts/contacts_controller.rb:187:in 'Api::V1::Accounts::ContactsController#fetch_contact'
  /home/youssef/Documents/chatwoot/app/controllers/concerns/switch_locale.rb:39:in 'SwitchLocale#set_locale'
  /home/youssef/Documents/chatwoot/app/controllers/concerns/switch_locale.rb:18:in 'SwitchLocale#switch_locale_using_account_locale'
  /home/youssef/Documents/chatwoot/app/controllers/concerns/request_exception_handler.rb:11:in 'RequestExceptionHandler#handle_with_exception'
  /home/youssef/Documents/chatwoot/app/controllers/concerns/switch_locale.rb:39:in 'SwitchLocale#set_locale'
  /home/youssef/Documents/chatwoot/app/controllers/concerns/switch_locale.rb:13:in 'SwitchLocale#switch_locale'

2025-06-19 01:13:43[WARN] user: youssef
PUT /api/v1/profile
USE eager loading detected
  AccountUser => [:account]
  Add to your query: .includes([:account])
Call stack
  /home/youssef/Documents/chatwoot/app/views/api/v1/models/_user.json.jbuilder:23:in 'block (2 levels) in _app_views_api_v__models__user_json_jbuilder__713774934351740032_96520'
  /home/youssef/Documents/chatwoot/app/views/api/v1/models/_user.json.jbuilder:21:in 'block in _app_views_api_v__models__user_json_jbuilder__713774934351740032_96520'
  /home/youssef/Documents/chatwoot/app/views/api/v1/models/_user.json.jbuilder:20:in '_app_views_api_v__models__user_json_jbuilder__713774934351740032_96520'
  /home/youssef/Documents/chatwoot/app/views/api/v1/profiles/update.json.jbuilder:1:in '_app_views_api_v__profiles_update_json_jbuilder___3490712315514280856_99768'
  /home/youssef/Documents/chatwoot/app/controllers/concerns/request_exception_handler.rb:11:in 'RequestExceptionHandler#handle_with_exception'
  /home/youssef/Documents/chatwoot/app/controllers/concerns/switch_locale.rb:39:in 'SwitchLocale#set_locale'
  /home/youssef/Documents/chatwoot/app/controllers/concerns/switch_locale.rb:13:in 'SwitchLocale#switch_locale'

2025-06-19 01:13:43[WARN] user: youssef
PUT /api/v1/profile
USE eager loading detected
  AccountUser => [:custom_role]
  Add to your query: .includes([:custom_role])
Call stack
  /home/youssef/Documents/chatwoot/app/views/api/v1/models/_user.json.jbuilder:23:in 'block (2 levels) in _app_views_api_v__models__user_json_jbuilder__713774934351740032_96520'
  /home/youssef/Documents/chatwoot/app/views/api/v1/models/_user.json.jbuilder:21:in 'block in _app_views_api_v__models__user_json_jbuilder__713774934351740032_96520'
  /home/youssef/Documents/chatwoot/app/views/api/v1/models/_user.json.jbuilder:20:in '_app_views_api_v__models__user_json_jbuilder__713774934351740032_96520'
  /home/youssef/Documents/chatwoot/app/views/api/v1/profiles/update.json.jbuilder:1:in '_app_views_api_v__profiles_update_json_jbuilder___3490712315514280856_99768'
  /home/youssef/Documents/chatwoot/app/controllers/concerns/request_exception_handler.rb:11:in 'RequestExceptionHandler#handle_with_exception'
  /home/youssef/Documents/chatwoot/app/controllers/concerns/switch_locale.rb:39:in 'SwitchLocale#set_locale'
  /home/youssef/Documents/chatwoot/app/controllers/concerns/switch_locale.rb:13:in 'SwitchLocale#switch_locale'

2025-06-19 01:13:45[WARN] user: youssef
PUT /api/v1/profile
USE eager loading detected
  AccountUser => [:account]
  Add to your query: .includes([:account])
Call stack
  /home/youssef/Documents/chatwoot/app/views/api/v1/models/_user.json.jbuilder:23:in 'block (2 levels) in _app_views_api_v__models__user_json_jbuilder__713774934351740032_96520'
  /home/youssef/Documents/chatwoot/app/views/api/v1/models/_user.json.jbuilder:21:in 'block in _app_views_api_v__models__user_json_jbuilder__713774934351740032_96520'
  /home/youssef/Documents/chatwoot/app/views/api/v1/models/_user.json.jbuilder:20:in '_app_views_api_v__models__user_json_jbuilder__713774934351740032_96520'
  /home/youssef/Documents/chatwoot/app/views/api/v1/profiles/update.json.jbuilder:1:in '_app_views_api_v__profiles_update_json_jbuilder___3490712315514280856_99768'
  /home/youssef/Documents/chatwoot/app/controllers/concerns/request_exception_handler.rb:11:in 'RequestExceptionHandler#handle_with_exception'
  /home/youssef/Documents/chatwoot/app/controllers/concerns/switch_locale.rb:39:in 'SwitchLocale#set_locale'
  /home/youssef/Documents/chatwoot/app/controllers/concerns/switch_locale.rb:13:in 'SwitchLocale#switch_locale'

2025-06-19 01:13:45[WARN] user: youssef
PUT /api/v1/profile
USE eager loading detected
  AccountUser => [:custom_role]
  Add to your query: .includes([:custom_role])
Call stack
  /home/youssef/Documents/chatwoot/app/views/api/v1/models/_user.json.jbuilder:23:in 'block (2 levels) in _app_views_api_v__models__user_json_jbuilder__713774934351740032_96520'
  /home/youssef/Documents/chatwoot/app/views/api/v1/models/_user.json.jbuilder:21:in 'block in _app_views_api_v__models__user_json_jbuilder__713774934351740032_96520'
  /home/youssef/Documents/chatwoot/app/views/api/v1/models/_user.json.jbuilder:20:in '_app_views_api_v__models__user_json_jbuilder__713774934351740032_96520'
  /home/youssef/Documents/chatwoot/app/views/api/v1/profiles/update.json.jbuilder:1:in '_app_views_api_v__profiles_update_json_jbuilder___3490712315514280856_99768'
  /home/youssef/Documents/chatwoot/app/controllers/concerns/request_exception_handler.rb:11:in 'RequestExceptionHandler#handle_with_exception'
  /home/youssef/Documents/chatwoot/app/controllers/concerns/switch_locale.rb:39:in 'SwitchLocale#set_locale'
  /home/youssef/Documents/chatwoot/app/controllers/concerns/switch_locale.rb:13:in 'SwitchLocale#switch_locale'

2025-06-19 01:13:45[WARN] user: youssef
GET /api/v1/accounts/1/contacts/2/contactable_inboxes
AVOID eager loading detected
  Contact => [:contact_inboxes]
  Remove from your query: .includes([:contact_inboxes])
Call stack
  /home/youssef/Documents/chatwoot/app/controllers/api/v1/accounts/contacts_controller.rb:187:in 'Api::V1::Accounts::ContactsController#fetch_contact'
  /home/youssef/Documents/chatwoot/app/controllers/concerns/switch_locale.rb:39:in 'SwitchLocale#set_locale'
  /home/youssef/Documents/chatwoot/app/controllers/concerns/switch_locale.rb:18:in 'SwitchLocale#switch_locale_using_account_locale'
  /home/youssef/Documents/chatwoot/app/controllers/concerns/request_exception_handler.rb:11:in 'RequestExceptionHandler#handle_with_exception'
  /home/youssef/Documents/chatwoot/app/controllers/concerns/switch_locale.rb:39:in 'SwitchLocale#set_locale'
  /home/youssef/Documents/chatwoot/app/controllers/concerns/switch_locale.rb:13:in 'SwitchLocale#switch_locale'

2025-06-19 01:13:45[WARN] user: youssef
GET /api/v1/accounts/1/contacts/2/contactable_inboxes
AVOID eager loading detected
  ContactInbox => [:inbox]
  Remove from your query: .includes([:inbox])
Call stack
  /home/youssef/Documents/chatwoot/app/controllers/api/v1/accounts/contacts_controller.rb:187:in 'Api::V1::Accounts::ContactsController#fetch_contact'
  /home/youssef/Documents/chatwoot/app/controllers/concerns/switch_locale.rb:39:in 'SwitchLocale#set_locale'
  /home/youssef/Documents/chatwoot/app/controllers/concerns/switch_locale.rb:18:in 'SwitchLocale#switch_locale_using_account_locale'
  /home/youssef/Documents/chatwoot/app/controllers/concerns/request_exception_handler.rb:11:in 'RequestExceptionHandler#handle_with_exception'
  /home/youssef/Documents/chatwoot/app/controllers/concerns/switch_locale.rb:39:in 'SwitchLocale#set_locale'
  /home/youssef/Documents/chatwoot/app/controllers/concerns/switch_locale.rb:13:in 'SwitchLocale#switch_locale'

2025-06-19 01:13:45[WARN] user: youssef
GET /api/v1/accounts/1/contacts/2?include_contact_inboxes=false
AVOID eager loading detected
  Contact => [:contact_inboxes]
  Remove from your query: .includes([:contact_inboxes])
Call stack
  /home/youssef/Documents/chatwoot/app/controllers/api/v1/accounts/contacts_controller.rb:187:in 'Api::V1::Accounts::ContactsController#fetch_contact'
  /home/youssef/Documents/chatwoot/app/controllers/concerns/switch_locale.rb:39:in 'SwitchLocale#set_locale'
  /home/youssef/Documents/chatwoot/app/controllers/concerns/switch_locale.rb:18:in 'SwitchLocale#switch_locale_using_account_locale'
  /home/youssef/Documents/chatwoot/app/controllers/concerns/request_exception_handler.rb:11:in 'RequestExceptionHandler#handle_with_exception'
  /home/youssef/Documents/chatwoot/app/controllers/concerns/switch_locale.rb:39:in 'SwitchLocale#set_locale'
  /home/youssef/Documents/chatwoot/app/controllers/concerns/switch_locale.rb:13:in 'SwitchLocale#switch_locale'

2025-06-19 01:13:45[WARN] user: youssef
GET /api/v1/accounts/1/contacts/2?include_contact_inboxes=false
AVOID eager loading detected
  ContactInbox => [:inbox]
  Remove from your query: .includes([:inbox])
Call stack
  /home/youssef/Documents/chatwoot/app/controllers/api/v1/accounts/contacts_controller.rb:187:in 'Api::V1::Accounts::ContactsController#fetch_contact'
  /home/youssef/Documents/chatwoot/app/controllers/concerns/switch_locale.rb:39:in 'SwitchLocale#set_locale'
  /home/youssef/Documents/chatwoot/app/controllers/concerns/switch_locale.rb:18:in 'SwitchLocale#switch_locale_using_account_locale'
  /home/youssef/Documents/chatwoot/app/controllers/concerns/request_exception_handler.rb:11:in 'RequestExceptionHandler#handle_with_exception'
  /home/youssef/Documents/chatwoot/app/controllers/concerns/switch_locale.rb:39:in 'SwitchLocale#set_locale'
  /home/youssef/Documents/chatwoot/app/controllers/concerns/switch_locale.rb:13:in 'SwitchLocale#switch_locale'

2025-06-19 01:13:47[WARN] user: youssef
PUT /api/v1/profile
USE eager loading detected
  AccountUser => [:account]
  Add to your query: .includes([:account])
Call stack
  /home/youssef/Documents/chatwoot/app/views/api/v1/models/_user.json.jbuilder:23:in 'block (2 levels) in _app_views_api_v__models__user_json_jbuilder__713774934351740032_96520'
  /home/youssef/Documents/chatwoot/app/views/api/v1/models/_user.json.jbuilder:21:in 'block in _app_views_api_v__models__user_json_jbuilder__713774934351740032_96520'
  /home/youssef/Documents/chatwoot/app/views/api/v1/models/_user.json.jbuilder:20:in '_app_views_api_v__models__user_json_jbuilder__713774934351740032_96520'
  /home/youssef/Documents/chatwoot/app/views/api/v1/profiles/update.json.jbuilder:1:in '_app_views_api_v__profiles_update_json_jbuilder___3490712315514280856_99768'
  /home/youssef/Documents/chatwoot/app/controllers/concerns/request_exception_handler.rb:11:in 'RequestExceptionHandler#handle_with_exception'
  /home/youssef/Documents/chatwoot/app/controllers/concerns/switch_locale.rb:39:in 'SwitchLocale#set_locale'
  /home/youssef/Documents/chatwoot/app/controllers/concerns/switch_locale.rb:13:in 'SwitchLocale#switch_locale'

2025-06-19 01:13:47[WARN] user: youssef
PUT /api/v1/profile
USE eager loading detected
  AccountUser => [:custom_role]
  Add to your query: .includes([:custom_role])
Call stack
  /home/youssef/Documents/chatwoot/app/views/api/v1/models/_user.json.jbuilder:23:in 'block (2 levels) in _app_views_api_v__models__user_json_jbuilder__713774934351740032_96520'
  /home/youssef/Documents/chatwoot/app/views/api/v1/models/_user.json.jbuilder:21:in 'block in _app_views_api_v__models__user_json_jbuilder__713774934351740032_96520'
  /home/youssef/Documents/chatwoot/app/views/api/v1/models/_user.json.jbuilder:20:in '_app_views_api_v__models__user_json_jbuilder__713774934351740032_96520'
  /home/youssef/Documents/chatwoot/app/views/api/v1/profiles/update.json.jbuilder:1:in '_app_views_api_v__profiles_update_json_jbuilder___3490712315514280856_99768'
  /home/youssef/Documents/chatwoot/app/controllers/concerns/request_exception_handler.rb:11:in 'RequestExceptionHandler#handle_with_exception'
  /home/youssef/Documents/chatwoot/app/controllers/concerns/switch_locale.rb:39:in 'SwitchLocale#set_locale'
  /home/youssef/Documents/chatwoot/app/controllers/concerns/switch_locale.rb:13:in 'SwitchLocale#switch_locale'

2025-06-19 01:13:48[WARN] user: youssef
PUT /api/v1/profile
USE eager loading detected
  AccountUser => [:account]
  Add to your query: .includes([:account])
Call stack
  /home/youssef/Documents/chatwoot/app/views/api/v1/models/_user.json.jbuilder:23:in 'block (2 levels) in _app_views_api_v__models__user_json_jbuilder__713774934351740032_96520'
  /home/youssef/Documents/chatwoot/app/views/api/v1/models/_user.json.jbuilder:21:in 'block in _app_views_api_v__models__user_json_jbuilder__713774934351740032_96520'
  /home/youssef/Documents/chatwoot/app/views/api/v1/models/_user.json.jbuilder:20:in '_app_views_api_v__models__user_json_jbuilder__713774934351740032_96520'
  /home/youssef/Documents/chatwoot/app/views/api/v1/profiles/update.json.jbuilder:1:in '_app_views_api_v__profiles_update_json_jbuilder___3490712315514280856_99768'
  /home/youssef/Documents/chatwoot/app/controllers/concerns/request_exception_handler.rb:11:in 'RequestExceptionHandler#handle_with_exception'
  /home/youssef/Documents/chatwoot/app/controllers/concerns/switch_locale.rb:39:in 'SwitchLocale#set_locale'
  /home/youssef/Documents/chatwoot/app/controllers/concerns/switch_locale.rb:13:in 'SwitchLocale#switch_locale'

2025-06-19 01:13:48[WARN] user: youssef
PUT /api/v1/profile
USE eager loading detected
  AccountUser => [:custom_role]
  Add to your query: .includes([:custom_role])
Call stack
  /home/youssef/Documents/chatwoot/app/views/api/v1/models/_user.json.jbuilder:23:in 'block (2 levels) in _app_views_api_v__models__user_json_jbuilder__713774934351740032_96520'
  /home/youssef/Documents/chatwoot/app/views/api/v1/models/_user.json.jbuilder:21:in 'block in _app_views_api_v__models__user_json_jbuilder__713774934351740032_96520'
  /home/youssef/Documents/chatwoot/app/views/api/v1/models/_user.json.jbuilder:20:in '_app_views_api_v__models__user_json_jbuilder__713774934351740032_96520'
  /home/youssef/Documents/chatwoot/app/views/api/v1/profiles/update.json.jbuilder:1:in '_app_views_api_v__profiles_update_json_jbuilder___3490712315514280856_99768'
  /home/youssef/Documents/chatwoot/app/controllers/concerns/request_exception_handler.rb:11:in 'RequestExceptionHandler#handle_with_exception'
  /home/youssef/Documents/chatwoot/app/controllers/concerns/switch_locale.rb:39:in 'SwitchLocale#set_locale'
  /home/youssef/Documents/chatwoot/app/controllers/concerns/switch_locale.rb:13:in 'SwitchLocale#switch_locale'

2025-06-19 01:13:50[WARN] user: youssef
PUT /api/v1/profile
USE eager loading detected
  AccountUser => [:account]
  Add to your query: .includes([:account])
Call stack
  /home/youssef/Documents/chatwoot/app/views/api/v1/models/_user.json.jbuilder:23:in 'block (2 levels) in _app_views_api_v__models__user_json_jbuilder__713774934351740032_96520'
  /home/youssef/Documents/chatwoot/app/views/api/v1/models/_user.json.jbuilder:21:in 'block in _app_views_api_v__models__user_json_jbuilder__713774934351740032_96520'
  /home/youssef/Documents/chatwoot/app/views/api/v1/models/_user.json.jbuilder:20:in '_app_views_api_v__models__user_json_jbuilder__713774934351740032_96520'
  /home/youssef/Documents/chatwoot/app/views/api/v1/profiles/update.json.jbuilder:1:in '_app_views_api_v__profiles_update_json_jbuilder___3490712315514280856_99768'
  /home/youssef/Documents/chatwoot/app/controllers/concerns/request_exception_handler.rb:11:in 'RequestExceptionHandler#handle_with_exception'
  /home/youssef/Documents/chatwoot/app/controllers/concerns/switch_locale.rb:39:in 'SwitchLocale#set_locale'
  /home/youssef/Documents/chatwoot/app/controllers/concerns/switch_locale.rb:13:in 'SwitchLocale#switch_locale'

2025-06-19 01:13:50[WARN] user: youssef
PUT /api/v1/profile
USE eager loading detected
  AccountUser => [:custom_role]
  Add to your query: .includes([:custom_role])
Call stack
  /home/youssef/Documents/chatwoot/app/views/api/v1/models/_user.json.jbuilder:23:in 'block (2 levels) in _app_views_api_v__models__user_json_jbuilder__713774934351740032_96520'
  /home/youssef/Documents/chatwoot/app/views/api/v1/models/_user.json.jbuilder:21:in 'block in _app_views_api_v__models__user_json_jbuilder__713774934351740032_96520'
  /home/youssef/Documents/chatwoot/app/views/api/v1/models/_user.json.jbuilder:20:in '_app_views_api_v__models__user_json_jbuilder__713774934351740032_96520'
  /home/youssef/Documents/chatwoot/app/views/api/v1/profiles/update.json.jbuilder:1:in '_app_views_api_v__profiles_update_json_jbuilder___3490712315514280856_99768'
  /home/youssef/Documents/chatwoot/app/controllers/concerns/request_exception_handler.rb:11:in 'RequestExceptionHandler#handle_with_exception'
  /home/youssef/Documents/chatwoot/app/controllers/concerns/switch_locale.rb:39:in 'SwitchLocale#set_locale'
  /home/youssef/Documents/chatwoot/app/controllers/concerns/switch_locale.rb:13:in 'SwitchLocale#switch_locale'

2025-06-19 01:13:51[WARN] user: youssef
PUT /api/v1/profile
USE eager loading detected
  AccountUser => [:account]
  Add to your query: .includes([:account])
Call stack
  /home/youssef/Documents/chatwoot/app/views/api/v1/models/_user.json.jbuilder:23:in 'block (2 levels) in _app_views_api_v__models__user_json_jbuilder__713774934351740032_96520'
  /home/youssef/Documents/chatwoot/app/views/api/v1/models/_user.json.jbuilder:21:in 'block in _app_views_api_v__models__user_json_jbuilder__713774934351740032_96520'
  /home/youssef/Documents/chatwoot/app/views/api/v1/models/_user.json.jbuilder:20:in '_app_views_api_v__models__user_json_jbuilder__713774934351740032_96520'
  /home/youssef/Documents/chatwoot/app/views/api/v1/profiles/update.json.jbuilder:1:in '_app_views_api_v__profiles_update_json_jbuilder___3490712315514280856_99768'
  /home/youssef/Documents/chatwoot/app/controllers/concerns/request_exception_handler.rb:11:in 'RequestExceptionHandler#handle_with_exception'
  /home/youssef/Documents/chatwoot/app/controllers/concerns/switch_locale.rb:39:in 'SwitchLocale#set_locale'
  /home/youssef/Documents/chatwoot/app/controllers/concerns/switch_locale.rb:13:in 'SwitchLocale#switch_locale'

2025-06-19 01:13:51[WARN] user: youssef
PUT /api/v1/profile
USE eager loading detected
  AccountUser => [:custom_role]
  Add to your query: .includes([:custom_role])
Call stack
  /home/youssef/Documents/chatwoot/app/views/api/v1/models/_user.json.jbuilder:23:in 'block (2 levels) in _app_views_api_v__models__user_json_jbuilder__713774934351740032_96520'
  /home/youssef/Documents/chatwoot/app/views/api/v1/models/_user.json.jbuilder:21:in 'block in _app_views_api_v__models__user_json_jbuilder__713774934351740032_96520'
  /home/youssef/Documents/chatwoot/app/views/api/v1/models/_user.json.jbuilder:20:in '_app_views_api_v__models__user_json_jbuilder__713774934351740032_96520'
  /home/youssef/Documents/chatwoot/app/views/api/v1/profiles/update.json.jbuilder:1:in '_app_views_api_v__profiles_update_json_jbuilder___3490712315514280856_99768'
  /home/youssef/Documents/chatwoot/app/controllers/concerns/request_exception_handler.rb:11:in 'RequestExceptionHandler#handle_with_exception'
  /home/youssef/Documents/chatwoot/app/controllers/concerns/switch_locale.rb:39:in 'SwitchLocale#set_locale'
  /home/youssef/Documents/chatwoot/app/controllers/concerns/switch_locale.rb:13:in 'SwitchLocale#switch_locale'

2025-06-19 01:13:52[WARN] user: youssef
PUT /api/v1/profile
USE eager loading detected
  AccountUser => [:account]
  Add to your query: .includes([:account])
Call stack
  /home/youssef/Documents/chatwoot/app/views/api/v1/models/_user.json.jbuilder:23:in 'block (2 levels) in _app_views_api_v__models__user_json_jbuilder__713774934351740032_96520'
  /home/youssef/Documents/chatwoot/app/views/api/v1/models/_user.json.jbuilder:21:in 'block in _app_views_api_v__models__user_json_jbuilder__713774934351740032_96520'
  /home/youssef/Documents/chatwoot/app/views/api/v1/models/_user.json.jbuilder:20:in '_app_views_api_v__models__user_json_jbuilder__713774934351740032_96520'
  /home/youssef/Documents/chatwoot/app/views/api/v1/profiles/update.json.jbuilder:1:in '_app_views_api_v__profiles_update_json_jbuilder___3490712315514280856_99768'
  /home/youssef/Documents/chatwoot/app/controllers/concerns/request_exception_handler.rb:11:in 'RequestExceptionHandler#handle_with_exception'
  /home/youssef/Documents/chatwoot/app/controllers/concerns/switch_locale.rb:39:in 'SwitchLocale#set_locale'
  /home/youssef/Documents/chatwoot/app/controllers/concerns/switch_locale.rb:13:in 'SwitchLocale#switch_locale'

2025-06-19 01:13:52[WARN] user: youssef
PUT /api/v1/profile
USE eager loading detected
  AccountUser => [:custom_role]
  Add to your query: .includes([:custom_role])
Call stack
  /home/youssef/Documents/chatwoot/app/views/api/v1/models/_user.json.jbuilder:23:in 'block (2 levels) in _app_views_api_v__models__user_json_jbuilder__713774934351740032_96520'
  /home/youssef/Documents/chatwoot/app/views/api/v1/models/_user.json.jbuilder:21:in 'block in _app_views_api_v__models__user_json_jbuilder__713774934351740032_96520'
  /home/youssef/Documents/chatwoot/app/views/api/v1/models/_user.json.jbuilder:20:in '_app_views_api_v__models__user_json_jbuilder__713774934351740032_96520'
  /home/youssef/Documents/chatwoot/app/views/api/v1/profiles/update.json.jbuilder:1:in '_app_views_api_v__profiles_update_json_jbuilder___3490712315514280856_99768'
  /home/youssef/Documents/chatwoot/app/controllers/concerns/request_exception_handler.rb:11:in 'RequestExceptionHandler#handle_with_exception'
  /home/youssef/Documents/chatwoot/app/controllers/concerns/switch_locale.rb:39:in 'SwitchLocale#set_locale'
  /home/youssef/Documents/chatwoot/app/controllers/concerns/switch_locale.rb:13:in 'SwitchLocale#switch_locale'

2025-06-19 01:13:52[WARN] user: youssef
GET /api/v1/accounts/1/contacts/2/conversations
AVOID eager loading detected
  Conversation => [:assignee, :taggings]
  Remove from your query: .includes([:assignee, :taggings])
Call stack
  /home/youssef/Documents/chatwoot/app/views/api/v1/accounts/contacts/conversations/index.json.jbuilder:2:in 'block in _app_views_api_v__accounts_contacts_conversations_index_json_jbuilder___1429885900655809017_106136'
  /home/youssef/Documents/chatwoot/app/views/api/v1/accounts/contacts/conversations/index.json.jbuilder:1:in '_app_views_api_v__accounts_contacts_conversations_index_json_jbuilder___1429885900655809017_106136'
  /home/youssef/Documents/chatwoot/app/controllers/concerns/switch_locale.rb:39:in 'SwitchLocale#set_locale'
  /home/youssef/Documents/chatwoot/app/controllers/concerns/switch_locale.rb:18:in 'SwitchLocale#switch_locale_using_account_locale'
  /home/youssef/Documents/chatwoot/app/controllers/concerns/request_exception_handler.rb:11:in 'RequestExceptionHandler#handle_with_exception'
  /home/youssef/Documents/chatwoot/app/controllers/concerns/switch_locale.rb:39:in 'SwitchLocale#set_locale'
  /home/youssef/Documents/chatwoot/app/controllers/concerns/switch_locale.rb:13:in 'SwitchLocale#switch_locale'

2025-06-19 01:13:52[WARN] user: youssef
PUT /api/v1/profile
USE eager loading detected
  AccountUser => [:account]
  Add to your query: .includes([:account])
Call stack
  /home/youssef/Documents/chatwoot/app/views/api/v1/models/_user.json.jbuilder:23:in 'block (2 levels) in _app_views_api_v__models__user_json_jbuilder__713774934351740032_96520'
  /home/youssef/Documents/chatwoot/app/views/api/v1/models/_user.json.jbuilder:21:in 'block in _app_views_api_v__models__user_json_jbuilder__713774934351740032_96520'
  /home/youssef/Documents/chatwoot/app/views/api/v1/models/_user.json.jbuilder:20:in '_app_views_api_v__models__user_json_jbuilder__713774934351740032_96520'
  /home/youssef/Documents/chatwoot/app/views/api/v1/profiles/update.json.jbuilder:1:in '_app_views_api_v__profiles_update_json_jbuilder___3490712315514280856_99768'
  /home/youssef/Documents/chatwoot/app/controllers/concerns/request_exception_handler.rb:11:in 'RequestExceptionHandler#handle_with_exception'
  /home/youssef/Documents/chatwoot/app/controllers/concerns/switch_locale.rb:39:in 'SwitchLocale#set_locale'
  /home/youssef/Documents/chatwoot/app/controllers/concerns/switch_locale.rb:13:in 'SwitchLocale#switch_locale'

2025-06-19 01:13:52[WARN] user: youssef
PUT /api/v1/profile
USE eager loading detected
  AccountUser => [:custom_role]
  Add to your query: .includes([:custom_role])
Call stack
  /home/youssef/Documents/chatwoot/app/views/api/v1/models/_user.json.jbuilder:23:in 'block (2 levels) in _app_views_api_v__models__user_json_jbuilder__713774934351740032_96520'
  /home/youssef/Documents/chatwoot/app/views/api/v1/models/_user.json.jbuilder:21:in 'block in _app_views_api_v__models__user_json_jbuilder__713774934351740032_96520'
  /home/youssef/Documents/chatwoot/app/views/api/v1/models/_user.json.jbuilder:20:in '_app_views_api_v__models__user_json_jbuilder__713774934351740032_96520'
  /home/youssef/Documents/chatwoot/app/views/api/v1/profiles/update.json.jbuilder:1:in '_app_views_api_v__profiles_update_json_jbuilder___3490712315514280856_99768'
  /home/youssef/Documents/chatwoot/app/controllers/concerns/request_exception_handler.rb:11:in 'RequestExceptionHandler#handle_with_exception'
  /home/youssef/Documents/chatwoot/app/controllers/concerns/switch_locale.rb:39:in 'SwitchLocale#set_locale'
  /home/youssef/Documents/chatwoot/app/controllers/concerns/switch_locale.rb:13:in 'SwitchLocale#switch_locale'

2025-06-19 01:13:54[WARN] user: youssef
PUT /api/v1/profile
USE eager loading detected
  AccountUser => [:account]
  Add to your query: .includes([:account])
Call stack
  /home/youssef/Documents/chatwoot/app/views/api/v1/models/_user.json.jbuilder:23:in 'block (2 levels) in _app_views_api_v__models__user_json_jbuilder__713774934351740032_96520'
  /home/youssef/Documents/chatwoot/app/views/api/v1/models/_user.json.jbuilder:21:in 'block in _app_views_api_v__models__user_json_jbuilder__713774934351740032_96520'
  /home/youssef/Documents/chatwoot/app/views/api/v1/models/_user.json.jbuilder:20:in '_app_views_api_v__models__user_json_jbuilder__713774934351740032_96520'
  /home/youssef/Documents/chatwoot/app/views/api/v1/profiles/update.json.jbuilder:1:in '_app_views_api_v__profiles_update_json_jbuilder___3490712315514280856_99768'
  /home/youssef/Documents/chatwoot/app/controllers/concerns/request_exception_handler.rb:11:in 'RequestExceptionHandler#handle_with_exception'
  /home/youssef/Documents/chatwoot/app/controllers/concerns/switch_locale.rb:39:in 'SwitchLocale#set_locale'
  /home/youssef/Documents/chatwoot/app/controllers/concerns/switch_locale.rb:13:in 'SwitchLocale#switch_locale'

2025-06-19 01:13:54[WARN] user: youssef
PUT /api/v1/profile
USE eager loading detected
  AccountUser => [:custom_role]
  Add to your query: .includes([:custom_role])
Call stack
  /home/youssef/Documents/chatwoot/app/views/api/v1/models/_user.json.jbuilder:23:in 'block (2 levels) in _app_views_api_v__models__user_json_jbuilder__713774934351740032_96520'
  /home/youssef/Documents/chatwoot/app/views/api/v1/models/_user.json.jbuilder:21:in 'block in _app_views_api_v__models__user_json_jbuilder__713774934351740032_96520'
  /home/youssef/Documents/chatwoot/app/views/api/v1/models/_user.json.jbuilder:20:in '_app_views_api_v__models__user_json_jbuilder__713774934351740032_96520'
  /home/youssef/Documents/chatwoot/app/views/api/v1/profiles/update.json.jbuilder:1:in '_app_views_api_v__profiles_update_json_jbuilder___3490712315514280856_99768'
  /home/youssef/Documents/chatwoot/app/controllers/concerns/request_exception_handler.rb:11:in 'RequestExceptionHandler#handle_with_exception'
  /home/youssef/Documents/chatwoot/app/controllers/concerns/switch_locale.rb:39:in 'SwitchLocale#set_locale'
  /home/youssef/Documents/chatwoot/app/controllers/concerns/switch_locale.rb:13:in 'SwitchLocale#switch_locale'

2025-06-19 01:13:54[WARN] user: youssef
PUT /api/v1/profile
USE eager loading detected
  AccountUser => [:account]
  Add to your query: .includes([:account])
Call stack
  /home/youssef/Documents/chatwoot/app/views/api/v1/models/_user.json.jbuilder:23:in 'block (2 levels) in _app_views_api_v__models__user_json_jbuilder__713774934351740032_96520'
  /home/youssef/Documents/chatwoot/app/views/api/v1/models/_user.json.jbuilder:21:in 'block in _app_views_api_v__models__user_json_jbuilder__713774934351740032_96520'
  /home/youssef/Documents/chatwoot/app/views/api/v1/models/_user.json.jbuilder:20:in '_app_views_api_v__models__user_json_jbuilder__713774934351740032_96520'
  /home/youssef/Documents/chatwoot/app/views/api/v1/profiles/update.json.jbuilder:1:in '_app_views_api_v__profiles_update_json_jbuilder___3490712315514280856_99768'
  /home/youssef/Documents/chatwoot/app/controllers/concerns/request_exception_handler.rb:11:in 'RequestExceptionHandler#handle_with_exception'
  /home/youssef/Documents/chatwoot/app/controllers/concerns/switch_locale.rb:39:in 'SwitchLocale#set_locale'
  /home/youssef/Documents/chatwoot/app/controllers/concerns/switch_locale.rb:13:in 'SwitchLocale#switch_locale'

2025-06-19 01:13:54[WARN] user: youssef
PUT /api/v1/profile
USE eager loading detected
  AccountUser => [:custom_role]
  Add to your query: .includes([:custom_role])
Call stack
  /home/youssef/Documents/chatwoot/app/views/api/v1/models/_user.json.jbuilder:23:in 'block (2 levels) in _app_views_api_v__models__user_json_jbuilder__713774934351740032_96520'
  /home/youssef/Documents/chatwoot/app/views/api/v1/models/_user.json.jbuilder:21:in 'block in _app_views_api_v__models__user_json_jbuilder__713774934351740032_96520'
  /home/youssef/Documents/chatwoot/app/views/api/v1/models/_user.json.jbuilder:20:in '_app_views_api_v__models__user_json_jbuilder__713774934351740032_96520'
  /home/youssef/Documents/chatwoot/app/views/api/v1/profiles/update.json.jbuilder:1:in '_app_views_api_v__profiles_update_json_jbuilder___3490712315514280856_99768'
  /home/youssef/Documents/chatwoot/app/controllers/concerns/request_exception_handler.rb:11:in 'RequestExceptionHandler#handle_with_exception'
  /home/youssef/Documents/chatwoot/app/controllers/concerns/switch_locale.rb:39:in 'SwitchLocale#set_locale'
  /home/youssef/Documents/chatwoot/app/controllers/concerns/switch_locale.rb:13:in 'SwitchLocale#switch_locale'

2025-06-19 01:13:55[WARN] user: youssef
PUT /api/v1/profile
USE eager loading detected
  AccountUser => [:account]
  Add to your query: .includes([:account])
Call stack
  /home/youssef/Documents/chatwoot/app/views/api/v1/models/_user.json.jbuilder:23:in 'block (2 levels) in _app_views_api_v__models__user_json_jbuilder__713774934351740032_96520'
  /home/youssef/Documents/chatwoot/app/views/api/v1/models/_user.json.jbuilder:21:in 'block in _app_views_api_v__models__user_json_jbuilder__713774934351740032_96520'
  /home/youssef/Documents/chatwoot/app/views/api/v1/models/_user.json.jbuilder:20:in '_app_views_api_v__models__user_json_jbuilder__713774934351740032_96520'
  /home/youssef/Documents/chatwoot/app/views/api/v1/profiles/update.json.jbuilder:1:in '_app_views_api_v__profiles_update_json_jbuilder___3490712315514280856_99768'
  /home/youssef/Documents/chatwoot/app/controllers/concerns/request_exception_handler.rb:11:in 'RequestExceptionHandler#handle_with_exception'
  /home/youssef/Documents/chatwoot/app/controllers/concerns/switch_locale.rb:39:in 'SwitchLocale#set_locale'
  /home/youssef/Documents/chatwoot/app/controllers/concerns/switch_locale.rb:13:in 'SwitchLocale#switch_locale'

2025-06-19 01:13:55[WARN] user: youssef
PUT /api/v1/profile
USE eager loading detected
  AccountUser => [:custom_role]
  Add to your query: .includes([:custom_role])
Call stack
  /home/youssef/Documents/chatwoot/app/views/api/v1/models/_user.json.jbuilder:23:in 'block (2 levels) in _app_views_api_v__models__user_json_jbuilder__713774934351740032_96520'
  /home/youssef/Documents/chatwoot/app/views/api/v1/models/_user.json.jbuilder:21:in 'block in _app_views_api_v__models__user_json_jbuilder__713774934351740032_96520'
  /home/youssef/Documents/chatwoot/app/views/api/v1/models/_user.json.jbuilder:20:in '_app_views_api_v__models__user_json_jbuilder__713774934351740032_96520'
  /home/youssef/Documents/chatwoot/app/views/api/v1/profiles/update.json.jbuilder:1:in '_app_views_api_v__profiles_update_json_jbuilder___3490712315514280856_99768'
  /home/youssef/Documents/chatwoot/app/controllers/concerns/request_exception_handler.rb:11:in 'RequestExceptionHandler#handle_with_exception'
  /home/youssef/Documents/chatwoot/app/controllers/concerns/switch_locale.rb:39:in 'SwitchLocale#set_locale'
  /home/youssef/Documents/chatwoot/app/controllers/concerns/switch_locale.rb:13:in 'SwitchLocale#switch_locale'

2025-06-19 01:13:56[WARN] user: youssef
PUT /api/v1/profile
USE eager loading detected
  AccountUser => [:account]
  Add to your query: .includes([:account])
Call stack
  /home/youssef/Documents/chatwoot/app/views/api/v1/models/_user.json.jbuilder:23:in 'block (2 levels) in _app_views_api_v__models__user_json_jbuilder__713774934351740032_96520'
  /home/youssef/Documents/chatwoot/app/views/api/v1/models/_user.json.jbuilder:21:in 'block in _app_views_api_v__models__user_json_jbuilder__713774934351740032_96520'
  /home/youssef/Documents/chatwoot/app/views/api/v1/models/_user.json.jbuilder:20:in '_app_views_api_v__models__user_json_jbuilder__713774934351740032_96520'
  /home/youssef/Documents/chatwoot/app/views/api/v1/profiles/update.json.jbuilder:1:in '_app_views_api_v__profiles_update_json_jbuilder___3490712315514280856_99768'
  /home/youssef/Documents/chatwoot/app/controllers/concerns/request_exception_handler.rb:11:in 'RequestExceptionHandler#handle_with_exception'
  /home/youssef/Documents/chatwoot/app/controllers/concerns/switch_locale.rb:39:in 'SwitchLocale#set_locale'
  /home/youssef/Documents/chatwoot/app/controllers/concerns/switch_locale.rb:13:in 'SwitchLocale#switch_locale'

2025-06-19 01:13:56[WARN] user: youssef
PUT /api/v1/profile
USE eager loading detected
  AccountUser => [:custom_role]
  Add to your query: .includes([:custom_role])
Call stack
  /home/youssef/Documents/chatwoot/app/views/api/v1/models/_user.json.jbuilder:23:in 'block (2 levels) in _app_views_api_v__models__user_json_jbuilder__713774934351740032_96520'
  /home/youssef/Documents/chatwoot/app/views/api/v1/models/_user.json.jbuilder:21:in 'block in _app_views_api_v__models__user_json_jbuilder__713774934351740032_96520'
  /home/youssef/Documents/chatwoot/app/views/api/v1/models/_user.json.jbuilder:20:in '_app_views_api_v__models__user_json_jbuilder__713774934351740032_96520'
  /home/youssef/Documents/chatwoot/app/views/api/v1/profiles/update.json.jbuilder:1:in '_app_views_api_v__profiles_update_json_jbuilder___3490712315514280856_99768'
  /home/youssef/Documents/chatwoot/app/controllers/concerns/request_exception_handler.rb:11:in 'RequestExceptionHandler#handle_with_exception'
  /home/youssef/Documents/chatwoot/app/controllers/concerns/switch_locale.rb:39:in 'SwitchLocale#set_locale'
  /home/youssef/Documents/chatwoot/app/controllers/concerns/switch_locale.rb:13:in 'SwitchLocale#switch_locale'

2025-06-19 02:10:38[WARN] user: youssef
GET /auth/validate_token
USE eager loading detected
  AccountUser => [:account]
  Add to your query: .includes([:account])
Call stack
  /home/youssef/Documents/chatwoot/app/views/api/v1/models/_user.json.jbuilder:23:in 'block (2 levels) in _app_views_api_v__models__user_json_jbuilder__1415560432925868392_92752'
  /home/youssef/Documents/chatwoot/app/views/api/v1/models/_user.json.jbuilder:21:in 'block in _app_views_api_v__models__user_json_jbuilder__1415560432925868392_92752'
  /home/youssef/Documents/chatwoot/app/views/api/v1/models/_user.json.jbuilder:20:in '_app_views_api_v__models__user_json_jbuilder__1415560432925868392_92752'
  /home/youssef/Documents/chatwoot/app/views/devise/_auth.json.jbuilder:2:in 'block in _app_views_devise__auth_json_jbuilder___4500721710269535285_92744'
  /home/youssef/Documents/chatwoot/app/views/devise/_auth.json.jbuilder:1:in '_app_views_devise__auth_json_jbuilder___4500721710269535285_92744'
  /home/youssef/Documents/chatwoot/app/views/devise/token.json.jbuilder:3:in 'block in _app_views_devise_token_json_jbuilder___96802895136854940_92736'
  /home/youssef/Documents/chatwoot/app/views/devise/token.json.jbuilder:1:in '_app_views_devise_token_json_jbuilder___96802895136854940_92736'
  /home/youssef/Documents/chatwoot/app/controllers/devise_overrides/token_validations_controller.rb:5:in 'DeviseOverrides::TokenValidationsController#validate_token'
  /home/youssef/Documents/chatwoot/app/controllers/concerns/switch_locale.rb:39:in 'SwitchLocale#set_locale'
  /home/youssef/Documents/chatwoot/app/controllers/concerns/switch_locale.rb:13:in 'SwitchLocale#switch_locale'

2025-06-19 02:10:38[WARN] user: youssef
GET /auth/validate_token
USE eager loading detected
  AccountUser => [:custom_role]
  Add to your query: .includes([:custom_role])
Call stack
  /home/youssef/Documents/chatwoot/app/views/api/v1/models/_user.json.jbuilder:23:in 'block (2 levels) in _app_views_api_v__models__user_json_jbuilder__1415560432925868392_92752'
  /home/youssef/Documents/chatwoot/app/views/api/v1/models/_user.json.jbuilder:21:in 'block in _app_views_api_v__models__user_json_jbuilder__1415560432925868392_92752'
  /home/youssef/Documents/chatwoot/app/views/api/v1/models/_user.json.jbuilder:20:in '_app_views_api_v__models__user_json_jbuilder__1415560432925868392_92752'
  /home/youssef/Documents/chatwoot/app/views/devise/_auth.json.jbuilder:2:in 'block in _app_views_devise__auth_json_jbuilder___4500721710269535285_92744'
  /home/youssef/Documents/chatwoot/app/views/devise/_auth.json.jbuilder:1:in '_app_views_devise__auth_json_jbuilder___4500721710269535285_92744'
  /home/youssef/Documents/chatwoot/app/views/devise/token.json.jbuilder:3:in 'block in _app_views_devise_token_json_jbuilder___96802895136854940_92736'
  /home/youssef/Documents/chatwoot/app/views/devise/token.json.jbuilder:1:in '_app_views_devise_token_json_jbuilder___96802895136854940_92736'
  /home/youssef/Documents/chatwoot/app/controllers/devise_overrides/token_validations_controller.rb:5:in 'DeviseOverrides::TokenValidationsController#validate_token'
  /home/youssef/Documents/chatwoot/app/controllers/concerns/switch_locale.rb:39:in 'SwitchLocale#set_locale'
  /home/youssef/Documents/chatwoot/app/controllers/concerns/switch_locale.rb:13:in 'SwitchLocale#switch_locale'

2025-06-19 02:10:39[WARN] user: youssef
PUT /api/v1/profile
USE eager loading detected
  AccountUser => [:account]
  Add to your query: .includes([:account])
Call stack
  /home/youssef/Documents/chatwoot/app/views/api/v1/models/_user.json.jbuilder:23:in 'block (2 levels) in _app_views_api_v__models__user_json_jbuilder__1415560432925868392_92752'
  /home/youssef/Documents/chatwoot/app/views/api/v1/models/_user.json.jbuilder:21:in 'block in _app_views_api_v__models__user_json_jbuilder__1415560432925868392_92752'
  /home/youssef/Documents/chatwoot/app/views/api/v1/models/_user.json.jbuilder:20:in '_app_views_api_v__models__user_json_jbuilder__1415560432925868392_92752'
  /home/youssef/Documents/chatwoot/app/views/api/v1/profiles/update.json.jbuilder:1:in '_app_views_api_v__profiles_update_json_jbuilder___3541242858028574360_95048'
  /home/youssef/Documents/chatwoot/app/controllers/concerns/request_exception_handler.rb:11:in 'RequestExceptionHandler#handle_with_exception'
  /home/youssef/Documents/chatwoot/app/controllers/concerns/switch_locale.rb:39:in 'SwitchLocale#set_locale'
  /home/youssef/Documents/chatwoot/app/controllers/concerns/switch_locale.rb:13:in 'SwitchLocale#switch_locale'

2025-06-19 02:10:39[WARN] user: youssef
PUT /api/v1/profile
USE eager loading detected
  AccountUser => [:custom_role]
  Add to your query: .includes([:custom_role])
Call stack
  /home/youssef/Documents/chatwoot/app/views/api/v1/models/_user.json.jbuilder:23:in 'block (2 levels) in _app_views_api_v__models__user_json_jbuilder__1415560432925868392_92752'
  /home/youssef/Documents/chatwoot/app/views/api/v1/models/_user.json.jbuilder:21:in 'block in _app_views_api_v__models__user_json_jbuilder__1415560432925868392_92752'
  /home/youssef/Documents/chatwoot/app/views/api/v1/models/_user.json.jbuilder:20:in '_app_views_api_v__models__user_json_jbuilder__1415560432925868392_92752'
  /home/youssef/Documents/chatwoot/app/views/api/v1/profiles/update.json.jbuilder:1:in '_app_views_api_v__profiles_update_json_jbuilder___3541242858028574360_95048'
  /home/youssef/Documents/chatwoot/app/controllers/concerns/request_exception_handler.rb:11:in 'RequestExceptionHandler#handle_with_exception'
  /home/youssef/Documents/chatwoot/app/controllers/concerns/switch_locale.rb:39:in 'SwitchLocale#set_locale'
  /home/youssef/Documents/chatwoot/app/controllers/concerns/switch_locale.rb:13:in 'SwitchLocale#switch_locale'

2025-06-19 02:10:40[WARN] user: youssef
GET /api/v1/accounts/1/conversations?status=open&assignee_type=me&page=1&sort_by=last_activity_at_desc
AVOID eager loading detected
  Conversation => [:taggings, :assignee]
  Remove from your query: .includes([:taggings, :assignee])
Call stack
  /home/youssef/Documents/chatwoot/app/views/api/v1/accounts/conversations/index.json.jbuilder:9:in 'block (2 levels) in _app_views_api_v__accounts_conversations_index_json_jbuilder__3610179395990370585_95128'
  /home/youssef/Documents/chatwoot/app/views/api/v1/accounts/conversations/index.json.jbuilder:8:in 'block in _app_views_api_v__accounts_conversations_index_json_jbuilder__3610179395990370585_95128'
  /home/youssef/Documents/chatwoot/app/views/api/v1/accounts/conversations/index.json.jbuilder:1:in '_app_views_api_v__accounts_conversations_index_json_jbuilder__3610179395990370585_95128'
  /home/youssef/Documents/chatwoot/app/controllers/concerns/switch_locale.rb:39:in 'SwitchLocale#set_locale'
  /home/youssef/Documents/chatwoot/app/controllers/concerns/switch_locale.rb:18:in 'SwitchLocale#switch_locale_using_account_locale'
  /home/youssef/Documents/chatwoot/app/controllers/concerns/request_exception_handler.rb:11:in 'RequestExceptionHandler#handle_with_exception'
  /home/youssef/Documents/chatwoot/app/controllers/concerns/switch_locale.rb:39:in 'SwitchLocale#set_locale'
  /home/youssef/Documents/chatwoot/app/controllers/concerns/switch_locale.rb:13:in 'SwitchLocale#switch_locale'

2025-06-19 02:10:40[WARN] user: youssef
GET /api/v1/accounts/1/contacts/2/contactable_inboxes
AVOID eager loading detected
  Contact => [:contact_inboxes]
  Remove from your query: .includes([:contact_inboxes])
Call stack
  /home/youssef/Documents/chatwoot/app/controllers/api/v1/accounts/contacts_controller.rb:187:in 'Api::V1::Accounts::ContactsController#fetch_contact'
  /home/youssef/Documents/chatwoot/app/controllers/concerns/switch_locale.rb:39:in 'SwitchLocale#set_locale'
  /home/youssef/Documents/chatwoot/app/controllers/concerns/switch_locale.rb:18:in 'SwitchLocale#switch_locale_using_account_locale'
  /home/youssef/Documents/chatwoot/app/controllers/concerns/request_exception_handler.rb:11:in 'RequestExceptionHandler#handle_with_exception'
  /home/youssef/Documents/chatwoot/app/controllers/concerns/switch_locale.rb:39:in 'SwitchLocale#set_locale'
  /home/youssef/Documents/chatwoot/app/controllers/concerns/switch_locale.rb:13:in 'SwitchLocale#switch_locale'

2025-06-19 02:10:40[WARN] user: youssef
GET /api/v1/accounts/1/contacts/2/contactable_inboxes
AVOID eager loading detected
  ContactInbox => [:inbox]
  Remove from your query: .includes([:inbox])
Call stack
  /home/youssef/Documents/chatwoot/app/controllers/api/v1/accounts/contacts_controller.rb:187:in 'Api::V1::Accounts::ContactsController#fetch_contact'
  /home/youssef/Documents/chatwoot/app/controllers/concerns/switch_locale.rb:39:in 'SwitchLocale#set_locale'
  /home/youssef/Documents/chatwoot/app/controllers/concerns/switch_locale.rb:18:in 'SwitchLocale#switch_locale_using_account_locale'
  /home/youssef/Documents/chatwoot/app/controllers/concerns/request_exception_handler.rb:11:in 'RequestExceptionHandler#handle_with_exception'
  /home/youssef/Documents/chatwoot/app/controllers/concerns/switch_locale.rb:39:in 'SwitchLocale#set_locale'
  /home/youssef/Documents/chatwoot/app/controllers/concerns/switch_locale.rb:13:in 'SwitchLocale#switch_locale'

2025-06-19 02:10:40[WARN] user: youssef
GET /api/v1/accounts/1/contacts/2?include_contact_inboxes=false
AVOID eager loading detected
  Contact => [:contact_inboxes]
  Remove from your query: .includes([:contact_inboxes])
Call stack
  /home/youssef/Documents/chatwoot/app/controllers/api/v1/accounts/contacts_controller.rb:187:in 'Api::V1::Accounts::ContactsController#fetch_contact'
  /home/youssef/Documents/chatwoot/app/controllers/concerns/switch_locale.rb:39:in 'SwitchLocale#set_locale'
  /home/youssef/Documents/chatwoot/app/controllers/concerns/switch_locale.rb:18:in 'SwitchLocale#switch_locale_using_account_locale'
  /home/youssef/Documents/chatwoot/app/controllers/concerns/request_exception_handler.rb:11:in 'RequestExceptionHandler#handle_with_exception'
  /home/youssef/Documents/chatwoot/app/controllers/concerns/switch_locale.rb:39:in 'SwitchLocale#set_locale'
  /home/youssef/Documents/chatwoot/app/controllers/concerns/switch_locale.rb:13:in 'SwitchLocale#switch_locale'

2025-06-19 02:10:40[WARN] user: youssef
GET /api/v1/accounts/1/contacts/2?include_contact_inboxes=false
AVOID eager loading detected
  ContactInbox => [:inbox]
  Remove from your query: .includes([:inbox])
Call stack
  /home/youssef/Documents/chatwoot/app/controllers/api/v1/accounts/contacts_controller.rb:187:in 'Api::V1::Accounts::ContactsController#fetch_contact'
  /home/youssef/Documents/chatwoot/app/controllers/concerns/switch_locale.rb:39:in 'SwitchLocale#set_locale'
  /home/youssef/Documents/chatwoot/app/controllers/concerns/switch_locale.rb:18:in 'SwitchLocale#switch_locale_using_account_locale'
  /home/youssef/Documents/chatwoot/app/controllers/concerns/request_exception_handler.rb:11:in 'RequestExceptionHandler#handle_with_exception'
  /home/youssef/Documents/chatwoot/app/controllers/concerns/switch_locale.rb:39:in 'SwitchLocale#set_locale'
  /home/youssef/Documents/chatwoot/app/controllers/concerns/switch_locale.rb:13:in 'SwitchLocale#switch_locale'

2025-06-19 02:12:08[WARN] user: youssef
GET /api/v1/accounts/1/conversations?status=open&assignee_type=all&page=1&sort_by=last_activity_at_desc
AVOID eager loading detected
  Conversation => [:taggings, :assignee]
  Remove from your query: .includes([:taggings, :assignee])
Call stack
  /home/youssef/Documents/chatwoot/app/views/api/v1/accounts/conversations/index.json.jbuilder:9:in 'block (2 levels) in _app_views_api_v__accounts_conversations_index_json_jbuilder__3610179395990370585_95128'
  /home/youssef/Documents/chatwoot/app/views/api/v1/accounts/conversations/index.json.jbuilder:8:in 'block in _app_views_api_v__accounts_conversations_index_json_jbuilder__3610179395990370585_95128'
  /home/youssef/Documents/chatwoot/app/views/api/v1/accounts/conversations/index.json.jbuilder:1:in '_app_views_api_v__accounts_conversations_index_json_jbuilder__3610179395990370585_95128'
  /home/youssef/Documents/chatwoot/app/controllers/concerns/switch_locale.rb:39:in 'SwitchLocale#set_locale'
  /home/youssef/Documents/chatwoot/app/controllers/concerns/switch_locale.rb:18:in 'SwitchLocale#switch_locale_using_account_locale'
  /home/youssef/Documents/chatwoot/app/controllers/concerns/request_exception_handler.rb:11:in 'RequestExceptionHandler#handle_with_exception'
  /home/youssef/Documents/chatwoot/app/controllers/concerns/switch_locale.rb:39:in 'SwitchLocale#set_locale'
  /home/youssef/Documents/chatwoot/app/controllers/concerns/switch_locale.rb:13:in 'SwitchLocale#switch_locale'

2025-06-19 02:12:27[WARN] user: youssef
GET /api/v1/accounts/1/conversations?inbox_id=2&status=open&assignee_type=all&page=1&sort_by=last_activity_at_desc
AVOID eager loading detected
  Conversation => [:taggings, :assignee]
  Remove from your query: .includes([:taggings, :assignee])
Call stack
  /home/youssef/Documents/chatwoot/app/views/api/v1/accounts/conversations/index.json.jbuilder:9:in 'block (2 levels) in _app_views_api_v__accounts_conversations_index_json_jbuilder__3610179395990370585_95128'
  /home/youssef/Documents/chatwoot/app/views/api/v1/accounts/conversations/index.json.jbuilder:8:in 'block in _app_views_api_v__accounts_conversations_index_json_jbuilder__3610179395990370585_95128'
  /home/youssef/Documents/chatwoot/app/views/api/v1/accounts/conversations/index.json.jbuilder:1:in '_app_views_api_v__accounts_conversations_index_json_jbuilder__3610179395990370585_95128'
  /home/youssef/Documents/chatwoot/app/controllers/concerns/switch_locale.rb:39:in 'SwitchLocale#set_locale'
  /home/youssef/Documents/chatwoot/app/controllers/concerns/switch_locale.rb:18:in 'SwitchLocale#switch_locale_using_account_locale'
  /home/youssef/Documents/chatwoot/app/controllers/concerns/request_exception_handler.rb:11:in 'RequestExceptionHandler#handle_with_exception'
  /home/youssef/Documents/chatwoot/app/controllers/concerns/switch_locale.rb:39:in 'SwitchLocale#set_locale'
  /home/youssef/Documents/chatwoot/app/controllers/concerns/switch_locale.rb:13:in 'SwitchLocale#switch_locale'

2025-06-19 02:24:05[WARN] user: youssef
GET /auth/validate_token
USE eager loading detected
  AccountUser => [:account]
  Add to your query: .includes([:account])
Call stack
  /home/youssef/Documents/chatwoot/app/views/api/v1/models/_user.json.jbuilder:23:in 'block (2 levels) in _app_views_api_v__models__user_json_jbuilder__1415560432925868392_92752'
  /home/youssef/Documents/chatwoot/app/views/api/v1/models/_user.json.jbuilder:21:in 'block in _app_views_api_v__models__user_json_jbuilder__1415560432925868392_92752'
  /home/youssef/Documents/chatwoot/app/views/api/v1/models/_user.json.jbuilder:20:in '_app_views_api_v__models__user_json_jbuilder__1415560432925868392_92752'
  /home/youssef/Documents/chatwoot/app/views/devise/_auth.json.jbuilder:2:in 'block in _app_views_devise__auth_json_jbuilder___4500721710269535285_92744'
  /home/youssef/Documents/chatwoot/app/views/devise/_auth.json.jbuilder:1:in '_app_views_devise__auth_json_jbuilder___4500721710269535285_92744'
  /home/youssef/Documents/chatwoot/app/views/devise/token.json.jbuilder:3:in 'block in _app_views_devise_token_json_jbuilder___96802895136854940_92736'
  /home/youssef/Documents/chatwoot/app/views/devise/token.json.jbuilder:1:in '_app_views_devise_token_json_jbuilder___96802895136854940_92736'
  /home/youssef/Documents/chatwoot/app/controllers/devise_overrides/token_validations_controller.rb:5:in 'DeviseOverrides::TokenValidationsController#validate_token'
  /home/youssef/Documents/chatwoot/app/controllers/concerns/switch_locale.rb:39:in 'SwitchLocale#set_locale'
  /home/youssef/Documents/chatwoot/app/controllers/concerns/switch_locale.rb:13:in 'SwitchLocale#switch_locale'

2025-06-19 02:24:05[WARN] user: youssef
GET /auth/validate_token
USE eager loading detected
  AccountUser => [:custom_role]
  Add to your query: .includes([:custom_role])
Call stack
  /home/youssef/Documents/chatwoot/app/views/api/v1/models/_user.json.jbuilder:23:in 'block (2 levels) in _app_views_api_v__models__user_json_jbuilder__1415560432925868392_92752'
  /home/youssef/Documents/chatwoot/app/views/api/v1/models/_user.json.jbuilder:21:in 'block in _app_views_api_v__models__user_json_jbuilder__1415560432925868392_92752'
  /home/youssef/Documents/chatwoot/app/views/api/v1/models/_user.json.jbuilder:20:in '_app_views_api_v__models__user_json_jbuilder__1415560432925868392_92752'
  /home/youssef/Documents/chatwoot/app/views/devise/_auth.json.jbuilder:2:in 'block in _app_views_devise__auth_json_jbuilder___4500721710269535285_92744'
  /home/youssef/Documents/chatwoot/app/views/devise/_auth.json.jbuilder:1:in '_app_views_devise__auth_json_jbuilder___4500721710269535285_92744'
  /home/youssef/Documents/chatwoot/app/views/devise/token.json.jbuilder:3:in 'block in _app_views_devise_token_json_jbuilder___96802895136854940_92736'
  /home/youssef/Documents/chatwoot/app/views/devise/token.json.jbuilder:1:in '_app_views_devise_token_json_jbuilder___96802895136854940_92736'
  /home/youssef/Documents/chatwoot/app/controllers/devise_overrides/token_validations_controller.rb:5:in 'DeviseOverrides::TokenValidationsController#validate_token'
  /home/youssef/Documents/chatwoot/app/controllers/concerns/switch_locale.rb:39:in 'SwitchLocale#set_locale'
  /home/youssef/Documents/chatwoot/app/controllers/concerns/switch_locale.rb:13:in 'SwitchLocale#switch_locale'

2025-06-19 02:24:06[WARN] user: youssef
GET /api/v1/accounts/1/conversations?inbox_id=2&status=open&assignee_type=me&page=1&sort_by=last_activity_at_desc
AVOID eager loading detected
  Conversation => [:taggings]
  Remove from your query: .includes([:taggings])
Call stack
  /home/youssef/Documents/chatwoot/app/views/api/v1/accounts/conversations/index.json.jbuilder:9:in 'block (2 levels) in _app_views_api_v__accounts_conversations_index_json_jbuilder__3610179395990370585_95128'
  /home/youssef/Documents/chatwoot/app/views/api/v1/accounts/conversations/index.json.jbuilder:8:in 'block in _app_views_api_v__accounts_conversations_index_json_jbuilder__3610179395990370585_95128'
  /home/youssef/Documents/chatwoot/app/views/api/v1/accounts/conversations/index.json.jbuilder:1:in '_app_views_api_v__accounts_conversations_index_json_jbuilder__3610179395990370585_95128'
  /home/youssef/Documents/chatwoot/app/controllers/concerns/switch_locale.rb:39:in 'SwitchLocale#set_locale'
  /home/youssef/Documents/chatwoot/app/controllers/concerns/switch_locale.rb:18:in 'SwitchLocale#switch_locale_using_account_locale'
  /home/youssef/Documents/chatwoot/app/controllers/concerns/request_exception_handler.rb:11:in 'RequestExceptionHandler#handle_with_exception'
  /home/youssef/Documents/chatwoot/app/controllers/concerns/switch_locale.rb:39:in 'SwitchLocale#set_locale'
  /home/youssef/Documents/chatwoot/app/controllers/concerns/switch_locale.rb:13:in 'SwitchLocale#switch_locale'

2025-06-19 02:24:06[WARN] user: youssef
PUT /api/v1/profile
USE eager loading detected
  AccountUser => [:account]
  Add to your query: .includes([:account])
Call stack
  /home/youssef/Documents/chatwoot/app/views/api/v1/models/_user.json.jbuilder:23:in 'block (2 levels) in _app_views_api_v__models__user_json_jbuilder__1415560432925868392_92752'
  /home/youssef/Documents/chatwoot/app/views/api/v1/models/_user.json.jbuilder:21:in 'block in _app_views_api_v__models__user_json_jbuilder__1415560432925868392_92752'
  /home/youssef/Documents/chatwoot/app/views/api/v1/models/_user.json.jbuilder:20:in '_app_views_api_v__models__user_json_jbuilder__1415560432925868392_92752'
  /home/youssef/Documents/chatwoot/app/views/api/v1/profiles/update.json.jbuilder:1:in '_app_views_api_v__profiles_update_json_jbuilder___3541242858028574360_95048'
  /home/youssef/Documents/chatwoot/app/controllers/concerns/request_exception_handler.rb:11:in 'RequestExceptionHandler#handle_with_exception'
  /home/youssef/Documents/chatwoot/app/controllers/concerns/switch_locale.rb:39:in 'SwitchLocale#set_locale'
  /home/youssef/Documents/chatwoot/app/controllers/concerns/switch_locale.rb:13:in 'SwitchLocale#switch_locale'

2025-06-19 02:24:06[WARN] user: youssef
PUT /api/v1/profile
USE eager loading detected
  AccountUser => [:custom_role]
  Add to your query: .includes([:custom_role])
Call stack
  /home/youssef/Documents/chatwoot/app/views/api/v1/models/_user.json.jbuilder:23:in 'block (2 levels) in _app_views_api_v__models__user_json_jbuilder__1415560432925868392_92752'
  /home/youssef/Documents/chatwoot/app/views/api/v1/models/_user.json.jbuilder:21:in 'block in _app_views_api_v__models__user_json_jbuilder__1415560432925868392_92752'
  /home/youssef/Documents/chatwoot/app/views/api/v1/models/_user.json.jbuilder:20:in '_app_views_api_v__models__user_json_jbuilder__1415560432925868392_92752'
  /home/youssef/Documents/chatwoot/app/views/api/v1/profiles/update.json.jbuilder:1:in '_app_views_api_v__profiles_update_json_jbuilder___3541242858028574360_95048'
  /home/youssef/Documents/chatwoot/app/controllers/concerns/request_exception_handler.rb:11:in 'RequestExceptionHandler#handle_with_exception'
  /home/youssef/Documents/chatwoot/app/controllers/concerns/switch_locale.rb:39:in 'SwitchLocale#set_locale'
  /home/youssef/Documents/chatwoot/app/controllers/concerns/switch_locale.rb:13:in 'SwitchLocale#switch_locale'

2025-06-19 02:24:06[WARN] user: youssef
GET /api/v1/accounts/1/contacts/2/contactable_inboxes
AVOID eager loading detected
  Contact => [:contact_inboxes]
  Remove from your query: .includes([:contact_inboxes])
Call stack
  /home/youssef/Documents/chatwoot/app/controllers/api/v1/accounts/contacts_controller.rb:187:in 'Api::V1::Accounts::ContactsController#fetch_contact'
  /home/youssef/Documents/chatwoot/app/controllers/concerns/switch_locale.rb:39:in 'SwitchLocale#set_locale'
  /home/youssef/Documents/chatwoot/app/controllers/concerns/switch_locale.rb:18:in 'SwitchLocale#switch_locale_using_account_locale'
  /home/youssef/Documents/chatwoot/app/controllers/concerns/request_exception_handler.rb:11:in 'RequestExceptionHandler#handle_with_exception'
  /home/youssef/Documents/chatwoot/app/controllers/concerns/switch_locale.rb:39:in 'SwitchLocale#set_locale'
  /home/youssef/Documents/chatwoot/app/controllers/concerns/switch_locale.rb:13:in 'SwitchLocale#switch_locale'

2025-06-19 02:24:06[WARN] user: youssef
GET /api/v1/accounts/1/contacts/2/contactable_inboxes
AVOID eager loading detected
  ContactInbox => [:inbox]
  Remove from your query: .includes([:inbox])
Call stack
  /home/youssef/Documents/chatwoot/app/controllers/api/v1/accounts/contacts_controller.rb:187:in 'Api::V1::Accounts::ContactsController#fetch_contact'
  /home/youssef/Documents/chatwoot/app/controllers/concerns/switch_locale.rb:39:in 'SwitchLocale#set_locale'
  /home/youssef/Documents/chatwoot/app/controllers/concerns/switch_locale.rb:18:in 'SwitchLocale#switch_locale_using_account_locale'
  /home/youssef/Documents/chatwoot/app/controllers/concerns/request_exception_handler.rb:11:in 'RequestExceptionHandler#handle_with_exception'
  /home/youssef/Documents/chatwoot/app/controllers/concerns/switch_locale.rb:39:in 'SwitchLocale#set_locale'
  /home/youssef/Documents/chatwoot/app/controllers/concerns/switch_locale.rb:13:in 'SwitchLocale#switch_locale'

2025-06-19 02:24:14[WARN] user: youssef
GET /auth/validate_token
USE eager loading detected
  AccountUser => [:account]
  Add to your query: .includes([:account])
Call stack
  /home/youssef/Documents/chatwoot/app/views/api/v1/models/_user.json.jbuilder:23:in 'block (2 levels) in _app_views_api_v__models__user_json_jbuilder__1415560432925868392_92752'
  /home/youssef/Documents/chatwoot/app/views/api/v1/models/_user.json.jbuilder:21:in 'block in _app_views_api_v__models__user_json_jbuilder__1415560432925868392_92752'
  /home/youssef/Documents/chatwoot/app/views/api/v1/models/_user.json.jbuilder:20:in '_app_views_api_v__models__user_json_jbuilder__1415560432925868392_92752'
  /home/youssef/Documents/chatwoot/app/views/devise/_auth.json.jbuilder:2:in 'block in _app_views_devise__auth_json_jbuilder___4500721710269535285_92744'
  /home/youssef/Documents/chatwoot/app/views/devise/_auth.json.jbuilder:1:in '_app_views_devise__auth_json_jbuilder___4500721710269535285_92744'
  /home/youssef/Documents/chatwoot/app/views/devise/token.json.jbuilder:3:in 'block in _app_views_devise_token_json_jbuilder___96802895136854940_92736'
  /home/youssef/Documents/chatwoot/app/views/devise/token.json.jbuilder:1:in '_app_views_devise_token_json_jbuilder___96802895136854940_92736'
  /home/youssef/Documents/chatwoot/app/controllers/devise_overrides/token_validations_controller.rb:5:in 'DeviseOverrides::TokenValidationsController#validate_token'
  /home/youssef/Documents/chatwoot/app/controllers/concerns/switch_locale.rb:39:in 'SwitchLocale#set_locale'
  /home/youssef/Documents/chatwoot/app/controllers/concerns/switch_locale.rb:13:in 'SwitchLocale#switch_locale'

2025-06-19 02:24:14[WARN] user: youssef
GET /auth/validate_token
USE eager loading detected
  AccountUser => [:custom_role]
  Add to your query: .includes([:custom_role])
Call stack
  /home/youssef/Documents/chatwoot/app/views/api/v1/models/_user.json.jbuilder:23:in 'block (2 levels) in _app_views_api_v__models__user_json_jbuilder__1415560432925868392_92752'
  /home/youssef/Documents/chatwoot/app/views/api/v1/models/_user.json.jbuilder:21:in 'block in _app_views_api_v__models__user_json_jbuilder__1415560432925868392_92752'
  /home/youssef/Documents/chatwoot/app/views/api/v1/models/_user.json.jbuilder:20:in '_app_views_api_v__models__user_json_jbuilder__1415560432925868392_92752'
  /home/youssef/Documents/chatwoot/app/views/devise/_auth.json.jbuilder:2:in 'block in _app_views_devise__auth_json_jbuilder___4500721710269535285_92744'
  /home/youssef/Documents/chatwoot/app/views/devise/_auth.json.jbuilder:1:in '_app_views_devise__auth_json_jbuilder___4500721710269535285_92744'
  /home/youssef/Documents/chatwoot/app/views/devise/token.json.jbuilder:3:in 'block in _app_views_devise_token_json_jbuilder___96802895136854940_92736'
  /home/youssef/Documents/chatwoot/app/views/devise/token.json.jbuilder:1:in '_app_views_devise_token_json_jbuilder___96802895136854940_92736'
  /home/youssef/Documents/chatwoot/app/controllers/devise_overrides/token_validations_controller.rb:5:in 'DeviseOverrides::TokenValidationsController#validate_token'
  /home/youssef/Documents/chatwoot/app/controllers/concerns/switch_locale.rb:39:in 'SwitchLocale#set_locale'
  /home/youssef/Documents/chatwoot/app/controllers/concerns/switch_locale.rb:13:in 'SwitchLocale#switch_locale'

2025-06-19 02:24:15[WARN] user: youssef
GET /api/v1/accounts/1/conversations?inbox_id=2&status=open&assignee_type=me&page=1&sort_by=last_activity_at_desc
AVOID eager loading detected
  Conversation => [:taggings]
  Remove from your query: .includes([:taggings])
Call stack
  /home/youssef/Documents/chatwoot/app/views/api/v1/accounts/conversations/index.json.jbuilder:9:in 'block (2 levels) in _app_views_api_v__accounts_conversations_index_json_jbuilder__3610179395990370585_95128'
  /home/youssef/Documents/chatwoot/app/views/api/v1/accounts/conversations/index.json.jbuilder:8:in 'block in _app_views_api_v__accounts_conversations_index_json_jbuilder__3610179395990370585_95128'
  /home/youssef/Documents/chatwoot/app/views/api/v1/accounts/conversations/index.json.jbuilder:1:in '_app_views_api_v__accounts_conversations_index_json_jbuilder__3610179395990370585_95128'
  /home/youssef/Documents/chatwoot/app/controllers/concerns/switch_locale.rb:39:in 'SwitchLocale#set_locale'
  /home/youssef/Documents/chatwoot/app/controllers/concerns/switch_locale.rb:18:in 'SwitchLocale#switch_locale_using_account_locale'
  /home/youssef/Documents/chatwoot/app/controllers/concerns/request_exception_handler.rb:11:in 'RequestExceptionHandler#handle_with_exception'
  /home/youssef/Documents/chatwoot/app/controllers/concerns/switch_locale.rb:39:in 'SwitchLocale#set_locale'
  /home/youssef/Documents/chatwoot/app/controllers/concerns/switch_locale.rb:13:in 'SwitchLocale#switch_locale'

2025-06-19 02:24:17[WARN] user: youssef
PUT /api/v1/profile
USE eager loading detected
  AccountUser => [:account]
  Add to your query: .includes([:account])
Call stack
  /home/youssef/Documents/chatwoot/app/views/api/v1/models/_user.json.jbuilder:23:in 'block (2 levels) in _app_views_api_v__models__user_json_jbuilder__1415560432925868392_92752'
  /home/youssef/Documents/chatwoot/app/views/api/v1/models/_user.json.jbuilder:21:in 'block in _app_views_api_v__models__user_json_jbuilder__1415560432925868392_92752'
  /home/youssef/Documents/chatwoot/app/views/api/v1/models/_user.json.jbuilder:20:in '_app_views_api_v__models__user_json_jbuilder__1415560432925868392_92752'
  /home/youssef/Documents/chatwoot/app/views/api/v1/profiles/update.json.jbuilder:1:in '_app_views_api_v__profiles_update_json_jbuilder___3541242858028574360_95048'
  /home/youssef/Documents/chatwoot/app/controllers/concerns/request_exception_handler.rb:11:in 'RequestExceptionHandler#handle_with_exception'
  /home/youssef/Documents/chatwoot/app/controllers/concerns/switch_locale.rb:39:in 'SwitchLocale#set_locale'
  /home/youssef/Documents/chatwoot/app/controllers/concerns/switch_locale.rb:13:in 'SwitchLocale#switch_locale'

2025-06-19 02:24:17[WARN] user: youssef
PUT /api/v1/profile
USE eager loading detected
  AccountUser => [:custom_role]
  Add to your query: .includes([:custom_role])
Call stack
  /home/youssef/Documents/chatwoot/app/views/api/v1/models/_user.json.jbuilder:23:in 'block (2 levels) in _app_views_api_v__models__user_json_jbuilder__1415560432925868392_92752'
  /home/youssef/Documents/chatwoot/app/views/api/v1/models/_user.json.jbuilder:21:in 'block in _app_views_api_v__models__user_json_jbuilder__1415560432925868392_92752'
  /home/youssef/Documents/chatwoot/app/views/api/v1/models/_user.json.jbuilder:20:in '_app_views_api_v__models__user_json_jbuilder__1415560432925868392_92752'
  /home/youssef/Documents/chatwoot/app/views/api/v1/profiles/update.json.jbuilder:1:in '_app_views_api_v__profiles_update_json_jbuilder___3541242858028574360_95048'
  /home/youssef/Documents/chatwoot/app/controllers/concerns/request_exception_handler.rb:11:in 'RequestExceptionHandler#handle_with_exception'
  /home/youssef/Documents/chatwoot/app/controllers/concerns/switch_locale.rb:39:in 'SwitchLocale#set_locale'
  /home/youssef/Documents/chatwoot/app/controllers/concerns/switch_locale.rb:13:in 'SwitchLocale#switch_locale'

2025-06-19 02:24:18[WARN] user: youssef
GET /api/v1/accounts/1/contacts/2/contactable_inboxes
AVOID eager loading detected
  Contact => [:contact_inboxes]
  Remove from your query: .includes([:contact_inboxes])
Call stack
  /home/youssef/Documents/chatwoot/app/controllers/api/v1/accounts/contacts_controller.rb:187:in 'Api::V1::Accounts::ContactsController#fetch_contact'
  /home/youssef/Documents/chatwoot/app/controllers/concerns/switch_locale.rb:39:in 'SwitchLocale#set_locale'
  /home/youssef/Documents/chatwoot/app/controllers/concerns/switch_locale.rb:18:in 'SwitchLocale#switch_locale_using_account_locale'
  /home/youssef/Documents/chatwoot/app/controllers/concerns/request_exception_handler.rb:11:in 'RequestExceptionHandler#handle_with_exception'
  /home/youssef/Documents/chatwoot/app/controllers/concerns/switch_locale.rb:39:in 'SwitchLocale#set_locale'
  /home/youssef/Documents/chatwoot/app/controllers/concerns/switch_locale.rb:13:in 'SwitchLocale#switch_locale'

2025-06-19 02:24:18[WARN] user: youssef
GET /api/v1/accounts/1/contacts/2/contactable_inboxes
AVOID eager loading detected
  ContactInbox => [:inbox]
  Remove from your query: .includes([:inbox])
Call stack
  /home/youssef/Documents/chatwoot/app/controllers/api/v1/accounts/contacts_controller.rb:187:in 'Api::V1::Accounts::ContactsController#fetch_contact'
  /home/youssef/Documents/chatwoot/app/controllers/concerns/switch_locale.rb:39:in 'SwitchLocale#set_locale'
  /home/youssef/Documents/chatwoot/app/controllers/concerns/switch_locale.rb:18:in 'SwitchLocale#switch_locale_using_account_locale'
  /home/youssef/Documents/chatwoot/app/controllers/concerns/request_exception_handler.rb:11:in 'RequestExceptionHandler#handle_with_exception'
  /home/youssef/Documents/chatwoot/app/controllers/concerns/switch_locale.rb:39:in 'SwitchLocale#set_locale'
  /home/youssef/Documents/chatwoot/app/controllers/concerns/switch_locale.rb:13:in 'SwitchLocale#switch_locale'

2025-06-19 02:24:18[WARN] user: youssef
GET /api/v1/accounts/1/contacts/2?include_contact_inboxes=false
AVOID eager loading detected
  Contact => [:contact_inboxes]
  Remove from your query: .includes([:contact_inboxes])
Call stack
  /home/youssef/Documents/chatwoot/app/controllers/api/v1/accounts/contacts_controller.rb:187:in 'Api::V1::Accounts::ContactsController#fetch_contact'
  /home/youssef/Documents/chatwoot/app/controllers/concerns/switch_locale.rb:39:in 'SwitchLocale#set_locale'
  /home/youssef/Documents/chatwoot/app/controllers/concerns/switch_locale.rb:18:in 'SwitchLocale#switch_locale_using_account_locale'
  /home/youssef/Documents/chatwoot/app/controllers/concerns/request_exception_handler.rb:11:in 'RequestExceptionHandler#handle_with_exception'
  /home/youssef/Documents/chatwoot/app/controllers/concerns/switch_locale.rb:39:in 'SwitchLocale#set_locale'
  /home/youssef/Documents/chatwoot/app/controllers/concerns/switch_locale.rb:13:in 'SwitchLocale#switch_locale'

2025-06-19 02:24:18[WARN] user: youssef
GET /api/v1/accounts/1/contacts/2?include_contact_inboxes=false
AVOID eager loading detected
  ContactInbox => [:inbox]
  Remove from your query: .includes([:inbox])
Call stack
  /home/youssef/Documents/chatwoot/app/controllers/api/v1/accounts/contacts_controller.rb:187:in 'Api::V1::Accounts::ContactsController#fetch_contact'
  /home/youssef/Documents/chatwoot/app/controllers/concerns/switch_locale.rb:39:in 'SwitchLocale#set_locale'
  /home/youssef/Documents/chatwoot/app/controllers/concerns/switch_locale.rb:18:in 'SwitchLocale#switch_locale_using_account_locale'
  /home/youssef/Documents/chatwoot/app/controllers/concerns/request_exception_handler.rb:11:in 'RequestExceptionHandler#handle_with_exception'
  /home/youssef/Documents/chatwoot/app/controllers/concerns/switch_locale.rb:39:in 'SwitchLocale#set_locale'
  /home/youssef/Documents/chatwoot/app/controllers/concerns/switch_locale.rb:13:in 'SwitchLocale#switch_locale'

2025-06-19 02:26:31[WARN] user: youssef
GET /auth/validate_token
USE eager loading detected
  AccountUser => [:account]
  Add to your query: .includes([:account])
Call stack
  /home/youssef/Documents/chatwoot/app/views/api/v1/models/_user.json.jbuilder:23:in 'block (2 levels) in _app_views_api_v__models__user_json_jbuilder__1415560432925868392_92752'
  /home/youssef/Documents/chatwoot/app/views/api/v1/models/_user.json.jbuilder:21:in 'block in _app_views_api_v__models__user_json_jbuilder__1415560432925868392_92752'
  /home/youssef/Documents/chatwoot/app/views/api/v1/models/_user.json.jbuilder:20:in '_app_views_api_v__models__user_json_jbuilder__1415560432925868392_92752'
  /home/youssef/Documents/chatwoot/app/views/devise/_auth.json.jbuilder:2:in 'block in _app_views_devise__auth_json_jbuilder___4500721710269535285_92744'
  /home/youssef/Documents/chatwoot/app/views/devise/_auth.json.jbuilder:1:in '_app_views_devise__auth_json_jbuilder___4500721710269535285_92744'
  /home/youssef/Documents/chatwoot/app/views/devise/token.json.jbuilder:3:in 'block in _app_views_devise_token_json_jbuilder___96802895136854940_92736'
  /home/youssef/Documents/chatwoot/app/views/devise/token.json.jbuilder:1:in '_app_views_devise_token_json_jbuilder___96802895136854940_92736'
  /home/youssef/Documents/chatwoot/app/controllers/devise_overrides/token_validations_controller.rb:5:in 'DeviseOverrides::TokenValidationsController#validate_token'
  /home/youssef/Documents/chatwoot/app/controllers/concerns/switch_locale.rb:39:in 'SwitchLocale#set_locale'
  /home/youssef/Documents/chatwoot/app/controllers/concerns/switch_locale.rb:13:in 'SwitchLocale#switch_locale'

2025-06-19 02:26:31[WARN] user: youssef
GET /auth/validate_token
USE eager loading detected
  AccountUser => [:custom_role]
  Add to your query: .includes([:custom_role])
Call stack
  /home/youssef/Documents/chatwoot/app/views/api/v1/models/_user.json.jbuilder:23:in 'block (2 levels) in _app_views_api_v__models__user_json_jbuilder__1415560432925868392_92752'
  /home/youssef/Documents/chatwoot/app/views/api/v1/models/_user.json.jbuilder:21:in 'block in _app_views_api_v__models__user_json_jbuilder__1415560432925868392_92752'
  /home/youssef/Documents/chatwoot/app/views/api/v1/models/_user.json.jbuilder:20:in '_app_views_api_v__models__user_json_jbuilder__1415560432925868392_92752'
  /home/youssef/Documents/chatwoot/app/views/devise/_auth.json.jbuilder:2:in 'block in _app_views_devise__auth_json_jbuilder___4500721710269535285_92744'
  /home/youssef/Documents/chatwoot/app/views/devise/_auth.json.jbuilder:1:in '_app_views_devise__auth_json_jbuilder___4500721710269535285_92744'
  /home/youssef/Documents/chatwoot/app/views/devise/token.json.jbuilder:3:in 'block in _app_views_devise_token_json_jbuilder___96802895136854940_92736'
  /home/youssef/Documents/chatwoot/app/views/devise/token.json.jbuilder:1:in '_app_views_devise_token_json_jbuilder___96802895136854940_92736'
  /home/youssef/Documents/chatwoot/app/controllers/devise_overrides/token_validations_controller.rb:5:in 'DeviseOverrides::TokenValidationsController#validate_token'
  /home/youssef/Documents/chatwoot/app/controllers/concerns/switch_locale.rb:39:in 'SwitchLocale#set_locale'
  /home/youssef/Documents/chatwoot/app/controllers/concerns/switch_locale.rb:13:in 'SwitchLocale#switch_locale'

2025-06-19 02:26:32[WARN] user: youssef
GET /api/v1/accounts/1/conversations?inbox_id=2&status=open&assignee_type=me&page=1&sort_by=last_activity_at_desc
AVOID eager loading detected
  Conversation => [:taggings]
  Remove from your query: .includes([:taggings])
Call stack
  /home/youssef/Documents/chatwoot/app/views/api/v1/accounts/conversations/index.json.jbuilder:9:in 'block (2 levels) in _app_views_api_v__accounts_conversations_index_json_jbuilder__3610179395990370585_95128'
  /home/youssef/Documents/chatwoot/app/views/api/v1/accounts/conversations/index.json.jbuilder:8:in 'block in _app_views_api_v__accounts_conversations_index_json_jbuilder__3610179395990370585_95128'
  /home/youssef/Documents/chatwoot/app/views/api/v1/accounts/conversations/index.json.jbuilder:1:in '_app_views_api_v__accounts_conversations_index_json_jbuilder__3610179395990370585_95128'
  /home/youssef/Documents/chatwoot/app/controllers/concerns/switch_locale.rb:39:in 'SwitchLocale#set_locale'
  /home/youssef/Documents/chatwoot/app/controllers/concerns/switch_locale.rb:18:in 'SwitchLocale#switch_locale_using_account_locale'
  /home/youssef/Documents/chatwoot/app/controllers/concerns/request_exception_handler.rb:11:in 'RequestExceptionHandler#handle_with_exception'
  /home/youssef/Documents/chatwoot/app/controllers/concerns/switch_locale.rb:39:in 'SwitchLocale#set_locale'
  /home/youssef/Documents/chatwoot/app/controllers/concerns/switch_locale.rb:13:in 'SwitchLocale#switch_locale'

2025-06-19 02:26:32[WARN] user: youssef
PUT /api/v1/profile
USE eager loading detected
  AccountUser => [:account]
  Add to your query: .includes([:account])
Call stack
  /home/youssef/Documents/chatwoot/app/views/api/v1/models/_user.json.jbuilder:23:in 'block (2 levels) in _app_views_api_v__models__user_json_jbuilder__1415560432925868392_92752'
  /home/youssef/Documents/chatwoot/app/views/api/v1/models/_user.json.jbuilder:21:in 'block in _app_views_api_v__models__user_json_jbuilder__1415560432925868392_92752'
  /home/youssef/Documents/chatwoot/app/views/api/v1/models/_user.json.jbuilder:20:in '_app_views_api_v__models__user_json_jbuilder__1415560432925868392_92752'
  /home/youssef/Documents/chatwoot/app/views/api/v1/profiles/update.json.jbuilder:1:in '_app_views_api_v__profiles_update_json_jbuilder___3541242858028574360_95048'
  /home/youssef/Documents/chatwoot/app/controllers/concerns/request_exception_handler.rb:11:in 'RequestExceptionHandler#handle_with_exception'
  /home/youssef/Documents/chatwoot/app/controllers/concerns/switch_locale.rb:39:in 'SwitchLocale#set_locale'
  /home/youssef/Documents/chatwoot/app/controllers/concerns/switch_locale.rb:13:in 'SwitchLocale#switch_locale'

2025-06-19 02:26:32[WARN] user: youssef
PUT /api/v1/profile
USE eager loading detected
  AccountUser => [:custom_role]
  Add to your query: .includes([:custom_role])
Call stack
  /home/youssef/Documents/chatwoot/app/views/api/v1/models/_user.json.jbuilder:23:in 'block (2 levels) in _app_views_api_v__models__user_json_jbuilder__1415560432925868392_92752'
  /home/youssef/Documents/chatwoot/app/views/api/v1/models/_user.json.jbuilder:21:in 'block in _app_views_api_v__models__user_json_jbuilder__1415560432925868392_92752'
  /home/youssef/Documents/chatwoot/app/views/api/v1/models/_user.json.jbuilder:20:in '_app_views_api_v__models__user_json_jbuilder__1415560432925868392_92752'
  /home/youssef/Documents/chatwoot/app/views/api/v1/profiles/update.json.jbuilder:1:in '_app_views_api_v__profiles_update_json_jbuilder___3541242858028574360_95048'
  /home/youssef/Documents/chatwoot/app/controllers/concerns/request_exception_handler.rb:11:in 'RequestExceptionHandler#handle_with_exception'
  /home/youssef/Documents/chatwoot/app/controllers/concerns/switch_locale.rb:39:in 'SwitchLocale#set_locale'
  /home/youssef/Documents/chatwoot/app/controllers/concerns/switch_locale.rb:13:in 'SwitchLocale#switch_locale'

2025-06-19 02:26:32[WARN] user: youssef
GET /api/v1/accounts/1/contacts/2/contactable_inboxes
AVOID eager loading detected
  Contact => [:contact_inboxes]
  Remove from your query: .includes([:contact_inboxes])
Call stack
  /home/youssef/Documents/chatwoot/app/controllers/api/v1/accounts/contacts_controller.rb:187:in 'Api::V1::Accounts::ContactsController#fetch_contact'
  /home/youssef/Documents/chatwoot/app/controllers/concerns/switch_locale.rb:39:in 'SwitchLocale#set_locale'
  /home/youssef/Documents/chatwoot/app/controllers/concerns/switch_locale.rb:18:in 'SwitchLocale#switch_locale_using_account_locale'
  /home/youssef/Documents/chatwoot/app/controllers/concerns/request_exception_handler.rb:11:in 'RequestExceptionHandler#handle_with_exception'
  /home/youssef/Documents/chatwoot/app/controllers/concerns/switch_locale.rb:39:in 'SwitchLocale#set_locale'
  /home/youssef/Documents/chatwoot/app/controllers/concerns/switch_locale.rb:13:in 'SwitchLocale#switch_locale'

2025-06-19 02:26:32[WARN] user: youssef
GET /api/v1/accounts/1/contacts/2/contactable_inboxes
AVOID eager loading detected
  ContactInbox => [:inbox]
  Remove from your query: .includes([:inbox])
Call stack
  /home/youssef/Documents/chatwoot/app/controllers/api/v1/accounts/contacts_controller.rb:187:in 'Api::V1::Accounts::ContactsController#fetch_contact'
  /home/youssef/Documents/chatwoot/app/controllers/concerns/switch_locale.rb:39:in 'SwitchLocale#set_locale'
  /home/youssef/Documents/chatwoot/app/controllers/concerns/switch_locale.rb:18:in 'SwitchLocale#switch_locale_using_account_locale'
  /home/youssef/Documents/chatwoot/app/controllers/concerns/request_exception_handler.rb:11:in 'RequestExceptionHandler#handle_with_exception'
  /home/youssef/Documents/chatwoot/app/controllers/concerns/switch_locale.rb:39:in 'SwitchLocale#set_locale'
  /home/youssef/Documents/chatwoot/app/controllers/concerns/switch_locale.rb:13:in 'SwitchLocale#switch_locale'

2025-06-19 02:26:33[WARN] user: youssef
GET /api/v1/accounts/1/contacts/2?include_contact_inboxes=false
AVOID eager loading detected
  Contact => [:contact_inboxes]
  Remove from your query: .includes([:contact_inboxes])
Call stack
  /home/youssef/Documents/chatwoot/app/controllers/api/v1/accounts/contacts_controller.rb:187:in 'Api::V1::Accounts::ContactsController#fetch_contact'
  /home/youssef/Documents/chatwoot/app/controllers/concerns/switch_locale.rb:39:in 'SwitchLocale#set_locale'
  /home/youssef/Documents/chatwoot/app/controllers/concerns/switch_locale.rb:18:in 'SwitchLocale#switch_locale_using_account_locale'
  /home/youssef/Documents/chatwoot/app/controllers/concerns/request_exception_handler.rb:11:in 'RequestExceptionHandler#handle_with_exception'
  /home/youssef/Documents/chatwoot/app/controllers/concerns/switch_locale.rb:39:in 'SwitchLocale#set_locale'
  /home/youssef/Documents/chatwoot/app/controllers/concerns/switch_locale.rb:13:in 'SwitchLocale#switch_locale'

2025-06-19 02:26:33[WARN] user: youssef
GET /api/v1/accounts/1/contacts/2?include_contact_inboxes=false
AVOID eager loading detected
  ContactInbox => [:inbox]
  Remove from your query: .includes([:inbox])
Call stack
  /home/youssef/Documents/chatwoot/app/controllers/api/v1/accounts/contacts_controller.rb:187:in 'Api::V1::Accounts::ContactsController#fetch_contact'
  /home/youssef/Documents/chatwoot/app/controllers/concerns/switch_locale.rb:39:in 'SwitchLocale#set_locale'
  /home/youssef/Documents/chatwoot/app/controllers/concerns/switch_locale.rb:18:in 'SwitchLocale#switch_locale_using_account_locale'
  /home/youssef/Documents/chatwoot/app/controllers/concerns/request_exception_handler.rb:11:in 'RequestExceptionHandler#handle_with_exception'
  /home/youssef/Documents/chatwoot/app/controllers/concerns/switch_locale.rb:39:in 'SwitchLocale#set_locale'
  /home/youssef/Documents/chatwoot/app/controllers/concerns/switch_locale.rb:13:in 'SwitchLocale#switch_locale'

2025-06-19 02:29:11[WARN] user: youssef
GET /auth/validate_token
USE eager loading detected
  AccountUser => [:account]
  Add to your query: .includes([:account])
Call stack
  /home/youssef/Documents/chatwoot/app/views/api/v1/models/_user.json.jbuilder:23:in 'block (2 levels) in _app_views_api_v__models__user_json_jbuilder__2252722165810031998_92656'
  /home/youssef/Documents/chatwoot/app/views/api/v1/models/_user.json.jbuilder:21:in 'block in _app_views_api_v__models__user_json_jbuilder__2252722165810031998_92656'
  /home/youssef/Documents/chatwoot/app/views/api/v1/models/_user.json.jbuilder:20:in '_app_views_api_v__models__user_json_jbuilder__2252722165810031998_92656'
  /home/youssef/Documents/chatwoot/app/views/devise/_auth.json.jbuilder:2:in 'block in _app_views_devise__auth_json_jbuilder___4221216559990460699_92648'
  /home/youssef/Documents/chatwoot/app/views/devise/_auth.json.jbuilder:1:in '_app_views_devise__auth_json_jbuilder___4221216559990460699_92648'
  /home/youssef/Documents/chatwoot/app/views/devise/token.json.jbuilder:3:in 'block in _app_views_devise_token_json_jbuilder__1309802409587572480_92640'
  /home/youssef/Documents/chatwoot/app/views/devise/token.json.jbuilder:1:in '_app_views_devise_token_json_jbuilder__1309802409587572480_92640'
  /home/youssef/Documents/chatwoot/app/controllers/devise_overrides/token_validations_controller.rb:5:in 'DeviseOverrides::TokenValidationsController#validate_token'
  /home/youssef/Documents/chatwoot/app/controllers/concerns/switch_locale.rb:39:in 'SwitchLocale#set_locale'
  /home/youssef/Documents/chatwoot/app/controllers/concerns/switch_locale.rb:13:in 'SwitchLocale#switch_locale'

2025-06-19 02:29:11[WARN] user: youssef
GET /auth/validate_token
USE eager loading detected
  AccountUser => [:custom_role]
  Add to your query: .includes([:custom_role])
Call stack
  /home/youssef/Documents/chatwoot/app/views/api/v1/models/_user.json.jbuilder:23:in 'block (2 levels) in _app_views_api_v__models__user_json_jbuilder__2252722165810031998_92656'
  /home/youssef/Documents/chatwoot/app/views/api/v1/models/_user.json.jbuilder:21:in 'block in _app_views_api_v__models__user_json_jbuilder__2252722165810031998_92656'
  /home/youssef/Documents/chatwoot/app/views/api/v1/models/_user.json.jbuilder:20:in '_app_views_api_v__models__user_json_jbuilder__2252722165810031998_92656'
  /home/youssef/Documents/chatwoot/app/views/devise/_auth.json.jbuilder:2:in 'block in _app_views_devise__auth_json_jbuilder___4221216559990460699_92648'
  /home/youssef/Documents/chatwoot/app/views/devise/_auth.json.jbuilder:1:in '_app_views_devise__auth_json_jbuilder___4221216559990460699_92648'
  /home/youssef/Documents/chatwoot/app/views/devise/token.json.jbuilder:3:in 'block in _app_views_devise_token_json_jbuilder__1309802409587572480_92640'
  /home/youssef/Documents/chatwoot/app/views/devise/token.json.jbuilder:1:in '_app_views_devise_token_json_jbuilder__1309802409587572480_92640'
  /home/youssef/Documents/chatwoot/app/controllers/devise_overrides/token_validations_controller.rb:5:in 'DeviseOverrides::TokenValidationsController#validate_token'
  /home/youssef/Documents/chatwoot/app/controllers/concerns/switch_locale.rb:39:in 'SwitchLocale#set_locale'
  /home/youssef/Documents/chatwoot/app/controllers/concerns/switch_locale.rb:13:in 'SwitchLocale#switch_locale'

2025-06-19 02:29:13[WARN] user: youssef
PUT /api/v1/profile
USE eager loading detected
  AccountUser => [:account]
  Add to your query: .includes([:account])
Call stack
  /home/youssef/Documents/chatwoot/app/views/api/v1/models/_user.json.jbuilder:23:in 'block (2 levels) in _app_views_api_v__models__user_json_jbuilder__2252722165810031998_92656'
  /home/youssef/Documents/chatwoot/app/views/api/v1/models/_user.json.jbuilder:21:in 'block in _app_views_api_v__models__user_json_jbuilder__2252722165810031998_92656'
  /home/youssef/Documents/chatwoot/app/views/api/v1/models/_user.json.jbuilder:20:in '_app_views_api_v__models__user_json_jbuilder__2252722165810031998_92656'
  /home/youssef/Documents/chatwoot/app/views/api/v1/profiles/update.json.jbuilder:1:in '_app_views_api_v__profiles_update_json_jbuilder__3903111972040905148_95592'
  /home/youssef/Documents/chatwoot/app/controllers/concerns/request_exception_handler.rb:11:in 'RequestExceptionHandler#handle_with_exception'
  /home/youssef/Documents/chatwoot/app/controllers/concerns/switch_locale.rb:39:in 'SwitchLocale#set_locale'
  /home/youssef/Documents/chatwoot/app/controllers/concerns/switch_locale.rb:13:in 'SwitchLocale#switch_locale'

2025-06-19 02:29:13[WARN] user: youssef
PUT /api/v1/profile
USE eager loading detected
  AccountUser => [:custom_role]
  Add to your query: .includes([:custom_role])
Call stack
  /home/youssef/Documents/chatwoot/app/views/api/v1/models/_user.json.jbuilder:23:in 'block (2 levels) in _app_views_api_v__models__user_json_jbuilder__2252722165810031998_92656'
  /home/youssef/Documents/chatwoot/app/views/api/v1/models/_user.json.jbuilder:21:in 'block in _app_views_api_v__models__user_json_jbuilder__2252722165810031998_92656'
  /home/youssef/Documents/chatwoot/app/views/api/v1/models/_user.json.jbuilder:20:in '_app_views_api_v__models__user_json_jbuilder__2252722165810031998_92656'
  /home/youssef/Documents/chatwoot/app/views/api/v1/profiles/update.json.jbuilder:1:in '_app_views_api_v__profiles_update_json_jbuilder__3903111972040905148_95592'
  /home/youssef/Documents/chatwoot/app/controllers/concerns/request_exception_handler.rb:11:in 'RequestExceptionHandler#handle_with_exception'
  /home/youssef/Documents/chatwoot/app/controllers/concerns/switch_locale.rb:39:in 'SwitchLocale#set_locale'
  /home/youssef/Documents/chatwoot/app/controllers/concerns/switch_locale.rb:13:in 'SwitchLocale#switch_locale'

2025-06-19 02:29:13[WARN] user: youssef
GET /api/v1/accounts/1/conversations?inbox_id=2&status=open&assignee_type=me&page=1&sort_by=last_activity_at_desc
AVOID eager loading detected
  Conversation => [:taggings]
  Remove from your query: .includes([:taggings])
Call stack
  /home/youssef/Documents/chatwoot/app/views/api/v1/accounts/conversations/index.json.jbuilder:9:in 'block (2 levels) in _app_views_api_v__accounts_conversations_index_json_jbuilder___3472674862060054033_94704'
  /home/youssef/Documents/chatwoot/app/views/api/v1/accounts/conversations/index.json.jbuilder:8:in 'block in _app_views_api_v__accounts_conversations_index_json_jbuilder___3472674862060054033_94704'
  /home/youssef/Documents/chatwoot/app/views/api/v1/accounts/conversations/index.json.jbuilder:1:in '_app_views_api_v__accounts_conversations_index_json_jbuilder___3472674862060054033_94704'
  /home/youssef/Documents/chatwoot/app/controllers/concerns/switch_locale.rb:39:in 'SwitchLocale#set_locale'
  /home/youssef/Documents/chatwoot/app/controllers/concerns/switch_locale.rb:18:in 'SwitchLocale#switch_locale_using_account_locale'
  /home/youssef/Documents/chatwoot/app/controllers/concerns/request_exception_handler.rb:11:in 'RequestExceptionHandler#handle_with_exception'
  /home/youssef/Documents/chatwoot/app/controllers/concerns/switch_locale.rb:39:in 'SwitchLocale#set_locale'
  /home/youssef/Documents/chatwoot/app/controllers/concerns/switch_locale.rb:13:in 'SwitchLocale#switch_locale'

2025-06-19 02:29:13[WARN] user: youssef
GET /api/v1/accounts/1/contacts/2/contactable_inboxes
AVOID eager loading detected
  Contact => [:contact_inboxes]
  Remove from your query: .includes([:contact_inboxes])
Call stack
  /home/youssef/Documents/chatwoot/app/controllers/api/v1/accounts/contacts_controller.rb:187:in 'Api::V1::Accounts::ContactsController#fetch_contact'
  /home/youssef/Documents/chatwoot/app/controllers/concerns/switch_locale.rb:39:in 'SwitchLocale#set_locale'
  /home/youssef/Documents/chatwoot/app/controllers/concerns/switch_locale.rb:18:in 'SwitchLocale#switch_locale_using_account_locale'
  /home/youssef/Documents/chatwoot/app/controllers/concerns/request_exception_handler.rb:11:in 'RequestExceptionHandler#handle_with_exception'
  /home/youssef/Documents/chatwoot/app/controllers/concerns/switch_locale.rb:39:in 'SwitchLocale#set_locale'
  /home/youssef/Documents/chatwoot/app/controllers/concerns/switch_locale.rb:13:in 'SwitchLocale#switch_locale'

2025-06-19 02:29:13[WARN] user: youssef
GET /api/v1/accounts/1/contacts/2/contactable_inboxes
AVOID eager loading detected
  ContactInbox => [:inbox]
  Remove from your query: .includes([:inbox])
Call stack
  /home/youssef/Documents/chatwoot/app/controllers/api/v1/accounts/contacts_controller.rb:187:in 'Api::V1::Accounts::ContactsController#fetch_contact'
  /home/youssef/Documents/chatwoot/app/controllers/concerns/switch_locale.rb:39:in 'SwitchLocale#set_locale'
  /home/youssef/Documents/chatwoot/app/controllers/concerns/switch_locale.rb:18:in 'SwitchLocale#switch_locale_using_account_locale'
  /home/youssef/Documents/chatwoot/app/controllers/concerns/request_exception_handler.rb:11:in 'RequestExceptionHandler#handle_with_exception'
  /home/youssef/Documents/chatwoot/app/controllers/concerns/switch_locale.rb:39:in 'SwitchLocale#set_locale'
  /home/youssef/Documents/chatwoot/app/controllers/concerns/switch_locale.rb:13:in 'SwitchLocale#switch_locale'

2025-06-19 02:29:13[WARN] user: youssef
GET /api/v1/accounts/1/contacts/2?include_contact_inboxes=false
AVOID eager loading detected
  Contact => [:contact_inboxes]
  Remove from your query: .includes([:contact_inboxes])
Call stack
  /home/youssef/Documents/chatwoot/app/controllers/api/v1/accounts/contacts_controller.rb:187:in 'Api::V1::Accounts::ContactsController#fetch_contact'
  /home/youssef/Documents/chatwoot/app/controllers/concerns/switch_locale.rb:39:in 'SwitchLocale#set_locale'
  /home/youssef/Documents/chatwoot/app/controllers/concerns/switch_locale.rb:18:in 'SwitchLocale#switch_locale_using_account_locale'
  /home/youssef/Documents/chatwoot/app/controllers/concerns/request_exception_handler.rb:11:in 'RequestExceptionHandler#handle_with_exception'
  /home/youssef/Documents/chatwoot/app/controllers/concerns/switch_locale.rb:39:in 'SwitchLocale#set_locale'
  /home/youssef/Documents/chatwoot/app/controllers/concerns/switch_locale.rb:13:in 'SwitchLocale#switch_locale'

2025-06-19 02:29:13[WARN] user: youssef
GET /api/v1/accounts/1/contacts/2?include_contact_inboxes=false
AVOID eager loading detected
  ContactInbox => [:inbox]
  Remove from your query: .includes([:inbox])
Call stack
  /home/youssef/Documents/chatwoot/app/controllers/api/v1/accounts/contacts_controller.rb:187:in 'Api::V1::Accounts::ContactsController#fetch_contact'
  /home/youssef/Documents/chatwoot/app/controllers/concerns/switch_locale.rb:39:in 'SwitchLocale#set_locale'
  /home/youssef/Documents/chatwoot/app/controllers/concerns/switch_locale.rb:18:in 'SwitchLocale#switch_locale_using_account_locale'
  /home/youssef/Documents/chatwoot/app/controllers/concerns/request_exception_handler.rb:11:in 'RequestExceptionHandler#handle_with_exception'
  /home/youssef/Documents/chatwoot/app/controllers/concerns/switch_locale.rb:39:in 'SwitchLocale#set_locale'
  /home/youssef/Documents/chatwoot/app/controllers/concerns/switch_locale.rb:13:in 'SwitchLocale#switch_locale'

2025-06-19 02:51:32[WARN] user: youssef
GET /auth/validate_token
USE eager loading detected
  AccountUser => [:account]
  Add to your query: .includes([:account])
Call stack
  /home/youssef/Documents/chatwoot/app/views/api/v1/models/_user.json.jbuilder:23:in 'block (2 levels) in _app_views_api_v__models__user_json_jbuilder___4399693218868416775_93784'
  /home/youssef/Documents/chatwoot/app/views/api/v1/models/_user.json.jbuilder:21:in 'block in _app_views_api_v__models__user_json_jbuilder___4399693218868416775_93784'
  /home/youssef/Documents/chatwoot/app/views/api/v1/models/_user.json.jbuilder:20:in '_app_views_api_v__models__user_json_jbuilder___4399693218868416775_93784'
  /home/youssef/Documents/chatwoot/app/views/devise/_auth.json.jbuilder:2:in 'block in _app_views_devise__auth_json_jbuilder___3108555455230003429_93776'
  /home/youssef/Documents/chatwoot/app/views/devise/_auth.json.jbuilder:1:in '_app_views_devise__auth_json_jbuilder___3108555455230003429_93776'
  /home/youssef/Documents/chatwoot/app/views/devise/token.json.jbuilder:3:in 'block in _app_views_devise_token_json_jbuilder___797987668042052962_93768'
  /home/youssef/Documents/chatwoot/app/views/devise/token.json.jbuilder:1:in '_app_views_devise_token_json_jbuilder___797987668042052962_93768'
  /home/youssef/Documents/chatwoot/app/controllers/devise_overrides/token_validations_controller.rb:5:in 'DeviseOverrides::TokenValidationsController#validate_token'
  /home/youssef/Documents/chatwoot/app/controllers/concerns/switch_locale.rb:39:in 'SwitchLocale#set_locale'
  /home/youssef/Documents/chatwoot/app/controllers/concerns/switch_locale.rb:13:in 'SwitchLocale#switch_locale'

2025-06-19 02:51:32[WARN] user: youssef
GET /auth/validate_token
USE eager loading detected
  AccountUser => [:custom_role]
  Add to your query: .includes([:custom_role])
Call stack
  /home/youssef/Documents/chatwoot/app/views/api/v1/models/_user.json.jbuilder:23:in 'block (2 levels) in _app_views_api_v__models__user_json_jbuilder___4399693218868416775_93784'
  /home/youssef/Documents/chatwoot/app/views/api/v1/models/_user.json.jbuilder:21:in 'block in _app_views_api_v__models__user_json_jbuilder___4399693218868416775_93784'
  /home/youssef/Documents/chatwoot/app/views/api/v1/models/_user.json.jbuilder:20:in '_app_views_api_v__models__user_json_jbuilder___4399693218868416775_93784'
  /home/youssef/Documents/chatwoot/app/views/devise/_auth.json.jbuilder:2:in 'block in _app_views_devise__auth_json_jbuilder___3108555455230003429_93776'
  /home/youssef/Documents/chatwoot/app/views/devise/_auth.json.jbuilder:1:in '_app_views_devise__auth_json_jbuilder___3108555455230003429_93776'
  /home/youssef/Documents/chatwoot/app/views/devise/token.json.jbuilder:3:in 'block in _app_views_devise_token_json_jbuilder___797987668042052962_93768'
  /home/youssef/Documents/chatwoot/app/views/devise/token.json.jbuilder:1:in '_app_views_devise_token_json_jbuilder___797987668042052962_93768'
  /home/youssef/Documents/chatwoot/app/controllers/devise_overrides/token_validations_controller.rb:5:in 'DeviseOverrides::TokenValidationsController#validate_token'
  /home/youssef/Documents/chatwoot/app/controllers/concerns/switch_locale.rb:39:in 'SwitchLocale#set_locale'
  /home/youssef/Documents/chatwoot/app/controllers/concerns/switch_locale.rb:13:in 'SwitchLocale#switch_locale'

2025-06-19 02:51:36[WARN] user: youssef
PUT /api/v1/profile
USE eager loading detected
  AccountUser => [:account]
  Add to your query: .includes([:account])
Call stack
  /home/youssef/Documents/chatwoot/app/views/api/v1/models/_user.json.jbuilder:23:in 'block (2 levels) in _app_views_api_v__models__user_json_jbuilder___4399693218868416775_93784'
  /home/youssef/Documents/chatwoot/app/views/api/v1/models/_user.json.jbuilder:21:in 'block in _app_views_api_v__models__user_json_jbuilder___4399693218868416775_93784'
  /home/youssef/Documents/chatwoot/app/views/api/v1/models/_user.json.jbuilder:20:in '_app_views_api_v__models__user_json_jbuilder___4399693218868416775_93784'
  /home/youssef/Documents/chatwoot/app/views/api/v1/profiles/update.json.jbuilder:1:in '_app_views_api_v__profiles_update_json_jbuilder__3978954305920090076_95816'
  /home/youssef/Documents/chatwoot/app/controllers/concerns/request_exception_handler.rb:11:in 'RequestExceptionHandler#handle_with_exception'
  /home/youssef/Documents/chatwoot/app/controllers/concerns/switch_locale.rb:39:in 'SwitchLocale#set_locale'
  /home/youssef/Documents/chatwoot/app/controllers/concerns/switch_locale.rb:13:in 'SwitchLocale#switch_locale'

2025-06-19 02:51:36[WARN] user: youssef
PUT /api/v1/profile
USE eager loading detected
  AccountUser => [:custom_role]
  Add to your query: .includes([:custom_role])
Call stack
  /home/youssef/Documents/chatwoot/app/views/api/v1/models/_user.json.jbuilder:23:in 'block (2 levels) in _app_views_api_v__models__user_json_jbuilder___4399693218868416775_93784'
  /home/youssef/Documents/chatwoot/app/views/api/v1/models/_user.json.jbuilder:21:in 'block in _app_views_api_v__models__user_json_jbuilder___4399693218868416775_93784'
  /home/youssef/Documents/chatwoot/app/views/api/v1/models/_user.json.jbuilder:20:in '_app_views_api_v__models__user_json_jbuilder___4399693218868416775_93784'
  /home/youssef/Documents/chatwoot/app/views/api/v1/profiles/update.json.jbuilder:1:in '_app_views_api_v__profiles_update_json_jbuilder__3978954305920090076_95816'
  /home/youssef/Documents/chatwoot/app/controllers/concerns/request_exception_handler.rb:11:in 'RequestExceptionHandler#handle_with_exception'
  /home/youssef/Documents/chatwoot/app/controllers/concerns/switch_locale.rb:39:in 'SwitchLocale#set_locale'
  /home/youssef/Documents/chatwoot/app/controllers/concerns/switch_locale.rb:13:in 'SwitchLocale#switch_locale'

2025-06-19 02:51:40[WARN] user: youssef
GET /api/v1/accounts/1/conversations?inbox_id=2&status=open&assignee_type=all&page=1&sort_by=last_activity_at_desc
AVOID eager loading detected
  Conversation => [:taggings]
  Remove from your query: .includes([:taggings])
Call stack
  /home/youssef/Documents/chatwoot/app/views/api/v1/accounts/conversations/index.json.jbuilder:9:in 'block (2 levels) in _app_views_api_v__accounts_conversations_index_json_jbuilder___1176737598643702260_96160'
  /home/youssef/Documents/chatwoot/app/views/api/v1/accounts/conversations/index.json.jbuilder:8:in 'block in _app_views_api_v__accounts_conversations_index_json_jbuilder___1176737598643702260_96160'
  /home/youssef/Documents/chatwoot/app/views/api/v1/accounts/conversations/index.json.jbuilder:1:in '_app_views_api_v__accounts_conversations_index_json_jbuilder___1176737598643702260_96160'
  /home/youssef/Documents/chatwoot/app/controllers/concerns/switch_locale.rb:39:in 'SwitchLocale#set_locale'
  /home/youssef/Documents/chatwoot/app/controllers/concerns/switch_locale.rb:18:in 'SwitchLocale#switch_locale_using_account_locale'
  /home/youssef/Documents/chatwoot/app/controllers/concerns/request_exception_handler.rb:11:in 'RequestExceptionHandler#handle_with_exception'
  /home/youssef/Documents/chatwoot/app/controllers/concerns/switch_locale.rb:39:in 'SwitchLocale#set_locale'
  /home/youssef/Documents/chatwoot/app/controllers/concerns/switch_locale.rb:13:in 'SwitchLocale#switch_locale'

2025-06-19 02:51:40[WARN] user: youssef
GET /api/v1/accounts/1/conversations?inbox_id=2&status=open&assignee_type=me&page=1&sort_by=last_activity_at_desc
AVOID eager loading detected
  Conversation => [:taggings]
  Remove from your query: .includes([:taggings])
Call stack
  /home/youssef/Documents/chatwoot/app/views/api/v1/accounts/conversations/index.json.jbuilder:9:in 'block (2 levels) in _app_views_api_v__accounts_conversations_index_json_jbuilder___1176737598643702260_96160'
  /home/youssef/Documents/chatwoot/app/views/api/v1/accounts/conversations/index.json.jbuilder:8:in 'block in _app_views_api_v__accounts_conversations_index_json_jbuilder___1176737598643702260_96160'
  /home/youssef/Documents/chatwoot/app/views/api/v1/accounts/conversations/index.json.jbuilder:1:in '_app_views_api_v__accounts_conversations_index_json_jbuilder___1176737598643702260_96160'
  /home/youssef/Documents/chatwoot/app/controllers/concerns/switch_locale.rb:39:in 'SwitchLocale#set_locale'
  /home/youssef/Documents/chatwoot/app/controllers/concerns/switch_locale.rb:18:in 'SwitchLocale#switch_locale_using_account_locale'
  /home/youssef/Documents/chatwoot/app/controllers/concerns/request_exception_handler.rb:11:in 'RequestExceptionHandler#handle_with_exception'
  /home/youssef/Documents/chatwoot/app/controllers/concerns/switch_locale.rb:39:in 'SwitchLocale#set_locale'
  /home/youssef/Documents/chatwoot/app/controllers/concerns/switch_locale.rb:13:in 'SwitchLocale#switch_locale'

2025-06-19 02:51:41[WARN] user: youssef
GET /api/v1/accounts/1/contacts/2/contactable_inboxes
AVOID eager loading detected
  Contact => [:contact_inboxes]
  Remove from your query: .includes([:contact_inboxes])
Call stack
  /home/youssef/Documents/chatwoot/app/controllers/api/v1/accounts/contacts_controller.rb:187:in 'Api::V1::Accounts::ContactsController#fetch_contact'
  /home/youssef/Documents/chatwoot/app/controllers/concerns/switch_locale.rb:39:in 'SwitchLocale#set_locale'
  /home/youssef/Documents/chatwoot/app/controllers/concerns/switch_locale.rb:18:in 'SwitchLocale#switch_locale_using_account_locale'
  /home/youssef/Documents/chatwoot/app/controllers/concerns/request_exception_handler.rb:11:in 'RequestExceptionHandler#handle_with_exception'
  /home/youssef/Documents/chatwoot/app/controllers/concerns/switch_locale.rb:39:in 'SwitchLocale#set_locale'
  /home/youssef/Documents/chatwoot/app/controllers/concerns/switch_locale.rb:13:in 'SwitchLocale#switch_locale'

2025-06-19 02:51:41[WARN] user: youssef
GET /api/v1/accounts/1/contacts/2/contactable_inboxes
AVOID eager loading detected
  ContactInbox => [:inbox]
  Remove from your query: .includes([:inbox])
Call stack
  /home/youssef/Documents/chatwoot/app/controllers/api/v1/accounts/contacts_controller.rb:187:in 'Api::V1::Accounts::ContactsController#fetch_contact'
  /home/youssef/Documents/chatwoot/app/controllers/concerns/switch_locale.rb:39:in 'SwitchLocale#set_locale'
  /home/youssef/Documents/chatwoot/app/controllers/concerns/switch_locale.rb:18:in 'SwitchLocale#switch_locale_using_account_locale'
  /home/youssef/Documents/chatwoot/app/controllers/concerns/request_exception_handler.rb:11:in 'RequestExceptionHandler#handle_with_exception'
  /home/youssef/Documents/chatwoot/app/controllers/concerns/switch_locale.rb:39:in 'SwitchLocale#set_locale'
  /home/youssef/Documents/chatwoot/app/controllers/concerns/switch_locale.rb:13:in 'SwitchLocale#switch_locale'

2025-06-19 02:51:41[WARN] user: youssef
GET /api/v1/accounts/1/contacts/2?include_contact_inboxes=false
AVOID eager loading detected
  Contact => [:contact_inboxes]
  Remove from your query: .includes([:contact_inboxes])
Call stack
  /home/youssef/Documents/chatwoot/app/controllers/api/v1/accounts/contacts_controller.rb:187:in 'Api::V1::Accounts::ContactsController#fetch_contact'
  /home/youssef/Documents/chatwoot/app/controllers/concerns/switch_locale.rb:39:in 'SwitchLocale#set_locale'
  /home/youssef/Documents/chatwoot/app/controllers/concerns/switch_locale.rb:18:in 'SwitchLocale#switch_locale_using_account_locale'
  /home/youssef/Documents/chatwoot/app/controllers/concerns/request_exception_handler.rb:11:in 'RequestExceptionHandler#handle_with_exception'
  /home/youssef/Documents/chatwoot/app/controllers/concerns/switch_locale.rb:39:in 'SwitchLocale#set_locale'
  /home/youssef/Documents/chatwoot/app/controllers/concerns/switch_locale.rb:13:in 'SwitchLocale#switch_locale'

2025-06-19 02:51:41[WARN] user: youssef
GET /api/v1/accounts/1/contacts/2?include_contact_inboxes=false
AVOID eager loading detected
  ContactInbox => [:inbox]
  Remove from your query: .includes([:inbox])
Call stack
  /home/youssef/Documents/chatwoot/app/controllers/api/v1/accounts/contacts_controller.rb:187:in 'Api::V1::Accounts::ContactsController#fetch_contact'
  /home/youssef/Documents/chatwoot/app/controllers/concerns/switch_locale.rb:39:in 'SwitchLocale#set_locale'
  /home/youssef/Documents/chatwoot/app/controllers/concerns/switch_locale.rb:18:in 'SwitchLocale#switch_locale_using_account_locale'
  /home/youssef/Documents/chatwoot/app/controllers/concerns/request_exception_handler.rb:11:in 'RequestExceptionHandler#handle_with_exception'
  /home/youssef/Documents/chatwoot/app/controllers/concerns/switch_locale.rb:39:in 'SwitchLocale#set_locale'
  /home/youssef/Documents/chatwoot/app/controllers/concerns/switch_locale.rb:13:in 'SwitchLocale#switch_locale'

2025-06-19 02:51:53[WARN] user: youssef
GET /api/v1/accounts/1/contacts/5/contactable_inboxes
AVOID eager loading detected
  Contact => [:contact_inboxes]
  Remove from your query: .includes([:contact_inboxes])
Call stack
  /home/youssef/Documents/chatwoot/app/controllers/api/v1/accounts/contacts_controller.rb:187:in 'Api::V1::Accounts::ContactsController#fetch_contact'
  /home/youssef/Documents/chatwoot/app/controllers/concerns/switch_locale.rb:39:in 'SwitchLocale#set_locale'
  /home/youssef/Documents/chatwoot/app/controllers/concerns/switch_locale.rb:18:in 'SwitchLocale#switch_locale_using_account_locale'
  /home/youssef/Documents/chatwoot/app/controllers/concerns/request_exception_handler.rb:11:in 'RequestExceptionHandler#handle_with_exception'
  /home/youssef/Documents/chatwoot/app/controllers/concerns/switch_locale.rb:39:in 'SwitchLocale#set_locale'
  /home/youssef/Documents/chatwoot/app/controllers/concerns/switch_locale.rb:13:in 'SwitchLocale#switch_locale'

2025-06-19 02:51:53[WARN] user: youssef
GET /api/v1/accounts/1/contacts/5/contactable_inboxes
AVOID eager loading detected
  ContactInbox => [:inbox]
  Remove from your query: .includes([:inbox])
Call stack
  /home/youssef/Documents/chatwoot/app/controllers/api/v1/accounts/contacts_controller.rb:187:in 'Api::V1::Accounts::ContactsController#fetch_contact'
  /home/youssef/Documents/chatwoot/app/controllers/concerns/switch_locale.rb:39:in 'SwitchLocale#set_locale'
  /home/youssef/Documents/chatwoot/app/controllers/concerns/switch_locale.rb:18:in 'SwitchLocale#switch_locale_using_account_locale'
  /home/youssef/Documents/chatwoot/app/controllers/concerns/request_exception_handler.rb:11:in 'RequestExceptionHandler#handle_with_exception'
  /home/youssef/Documents/chatwoot/app/controllers/concerns/switch_locale.rb:39:in 'SwitchLocale#set_locale'
  /home/youssef/Documents/chatwoot/app/controllers/concerns/switch_locale.rb:13:in 'SwitchLocale#switch_locale'

2025-06-19 02:51:53[WARN] user: youssef
GET /api/v1/accounts/1/contacts/5?include_contact_inboxes=false
AVOID eager loading detected
  Contact => [:contact_inboxes]
  Remove from your query: .includes([:contact_inboxes])
Call stack
  /home/youssef/Documents/chatwoot/app/controllers/api/v1/accounts/contacts_controller.rb:187:in 'Api::V1::Accounts::ContactsController#fetch_contact'
  /home/youssef/Documents/chatwoot/app/controllers/concerns/switch_locale.rb:39:in 'SwitchLocale#set_locale'
  /home/youssef/Documents/chatwoot/app/controllers/concerns/switch_locale.rb:18:in 'SwitchLocale#switch_locale_using_account_locale'
  /home/youssef/Documents/chatwoot/app/controllers/concerns/request_exception_handler.rb:11:in 'RequestExceptionHandler#handle_with_exception'
  /home/youssef/Documents/chatwoot/app/controllers/concerns/switch_locale.rb:39:in 'SwitchLocale#set_locale'
  /home/youssef/Documents/chatwoot/app/controllers/concerns/switch_locale.rb:13:in 'SwitchLocale#switch_locale'

2025-06-19 02:51:53[WARN] user: youssef
GET /api/v1/accounts/1/contacts/5?include_contact_inboxes=false
AVOID eager loading detected
  ContactInbox => [:inbox]
  Remove from your query: .includes([:inbox])
Call stack
  /home/youssef/Documents/chatwoot/app/controllers/api/v1/accounts/contacts_controller.rb:187:in 'Api::V1::Accounts::ContactsController#fetch_contact'
  /home/youssef/Documents/chatwoot/app/controllers/concerns/switch_locale.rb:39:in 'SwitchLocale#set_locale'
  /home/youssef/Documents/chatwoot/app/controllers/concerns/switch_locale.rb:18:in 'SwitchLocale#switch_locale_using_account_locale'
  /home/youssef/Documents/chatwoot/app/controllers/concerns/request_exception_handler.rb:11:in 'RequestExceptionHandler#handle_with_exception'
  /home/youssef/Documents/chatwoot/app/controllers/concerns/switch_locale.rb:39:in 'SwitchLocale#set_locale'
  /home/youssef/Documents/chatwoot/app/controllers/concerns/switch_locale.rb:13:in 'SwitchLocale#switch_locale'

2025-06-19 02:52:48[WARN] user: youssef
GET /api/v1/accounts/1/contacts/2?include_contact_inboxes=false
AVOID eager loading detected
  Contact => [:contact_inboxes]
  Remove from your query: .includes([:contact_inboxes])
Call stack
  /home/youssef/Documents/chatwoot/app/controllers/api/v1/accounts/contacts_controller.rb:187:in 'Api::V1::Accounts::ContactsController#fetch_contact'
  /home/youssef/Documents/chatwoot/app/controllers/concerns/switch_locale.rb:39:in 'SwitchLocale#set_locale'
  /home/youssef/Documents/chatwoot/app/controllers/concerns/switch_locale.rb:18:in 'SwitchLocale#switch_locale_using_account_locale'
  /home/youssef/Documents/chatwoot/app/controllers/concerns/request_exception_handler.rb:11:in 'RequestExceptionHandler#handle_with_exception'
  /home/youssef/Documents/chatwoot/app/controllers/concerns/switch_locale.rb:39:in 'SwitchLocale#set_locale'
  /home/youssef/Documents/chatwoot/app/controllers/concerns/switch_locale.rb:13:in 'SwitchLocale#switch_locale'

2025-06-19 02:52:48[WARN] user: youssef
GET /api/v1/accounts/1/contacts/2?include_contact_inboxes=false
AVOID eager loading detected
  ContactInbox => [:inbox]
  Remove from your query: .includes([:inbox])
Call stack
  /home/youssef/Documents/chatwoot/app/controllers/api/v1/accounts/contacts_controller.rb:187:in 'Api::V1::Accounts::ContactsController#fetch_contact'
  /home/youssef/Documents/chatwoot/app/controllers/concerns/switch_locale.rb:39:in 'SwitchLocale#set_locale'
  /home/youssef/Documents/chatwoot/app/controllers/concerns/switch_locale.rb:18:in 'SwitchLocale#switch_locale_using_account_locale'
  /home/youssef/Documents/chatwoot/app/controllers/concerns/request_exception_handler.rb:11:in 'RequestExceptionHandler#handle_with_exception'
  /home/youssef/Documents/chatwoot/app/controllers/concerns/switch_locale.rb:39:in 'SwitchLocale#set_locale'
  /home/youssef/Documents/chatwoot/app/controllers/concerns/switch_locale.rb:13:in 'SwitchLocale#switch_locale'

2025-06-19 02:52:48[WARN] user: youssef
GET /api/v1/accounts/1/contacts/2/contactable_inboxes
AVOID eager loading detected
  Contact => [:contact_inboxes]
  Remove from your query: .includes([:contact_inboxes])
Call stack
  /home/youssef/Documents/chatwoot/app/controllers/api/v1/accounts/contacts_controller.rb:187:in 'Api::V1::Accounts::ContactsController#fetch_contact'
  /home/youssef/Documents/chatwoot/app/controllers/concerns/switch_locale.rb:39:in 'SwitchLocale#set_locale'
  /home/youssef/Documents/chatwoot/app/controllers/concerns/switch_locale.rb:18:in 'SwitchLocale#switch_locale_using_account_locale'
  /home/youssef/Documents/chatwoot/app/controllers/concerns/request_exception_handler.rb:11:in 'RequestExceptionHandler#handle_with_exception'
  /home/youssef/Documents/chatwoot/app/controllers/concerns/switch_locale.rb:39:in 'SwitchLocale#set_locale'
  /home/youssef/Documents/chatwoot/app/controllers/concerns/switch_locale.rb:13:in 'SwitchLocale#switch_locale'

2025-06-19 02:52:48[WARN] user: youssef
GET /api/v1/accounts/1/contacts/2/contactable_inboxes
AVOID eager loading detected
  ContactInbox => [:inbox]
  Remove from your query: .includes([:inbox])
Call stack
  /home/youssef/Documents/chatwoot/app/controllers/api/v1/accounts/contacts_controller.rb:187:in 'Api::V1::Accounts::ContactsController#fetch_contact'
  /home/youssef/Documents/chatwoot/app/controllers/concerns/switch_locale.rb:39:in 'SwitchLocale#set_locale'
  /home/youssef/Documents/chatwoot/app/controllers/concerns/switch_locale.rb:18:in 'SwitchLocale#switch_locale_using_account_locale'
  /home/youssef/Documents/chatwoot/app/controllers/concerns/request_exception_handler.rb:11:in 'RequestExceptionHandler#handle_with_exception'
  /home/youssef/Documents/chatwoot/app/controllers/concerns/switch_locale.rb:39:in 'SwitchLocale#set_locale'
  /home/youssef/Documents/chatwoot/app/controllers/concerns/switch_locale.rb:13:in 'SwitchLocale#switch_locale'

2025-06-19 02:52:49[WARN] user: youssef
GET /api/v1/accounts/1/contacts/5?include_contact_inboxes=false
AVOID eager loading detected
  Contact => [:contact_inboxes]
  Remove from your query: .includes([:contact_inboxes])
Call stack
  /home/youssef/Documents/chatwoot/app/controllers/api/v1/accounts/contacts_controller.rb:187:in 'Api::V1::Accounts::ContactsController#fetch_contact'
  /home/youssef/Documents/chatwoot/app/controllers/concerns/switch_locale.rb:39:in 'SwitchLocale#set_locale'
  /home/youssef/Documents/chatwoot/app/controllers/concerns/switch_locale.rb:18:in 'SwitchLocale#switch_locale_using_account_locale'
  /home/youssef/Documents/chatwoot/app/controllers/concerns/request_exception_handler.rb:11:in 'RequestExceptionHandler#handle_with_exception'
  /home/youssef/Documents/chatwoot/app/controllers/concerns/switch_locale.rb:39:in 'SwitchLocale#set_locale'
  /home/youssef/Documents/chatwoot/app/controllers/concerns/switch_locale.rb:13:in 'SwitchLocale#switch_locale'

2025-06-19 02:52:49[WARN] user: youssef
GET /api/v1/accounts/1/contacts/5?include_contact_inboxes=false
AVOID eager loading detected
  ContactInbox => [:inbox]
  Remove from your query: .includes([:inbox])
Call stack
  /home/youssef/Documents/chatwoot/app/controllers/api/v1/accounts/contacts_controller.rb:187:in 'Api::V1::Accounts::ContactsController#fetch_contact'
  /home/youssef/Documents/chatwoot/app/controllers/concerns/switch_locale.rb:39:in 'SwitchLocale#set_locale'
  /home/youssef/Documents/chatwoot/app/controllers/concerns/switch_locale.rb:18:in 'SwitchLocale#switch_locale_using_account_locale'
  /home/youssef/Documents/chatwoot/app/controllers/concerns/request_exception_handler.rb:11:in 'RequestExceptionHandler#handle_with_exception'
  /home/youssef/Documents/chatwoot/app/controllers/concerns/switch_locale.rb:39:in 'SwitchLocale#set_locale'
  /home/youssef/Documents/chatwoot/app/controllers/concerns/switch_locale.rb:13:in 'SwitchLocale#switch_locale'

2025-06-19 02:52:49[WARN] user: youssef
GET /api/v1/accounts/1/contacts/5/contactable_inboxes
AVOID eager loading detected
  Contact => [:contact_inboxes]
  Remove from your query: .includes([:contact_inboxes])
Call stack
  /home/youssef/Documents/chatwoot/app/controllers/api/v1/accounts/contacts_controller.rb:187:in 'Api::V1::Accounts::ContactsController#fetch_contact'
  /home/youssef/Documents/chatwoot/app/controllers/concerns/switch_locale.rb:39:in 'SwitchLocale#set_locale'
  /home/youssef/Documents/chatwoot/app/controllers/concerns/switch_locale.rb:18:in 'SwitchLocale#switch_locale_using_account_locale'
  /home/youssef/Documents/chatwoot/app/controllers/concerns/request_exception_handler.rb:11:in 'RequestExceptionHandler#handle_with_exception'
  /home/youssef/Documents/chatwoot/app/controllers/concerns/switch_locale.rb:39:in 'SwitchLocale#set_locale'
  /home/youssef/Documents/chatwoot/app/controllers/concerns/switch_locale.rb:13:in 'SwitchLocale#switch_locale'

2025-06-19 02:52:49[WARN] user: youssef
GET /api/v1/accounts/1/contacts/5/contactable_inboxes
AVOID eager loading detected
  ContactInbox => [:inbox]
  Remove from your query: .includes([:inbox])
Call stack
  /home/youssef/Documents/chatwoot/app/controllers/api/v1/accounts/contacts_controller.rb:187:in 'Api::V1::Accounts::ContactsController#fetch_contact'
  /home/youssef/Documents/chatwoot/app/controllers/concerns/switch_locale.rb:39:in 'SwitchLocale#set_locale'
  /home/youssef/Documents/chatwoot/app/controllers/concerns/switch_locale.rb:18:in 'SwitchLocale#switch_locale_using_account_locale'
  /home/youssef/Documents/chatwoot/app/controllers/concerns/request_exception_handler.rb:11:in 'RequestExceptionHandler#handle_with_exception'
  /home/youssef/Documents/chatwoot/app/controllers/concerns/switch_locale.rb:39:in 'SwitchLocale#set_locale'
  /home/youssef/Documents/chatwoot/app/controllers/concerns/switch_locale.rb:13:in 'SwitchLocale#switch_locale'

2025-06-19 02:53:03[WARN] user: youssef
PUT /api/v1/profile
USE eager loading detected
  AccountUser => [:account]
  Add to your query: .includes([:account])
Call stack
  /home/youssef/Documents/chatwoot/app/views/api/v1/models/_user.json.jbuilder:23:in 'block (2 levels) in _app_views_api_v__models__user_json_jbuilder___4399693218868416775_93784'
  /home/youssef/Documents/chatwoot/app/views/api/v1/models/_user.json.jbuilder:21:in 'block in _app_views_api_v__models__user_json_jbuilder___4399693218868416775_93784'
  /home/youssef/Documents/chatwoot/app/views/api/v1/models/_user.json.jbuilder:20:in '_app_views_api_v__models__user_json_jbuilder___4399693218868416775_93784'
  /home/youssef/Documents/chatwoot/app/views/api/v1/profiles/update.json.jbuilder:1:in '_app_views_api_v__profiles_update_json_jbuilder__3978954305920090076_95816'
  /home/youssef/Documents/chatwoot/app/controllers/concerns/request_exception_handler.rb:11:in 'RequestExceptionHandler#handle_with_exception'
  /home/youssef/Documents/chatwoot/app/controllers/concerns/switch_locale.rb:39:in 'SwitchLocale#set_locale'
  /home/youssef/Documents/chatwoot/app/controllers/concerns/switch_locale.rb:13:in 'SwitchLocale#switch_locale'

2025-06-19 02:53:03[WARN] user: youssef
PUT /api/v1/profile
USE eager loading detected
  AccountUser => [:custom_role]
  Add to your query: .includes([:custom_role])
Call stack
  /home/youssef/Documents/chatwoot/app/views/api/v1/models/_user.json.jbuilder:23:in 'block (2 levels) in _app_views_api_v__models__user_json_jbuilder___4399693218868416775_93784'
  /home/youssef/Documents/chatwoot/app/views/api/v1/models/_user.json.jbuilder:21:in 'block in _app_views_api_v__models__user_json_jbuilder___4399693218868416775_93784'
  /home/youssef/Documents/chatwoot/app/views/api/v1/models/_user.json.jbuilder:20:in '_app_views_api_v__models__user_json_jbuilder___4399693218868416775_93784'
  /home/youssef/Documents/chatwoot/app/views/api/v1/profiles/update.json.jbuilder:1:in '_app_views_api_v__profiles_update_json_jbuilder__3978954305920090076_95816'
  /home/youssef/Documents/chatwoot/app/controllers/concerns/request_exception_handler.rb:11:in 'RequestExceptionHandler#handle_with_exception'
  /home/youssef/Documents/chatwoot/app/controllers/concerns/switch_locale.rb:39:in 'SwitchLocale#set_locale'
  /home/youssef/Documents/chatwoot/app/controllers/concerns/switch_locale.rb:13:in 'SwitchLocale#switch_locale'

2025-06-19 02:53:04[WARN] user: youssef
PUT /api/v1/profile
USE eager loading detected
  AccountUser => [:account]
  Add to your query: .includes([:account])
Call stack
  /home/youssef/Documents/chatwoot/app/views/api/v1/models/_user.json.jbuilder:23:in 'block (2 levels) in _app_views_api_v__models__user_json_jbuilder___4399693218868416775_93784'
  /home/youssef/Documents/chatwoot/app/views/api/v1/models/_user.json.jbuilder:21:in 'block in _app_views_api_v__models__user_json_jbuilder___4399693218868416775_93784'
  /home/youssef/Documents/chatwoot/app/views/api/v1/models/_user.json.jbuilder:20:in '_app_views_api_v__models__user_json_jbuilder___4399693218868416775_93784'
  /home/youssef/Documents/chatwoot/app/views/api/v1/profiles/update.json.jbuilder:1:in '_app_views_api_v__profiles_update_json_jbuilder__3978954305920090076_95816'
  /home/youssef/Documents/chatwoot/app/controllers/concerns/request_exception_handler.rb:11:in 'RequestExceptionHandler#handle_with_exception'
  /home/youssef/Documents/chatwoot/app/controllers/concerns/switch_locale.rb:39:in 'SwitchLocale#set_locale'
  /home/youssef/Documents/chatwoot/app/controllers/concerns/switch_locale.rb:13:in 'SwitchLocale#switch_locale'

2025-06-19 02:53:04[WARN] user: youssef
PUT /api/v1/profile
USE eager loading detected
  AccountUser => [:custom_role]
  Add to your query: .includes([:custom_role])
Call stack
  /home/youssef/Documents/chatwoot/app/views/api/v1/models/_user.json.jbuilder:23:in 'block (2 levels) in _app_views_api_v__models__user_json_jbuilder___4399693218868416775_93784'
  /home/youssef/Documents/chatwoot/app/views/api/v1/models/_user.json.jbuilder:21:in 'block in _app_views_api_v__models__user_json_jbuilder___4399693218868416775_93784'
  /home/youssef/Documents/chatwoot/app/views/api/v1/models/_user.json.jbuilder:20:in '_app_views_api_v__models__user_json_jbuilder___4399693218868416775_93784'
  /home/youssef/Documents/chatwoot/app/views/api/v1/profiles/update.json.jbuilder:1:in '_app_views_api_v__profiles_update_json_jbuilder__3978954305920090076_95816'
  /home/youssef/Documents/chatwoot/app/controllers/concerns/request_exception_handler.rb:11:in 'RequestExceptionHandler#handle_with_exception'
  /home/youssef/Documents/chatwoot/app/controllers/concerns/switch_locale.rb:39:in 'SwitchLocale#set_locale'
  /home/youssef/Documents/chatwoot/app/controllers/concerns/switch_locale.rb:13:in 'SwitchLocale#switch_locale'

2025-06-19 02:53:04[WARN] user: youssef
GET /api/v1/accounts/1/contacts/5/contactable_inboxes
AVOID eager loading detected
  Contact => [:contact_inboxes]
  Remove from your query: .includes([:contact_inboxes])
Call stack
  /home/youssef/Documents/chatwoot/app/controllers/api/v1/accounts/contacts_controller.rb:187:in 'Api::V1::Accounts::ContactsController#fetch_contact'
  /home/youssef/Documents/chatwoot/app/controllers/concerns/switch_locale.rb:39:in 'SwitchLocale#set_locale'
  /home/youssef/Documents/chatwoot/app/controllers/concerns/switch_locale.rb:18:in 'SwitchLocale#switch_locale_using_account_locale'
  /home/youssef/Documents/chatwoot/app/controllers/concerns/request_exception_handler.rb:11:in 'RequestExceptionHandler#handle_with_exception'
  /home/youssef/Documents/chatwoot/app/controllers/concerns/switch_locale.rb:39:in 'SwitchLocale#set_locale'
  /home/youssef/Documents/chatwoot/app/controllers/concerns/switch_locale.rb:13:in 'SwitchLocale#switch_locale'

2025-06-19 02:53:04[WARN] user: youssef
GET /api/v1/accounts/1/contacts/5/contactable_inboxes
AVOID eager loading detected
  ContactInbox => [:inbox]
  Remove from your query: .includes([:inbox])
Call stack
  /home/youssef/Documents/chatwoot/app/controllers/api/v1/accounts/contacts_controller.rb:187:in 'Api::V1::Accounts::ContactsController#fetch_contact'
  /home/youssef/Documents/chatwoot/app/controllers/concerns/switch_locale.rb:39:in 'SwitchLocale#set_locale'
  /home/youssef/Documents/chatwoot/app/controllers/concerns/switch_locale.rb:18:in 'SwitchLocale#switch_locale_using_account_locale'
  /home/youssef/Documents/chatwoot/app/controllers/concerns/request_exception_handler.rb:11:in 'RequestExceptionHandler#handle_with_exception'
  /home/youssef/Documents/chatwoot/app/controllers/concerns/switch_locale.rb:39:in 'SwitchLocale#set_locale'
  /home/youssef/Documents/chatwoot/app/controllers/concerns/switch_locale.rb:13:in 'SwitchLocale#switch_locale'

2025-06-19 02:53:04[WARN] user: youssef
GET /api/v1/accounts/1/contacts/5?include_contact_inboxes=false
AVOID eager loading detected
  Contact => [:contact_inboxes]
  Remove from your query: .includes([:contact_inboxes])
Call stack
  /home/youssef/Documents/chatwoot/app/controllers/api/v1/accounts/contacts_controller.rb:187:in 'Api::V1::Accounts::ContactsController#fetch_contact'
  /home/youssef/Documents/chatwoot/app/controllers/concerns/switch_locale.rb:39:in 'SwitchLocale#set_locale'
  /home/youssef/Documents/chatwoot/app/controllers/concerns/switch_locale.rb:18:in 'SwitchLocale#switch_locale_using_account_locale'
  /home/youssef/Documents/chatwoot/app/controllers/concerns/request_exception_handler.rb:11:in 'RequestExceptionHandler#handle_with_exception'
  /home/youssef/Documents/chatwoot/app/controllers/concerns/switch_locale.rb:39:in 'SwitchLocale#set_locale'
  /home/youssef/Documents/chatwoot/app/controllers/concerns/switch_locale.rb:13:in 'SwitchLocale#switch_locale'

2025-06-19 02:53:04[WARN] user: youssef
GET /api/v1/accounts/1/contacts/5?include_contact_inboxes=false
AVOID eager loading detected
  ContactInbox => [:inbox]
  Remove from your query: .includes([:inbox])
Call stack
  /home/youssef/Documents/chatwoot/app/controllers/api/v1/accounts/contacts_controller.rb:187:in 'Api::V1::Accounts::ContactsController#fetch_contact'
  /home/youssef/Documents/chatwoot/app/controllers/concerns/switch_locale.rb:39:in 'SwitchLocale#set_locale'
  /home/youssef/Documents/chatwoot/app/controllers/concerns/switch_locale.rb:18:in 'SwitchLocale#switch_locale_using_account_locale'
  /home/youssef/Documents/chatwoot/app/controllers/concerns/request_exception_handler.rb:11:in 'RequestExceptionHandler#handle_with_exception'
  /home/youssef/Documents/chatwoot/app/controllers/concerns/switch_locale.rb:39:in 'SwitchLocale#set_locale'
  /home/youssef/Documents/chatwoot/app/controllers/concerns/switch_locale.rb:13:in 'SwitchLocale#switch_locale'

2025-06-19 02:54:04[WARN] user: youssef
GET /api/v1/accounts/1/contacts/2?include_contact_inboxes=false
AVOID eager loading detected
  Contact => [:contact_inboxes]
  Remove from your query: .includes([:contact_inboxes])
Call stack
  /home/youssef/Documents/chatwoot/app/controllers/api/v1/accounts/contacts_controller.rb:187:in 'Api::V1::Accounts::ContactsController#fetch_contact'
  /home/youssef/Documents/chatwoot/app/controllers/concerns/switch_locale.rb:39:in 'SwitchLocale#set_locale'
  /home/youssef/Documents/chatwoot/app/controllers/concerns/switch_locale.rb:18:in 'SwitchLocale#switch_locale_using_account_locale'
  /home/youssef/Documents/chatwoot/app/controllers/concerns/request_exception_handler.rb:11:in 'RequestExceptionHandler#handle_with_exception'
  /home/youssef/Documents/chatwoot/app/controllers/concerns/switch_locale.rb:39:in 'SwitchLocale#set_locale'
  /home/youssef/Documents/chatwoot/app/controllers/concerns/switch_locale.rb:13:in 'SwitchLocale#switch_locale'

2025-06-19 02:54:04[WARN] user: youssef
GET /api/v1/accounts/1/contacts/2?include_contact_inboxes=false
AVOID eager loading detected
  ContactInbox => [:inbox]
  Remove from your query: .includes([:inbox])
Call stack
  /home/youssef/Documents/chatwoot/app/controllers/api/v1/accounts/contacts_controller.rb:187:in 'Api::V1::Accounts::ContactsController#fetch_contact'
  /home/youssef/Documents/chatwoot/app/controllers/concerns/switch_locale.rb:39:in 'SwitchLocale#set_locale'
  /home/youssef/Documents/chatwoot/app/controllers/concerns/switch_locale.rb:18:in 'SwitchLocale#switch_locale_using_account_locale'
  /home/youssef/Documents/chatwoot/app/controllers/concerns/request_exception_handler.rb:11:in 'RequestExceptionHandler#handle_with_exception'
  /home/youssef/Documents/chatwoot/app/controllers/concerns/switch_locale.rb:39:in 'SwitchLocale#set_locale'
  /home/youssef/Documents/chatwoot/app/controllers/concerns/switch_locale.rb:13:in 'SwitchLocale#switch_locale'

2025-06-19 02:54:04[WARN] user: youssef
GET /api/v1/accounts/1/contacts/2/contactable_inboxes
AVOID eager loading detected
  Contact => [:contact_inboxes]
  Remove from your query: .includes([:contact_inboxes])
Call stack
  /home/youssef/Documents/chatwoot/app/controllers/api/v1/accounts/contacts_controller.rb:187:in 'Api::V1::Accounts::ContactsController#fetch_contact'
  /home/youssef/Documents/chatwoot/app/controllers/concerns/switch_locale.rb:39:in 'SwitchLocale#set_locale'
  /home/youssef/Documents/chatwoot/app/controllers/concerns/switch_locale.rb:18:in 'SwitchLocale#switch_locale_using_account_locale'
  /home/youssef/Documents/chatwoot/app/controllers/concerns/request_exception_handler.rb:11:in 'RequestExceptionHandler#handle_with_exception'
  /home/youssef/Documents/chatwoot/app/controllers/concerns/switch_locale.rb:39:in 'SwitchLocale#set_locale'
  /home/youssef/Documents/chatwoot/app/controllers/concerns/switch_locale.rb:13:in 'SwitchLocale#switch_locale'

2025-06-19 02:54:04[WARN] user: youssef
GET /api/v1/accounts/1/contacts/2/contactable_inboxes
AVOID eager loading detected
  ContactInbox => [:inbox]
  Remove from your query: .includes([:inbox])
Call stack
  /home/youssef/Documents/chatwoot/app/controllers/api/v1/accounts/contacts_controller.rb:187:in 'Api::V1::Accounts::ContactsController#fetch_contact'
  /home/youssef/Documents/chatwoot/app/controllers/concerns/switch_locale.rb:39:in 'SwitchLocale#set_locale'
  /home/youssef/Documents/chatwoot/app/controllers/concerns/switch_locale.rb:18:in 'SwitchLocale#switch_locale_using_account_locale'
  /home/youssef/Documents/chatwoot/app/controllers/concerns/request_exception_handler.rb:11:in 'RequestExceptionHandler#handle_with_exception'
  /home/youssef/Documents/chatwoot/app/controllers/concerns/switch_locale.rb:39:in 'SwitchLocale#set_locale'
  /home/youssef/Documents/chatwoot/app/controllers/concerns/switch_locale.rb:13:in 'SwitchLocale#switch_locale'

2025-06-19 02:54:09[WARN] user: youssef
GET /api/v1/accounts/1/contacts/5?include_contact_inboxes=false
AVOID eager loading detected
  Contact => [:contact_inboxes]
  Remove from your query: .includes([:contact_inboxes])
Call stack
  /home/youssef/Documents/chatwoot/app/controllers/api/v1/accounts/contacts_controller.rb:187:in 'Api::V1::Accounts::ContactsController#fetch_contact'
  /home/youssef/Documents/chatwoot/app/controllers/concerns/switch_locale.rb:39:in 'SwitchLocale#set_locale'
  /home/youssef/Documents/chatwoot/app/controllers/concerns/switch_locale.rb:18:in 'SwitchLocale#switch_locale_using_account_locale'
  /home/youssef/Documents/chatwoot/app/controllers/concerns/request_exception_handler.rb:11:in 'RequestExceptionHandler#handle_with_exception'
  /home/youssef/Documents/chatwoot/app/controllers/concerns/switch_locale.rb:39:in 'SwitchLocale#set_locale'
  /home/youssef/Documents/chatwoot/app/controllers/concerns/switch_locale.rb:13:in 'SwitchLocale#switch_locale'

2025-06-19 02:54:09[WARN] user: youssef
GET /api/v1/accounts/1/contacts/5?include_contact_inboxes=false
AVOID eager loading detected
  ContactInbox => [:inbox]
  Remove from your query: .includes([:inbox])
Call stack
  /home/youssef/Documents/chatwoot/app/controllers/api/v1/accounts/contacts_controller.rb:187:in 'Api::V1::Accounts::ContactsController#fetch_contact'
  /home/youssef/Documents/chatwoot/app/controllers/concerns/switch_locale.rb:39:in 'SwitchLocale#set_locale'
  /home/youssef/Documents/chatwoot/app/controllers/concerns/switch_locale.rb:18:in 'SwitchLocale#switch_locale_using_account_locale'
  /home/youssef/Documents/chatwoot/app/controllers/concerns/request_exception_handler.rb:11:in 'RequestExceptionHandler#handle_with_exception'
  /home/youssef/Documents/chatwoot/app/controllers/concerns/switch_locale.rb:39:in 'SwitchLocale#set_locale'
  /home/youssef/Documents/chatwoot/app/controllers/concerns/switch_locale.rb:13:in 'SwitchLocale#switch_locale'

2025-06-19 02:54:09[WARN] user: youssef
GET /api/v1/accounts/1/contacts/5/contactable_inboxes
AVOID eager loading detected
  Contact => [:contact_inboxes]
  Remove from your query: .includes([:contact_inboxes])
Call stack
  /home/youssef/Documents/chatwoot/app/controllers/api/v1/accounts/contacts_controller.rb:187:in 'Api::V1::Accounts::ContactsController#fetch_contact'
  /home/youssef/Documents/chatwoot/app/controllers/concerns/switch_locale.rb:39:in 'SwitchLocale#set_locale'
  /home/youssef/Documents/chatwoot/app/controllers/concerns/switch_locale.rb:18:in 'SwitchLocale#switch_locale_using_account_locale'
  /home/youssef/Documents/chatwoot/app/controllers/concerns/request_exception_handler.rb:11:in 'RequestExceptionHandler#handle_with_exception'
  /home/youssef/Documents/chatwoot/app/controllers/concerns/switch_locale.rb:39:in 'SwitchLocale#set_locale'
  /home/youssef/Documents/chatwoot/app/controllers/concerns/switch_locale.rb:13:in 'SwitchLocale#switch_locale'

2025-06-19 02:54:09[WARN] user: youssef
GET /api/v1/accounts/1/contacts/5/contactable_inboxes
AVOID eager loading detected
  ContactInbox => [:inbox]
  Remove from your query: .includes([:inbox])
Call stack
  /home/youssef/Documents/chatwoot/app/controllers/api/v1/accounts/contacts_controller.rb:187:in 'Api::V1::Accounts::ContactsController#fetch_contact'
  /home/youssef/Documents/chatwoot/app/controllers/concerns/switch_locale.rb:39:in 'SwitchLocale#set_locale'
  /home/youssef/Documents/chatwoot/app/controllers/concerns/switch_locale.rb:18:in 'SwitchLocale#switch_locale_using_account_locale'
  /home/youssef/Documents/chatwoot/app/controllers/concerns/request_exception_handler.rb:11:in 'RequestExceptionHandler#handle_with_exception'
  /home/youssef/Documents/chatwoot/app/controllers/concerns/switch_locale.rb:39:in 'SwitchLocale#set_locale'
  /home/youssef/Documents/chatwoot/app/controllers/concerns/switch_locale.rb:13:in 'SwitchLocale#switch_locale'

2025-06-19 03:00:10[WARN] user: youssef
GET /auth/validate_token
USE eager loading detected
  AccountUser => [:account]
  Add to your query: .includes([:account])
Call stack
  /home/youssef/Documents/chatwoot/app/views/api/v1/models/_user.json.jbuilder:23:in 'block (2 levels) in _app_views_api_v__models__user_json_jbuilder___4399693218868416775_93784'
  /home/youssef/Documents/chatwoot/app/views/api/v1/models/_user.json.jbuilder:21:in 'block in _app_views_api_v__models__user_json_jbuilder___4399693218868416775_93784'
  /home/youssef/Documents/chatwoot/app/views/api/v1/models/_user.json.jbuilder:20:in '_app_views_api_v__models__user_json_jbuilder___4399693218868416775_93784'
  /home/youssef/Documents/chatwoot/app/views/devise/_auth.json.jbuilder:2:in 'block in _app_views_devise__auth_json_jbuilder___3108555455230003429_93776'
  /home/youssef/Documents/chatwoot/app/views/devise/_auth.json.jbuilder:1:in '_app_views_devise__auth_json_jbuilder___3108555455230003429_93776'
  /home/youssef/Documents/chatwoot/app/views/devise/token.json.jbuilder:3:in 'block in _app_views_devise_token_json_jbuilder___797987668042052962_93768'
  /home/youssef/Documents/chatwoot/app/views/devise/token.json.jbuilder:1:in '_app_views_devise_token_json_jbuilder___797987668042052962_93768'
  /home/youssef/Documents/chatwoot/app/controllers/devise_overrides/token_validations_controller.rb:5:in 'DeviseOverrides::TokenValidationsController#validate_token'
  /home/youssef/Documents/chatwoot/app/controllers/concerns/switch_locale.rb:39:in 'SwitchLocale#set_locale'
  /home/youssef/Documents/chatwoot/app/controllers/concerns/switch_locale.rb:13:in 'SwitchLocale#switch_locale'

2025-06-19 03:00:10[WARN] user: youssef
GET /auth/validate_token
USE eager loading detected
  AccountUser => [:custom_role]
  Add to your query: .includes([:custom_role])
Call stack
  /home/youssef/Documents/chatwoot/app/views/api/v1/models/_user.json.jbuilder:23:in 'block (2 levels) in _app_views_api_v__models__user_json_jbuilder___4399693218868416775_93784'
  /home/youssef/Documents/chatwoot/app/views/api/v1/models/_user.json.jbuilder:21:in 'block in _app_views_api_v__models__user_json_jbuilder___4399693218868416775_93784'
  /home/youssef/Documents/chatwoot/app/views/api/v1/models/_user.json.jbuilder:20:in '_app_views_api_v__models__user_json_jbuilder___4399693218868416775_93784'
  /home/youssef/Documents/chatwoot/app/views/devise/_auth.json.jbuilder:2:in 'block in _app_views_devise__auth_json_jbuilder___3108555455230003429_93776'
  /home/youssef/Documents/chatwoot/app/views/devise/_auth.json.jbuilder:1:in '_app_views_devise__auth_json_jbuilder___3108555455230003429_93776'
  /home/youssef/Documents/chatwoot/app/views/devise/token.json.jbuilder:3:in 'block in _app_views_devise_token_json_jbuilder___797987668042052962_93768'
  /home/youssef/Documents/chatwoot/app/views/devise/token.json.jbuilder:1:in '_app_views_devise_token_json_jbuilder___797987668042052962_93768'
  /home/youssef/Documents/chatwoot/app/controllers/devise_overrides/token_validations_controller.rb:5:in 'DeviseOverrides::TokenValidationsController#validate_token'
  /home/youssef/Documents/chatwoot/app/controllers/concerns/switch_locale.rb:39:in 'SwitchLocale#set_locale'
  /home/youssef/Documents/chatwoot/app/controllers/concerns/switch_locale.rb:13:in 'SwitchLocale#switch_locale'

2025-06-19 03:00:13[WARN] user: youssef
GET /api/v1/accounts/1/conversations?inbox_id=2&status=open&assignee_type=me&page=1&sort_by=last_activity_at_desc
AVOID eager loading detected
  Conversation => [:taggings]
  Remove from your query: .includes([:taggings])
Call stack
  /home/youssef/Documents/chatwoot/app/views/api/v1/accounts/conversations/index.json.jbuilder:9:in 'block (2 levels) in _app_views_api_v__accounts_conversations_index_json_jbuilder___1176737598643702260_96160'
  /home/youssef/Documents/chatwoot/app/views/api/v1/accounts/conversations/index.json.jbuilder:8:in 'block in _app_views_api_v__accounts_conversations_index_json_jbuilder___1176737598643702260_96160'
  /home/youssef/Documents/chatwoot/app/views/api/v1/accounts/conversations/index.json.jbuilder:1:in '_app_views_api_v__accounts_conversations_index_json_jbuilder___1176737598643702260_96160'
  /home/youssef/Documents/chatwoot/app/controllers/concerns/switch_locale.rb:39:in 'SwitchLocale#set_locale'
  /home/youssef/Documents/chatwoot/app/controllers/concerns/switch_locale.rb:18:in 'SwitchLocale#switch_locale_using_account_locale'
  /home/youssef/Documents/chatwoot/app/controllers/concerns/request_exception_handler.rb:11:in 'RequestExceptionHandler#handle_with_exception'
  /home/youssef/Documents/chatwoot/app/controllers/concerns/switch_locale.rb:39:in 'SwitchLocale#set_locale'
  /home/youssef/Documents/chatwoot/app/controllers/concerns/switch_locale.rb:13:in 'SwitchLocale#switch_locale'

2025-06-19 03:00:13[WARN] user: youssef
PUT /api/v1/profile
USE eager loading detected
  AccountUser => [:account]
  Add to your query: .includes([:account])
Call stack
  /home/youssef/Documents/chatwoot/app/views/api/v1/models/_user.json.jbuilder:23:in 'block (2 levels) in _app_views_api_v__models__user_json_jbuilder___4399693218868416775_93784'
  /home/youssef/Documents/chatwoot/app/views/api/v1/models/_user.json.jbuilder:21:in 'block in _app_views_api_v__models__user_json_jbuilder___4399693218868416775_93784'
  /home/youssef/Documents/chatwoot/app/views/api/v1/models/_user.json.jbuilder:20:in '_app_views_api_v__models__user_json_jbuilder___4399693218868416775_93784'
  /home/youssef/Documents/chatwoot/app/views/api/v1/profiles/update.json.jbuilder:1:in '_app_views_api_v__profiles_update_json_jbuilder__3978954305920090076_95816'
  /home/youssef/Documents/chatwoot/app/controllers/concerns/request_exception_handler.rb:11:in 'RequestExceptionHandler#handle_with_exception'
  /home/youssef/Documents/chatwoot/app/controllers/concerns/switch_locale.rb:39:in 'SwitchLocale#set_locale'
  /home/youssef/Documents/chatwoot/app/controllers/concerns/switch_locale.rb:13:in 'SwitchLocale#switch_locale'

2025-06-19 03:00:13[WARN] user: youssef
PUT /api/v1/profile
USE eager loading detected
  AccountUser => [:custom_role]
  Add to your query: .includes([:custom_role])
Call stack
  /home/youssef/Documents/chatwoot/app/views/api/v1/models/_user.json.jbuilder:23:in 'block (2 levels) in _app_views_api_v__models__user_json_jbuilder___4399693218868416775_93784'
  /home/youssef/Documents/chatwoot/app/views/api/v1/models/_user.json.jbuilder:21:in 'block in _app_views_api_v__models__user_json_jbuilder___4399693218868416775_93784'
  /home/youssef/Documents/chatwoot/app/views/api/v1/models/_user.json.jbuilder:20:in '_app_views_api_v__models__user_json_jbuilder___4399693218868416775_93784'
  /home/youssef/Documents/chatwoot/app/views/api/v1/profiles/update.json.jbuilder:1:in '_app_views_api_v__profiles_update_json_jbuilder__3978954305920090076_95816'
  /home/youssef/Documents/chatwoot/app/controllers/concerns/request_exception_handler.rb:11:in 'RequestExceptionHandler#handle_with_exception'
  /home/youssef/Documents/chatwoot/app/controllers/concerns/switch_locale.rb:39:in 'SwitchLocale#set_locale'
  /home/youssef/Documents/chatwoot/app/controllers/concerns/switch_locale.rb:13:in 'SwitchLocale#switch_locale'

2025-06-19 03:00:14[WARN] user: youssef
GET /api/v1/accounts/1/contacts/5/contactable_inboxes
AVOID eager loading detected
  Contact => [:contact_inboxes]
  Remove from your query: .includes([:contact_inboxes])
Call stack
  /home/youssef/Documents/chatwoot/app/controllers/api/v1/accounts/contacts_controller.rb:187:in 'Api::V1::Accounts::ContactsController#fetch_contact'
  /home/youssef/Documents/chatwoot/app/controllers/concerns/switch_locale.rb:39:in 'SwitchLocale#set_locale'
  /home/youssef/Documents/chatwoot/app/controllers/concerns/switch_locale.rb:18:in 'SwitchLocale#switch_locale_using_account_locale'
  /home/youssef/Documents/chatwoot/app/controllers/concerns/request_exception_handler.rb:11:in 'RequestExceptionHandler#handle_with_exception'
  /home/youssef/Documents/chatwoot/app/controllers/concerns/switch_locale.rb:39:in 'SwitchLocale#set_locale'
  /home/youssef/Documents/chatwoot/app/controllers/concerns/switch_locale.rb:13:in 'SwitchLocale#switch_locale'

2025-06-19 03:00:14[WARN] user: youssef
GET /api/v1/accounts/1/contacts/5/contactable_inboxes
AVOID eager loading detected
  ContactInbox => [:inbox]
  Remove from your query: .includes([:inbox])
Call stack
  /home/youssef/Documents/chatwoot/app/controllers/api/v1/accounts/contacts_controller.rb:187:in 'Api::V1::Accounts::ContactsController#fetch_contact'
  /home/youssef/Documents/chatwoot/app/controllers/concerns/switch_locale.rb:39:in 'SwitchLocale#set_locale'
  /home/youssef/Documents/chatwoot/app/controllers/concerns/switch_locale.rb:18:in 'SwitchLocale#switch_locale_using_account_locale'
  /home/youssef/Documents/chatwoot/app/controllers/concerns/request_exception_handler.rb:11:in 'RequestExceptionHandler#handle_with_exception'
  /home/youssef/Documents/chatwoot/app/controllers/concerns/switch_locale.rb:39:in 'SwitchLocale#set_locale'
  /home/youssef/Documents/chatwoot/app/controllers/concerns/switch_locale.rb:13:in 'SwitchLocale#switch_locale'

2025-06-19 03:00:15[WARN] user: youssef
GET /api/v1/accounts/1/contacts/5?include_contact_inboxes=false
AVOID eager loading detected
  Contact => [:contact_inboxes]
  Remove from your query: .includes([:contact_inboxes])
Call stack
  /home/youssef/Documents/chatwoot/app/controllers/api/v1/accounts/contacts_controller.rb:187:in 'Api::V1::Accounts::ContactsController#fetch_contact'
  /home/youssef/Documents/chatwoot/app/controllers/concerns/switch_locale.rb:39:in 'SwitchLocale#set_locale'
  /home/youssef/Documents/chatwoot/app/controllers/concerns/switch_locale.rb:18:in 'SwitchLocale#switch_locale_using_account_locale'
  /home/youssef/Documents/chatwoot/app/controllers/concerns/request_exception_handler.rb:11:in 'RequestExceptionHandler#handle_with_exception'
  /home/youssef/Documents/chatwoot/app/controllers/concerns/switch_locale.rb:39:in 'SwitchLocale#set_locale'
  /home/youssef/Documents/chatwoot/app/controllers/concerns/switch_locale.rb:13:in 'SwitchLocale#switch_locale'

2025-06-19 03:00:15[WARN] user: youssef
GET /api/v1/accounts/1/contacts/5?include_contact_inboxes=false
AVOID eager loading detected
  ContactInbox => [:inbox]
  Remove from your query: .includes([:inbox])
Call stack
  /home/youssef/Documents/chatwoot/app/controllers/api/v1/accounts/contacts_controller.rb:187:in 'Api::V1::Accounts::ContactsController#fetch_contact'
  /home/youssef/Documents/chatwoot/app/controllers/concerns/switch_locale.rb:39:in 'SwitchLocale#set_locale'
  /home/youssef/Documents/chatwoot/app/controllers/concerns/switch_locale.rb:18:in 'SwitchLocale#switch_locale_using_account_locale'
  /home/youssef/Documents/chatwoot/app/controllers/concerns/request_exception_handler.rb:11:in 'RequestExceptionHandler#handle_with_exception'
  /home/youssef/Documents/chatwoot/app/controllers/concerns/switch_locale.rb:39:in 'SwitchLocale#set_locale'
  /home/youssef/Documents/chatwoot/app/controllers/concerns/switch_locale.rb:13:in 'SwitchLocale#switch_locale'

2025-06-19 03:07:17[WARN] user: youssef
GET /auth/validate_token
USE eager loading detected
  AccountUser => [:account]
  Add to your query: .includes([:account])
Call stack
  /home/youssef/Documents/chatwoot/app/views/api/v1/models/_user.json.jbuilder:23:in 'block (2 levels) in _app_views_api_v__models__user_json_jbuilder__4211744778120175671_95064'
  /home/youssef/Documents/chatwoot/app/views/api/v1/models/_user.json.jbuilder:21:in 'block in _app_views_api_v__models__user_json_jbuilder__4211744778120175671_95064'
  /home/youssef/Documents/chatwoot/app/views/api/v1/models/_user.json.jbuilder:20:in '_app_views_api_v__models__user_json_jbuilder__4211744778120175671_95064'
  /home/youssef/Documents/chatwoot/app/views/devise/_auth.json.jbuilder:2:in 'block in _app_views_devise__auth_json_jbuilder__3492514040025861925_95056'
  /home/youssef/Documents/chatwoot/app/views/devise/_auth.json.jbuilder:1:in '_app_views_devise__auth_json_jbuilder__3492514040025861925_95056'
  /home/youssef/Documents/chatwoot/app/views/devise/token.json.jbuilder:3:in 'block in _app_views_devise_token_json_jbuilder___2154446289264001513_95048'
  /home/youssef/Documents/chatwoot/app/views/devise/token.json.jbuilder:1:in '_app_views_devise_token_json_jbuilder___2154446289264001513_95048'
  /home/youssef/Documents/chatwoot/app/controllers/devise_overrides/token_validations_controller.rb:5:in 'DeviseOverrides::TokenValidationsController#validate_token'
  /home/youssef/Documents/chatwoot/app/controllers/concerns/switch_locale.rb:39:in 'SwitchLocale#set_locale'
  /home/youssef/Documents/chatwoot/app/controllers/concerns/switch_locale.rb:13:in 'SwitchLocale#switch_locale'

2025-06-19 03:07:17[WARN] user: youssef
GET /auth/validate_token
USE eager loading detected
  AccountUser => [:custom_role]
  Add to your query: .includes([:custom_role])
Call stack
  /home/youssef/Documents/chatwoot/app/views/api/v1/models/_user.json.jbuilder:23:in 'block (2 levels) in _app_views_api_v__models__user_json_jbuilder__4211744778120175671_95064'
  /home/youssef/Documents/chatwoot/app/views/api/v1/models/_user.json.jbuilder:21:in 'block in _app_views_api_v__models__user_json_jbuilder__4211744778120175671_95064'
  /home/youssef/Documents/chatwoot/app/views/api/v1/models/_user.json.jbuilder:20:in '_app_views_api_v__models__user_json_jbuilder__4211744778120175671_95064'
  /home/youssef/Documents/chatwoot/app/views/devise/_auth.json.jbuilder:2:in 'block in _app_views_devise__auth_json_jbuilder__3492514040025861925_95056'
  /home/youssef/Documents/chatwoot/app/views/devise/_auth.json.jbuilder:1:in '_app_views_devise__auth_json_jbuilder__3492514040025861925_95056'
  /home/youssef/Documents/chatwoot/app/views/devise/token.json.jbuilder:3:in 'block in _app_views_devise_token_json_jbuilder___2154446289264001513_95048'
  /home/youssef/Documents/chatwoot/app/views/devise/token.json.jbuilder:1:in '_app_views_devise_token_json_jbuilder___2154446289264001513_95048'
  /home/youssef/Documents/chatwoot/app/controllers/devise_overrides/token_validations_controller.rb:5:in 'DeviseOverrides::TokenValidationsController#validate_token'
  /home/youssef/Documents/chatwoot/app/controllers/concerns/switch_locale.rb:39:in 'SwitchLocale#set_locale'
  /home/youssef/Documents/chatwoot/app/controllers/concerns/switch_locale.rb:13:in 'SwitchLocale#switch_locale'

2025-06-19 03:07:28[WARN] user: youssef
PUT /api/v1/profile
USE eager loading detected
  AccountUser => [:account]
  Add to your query: .includes([:account])
Call stack
  /home/youssef/Documents/chatwoot/app/views/api/v1/models/_user.json.jbuilder:23:in 'block (2 levels) in _app_views_api_v__models__user_json_jbuilder__4211744778120175671_95064'
  /home/youssef/Documents/chatwoot/app/views/api/v1/models/_user.json.jbuilder:21:in 'block in _app_views_api_v__models__user_json_jbuilder__4211744778120175671_95064'
  /home/youssef/Documents/chatwoot/app/views/api/v1/models/_user.json.jbuilder:20:in '_app_views_api_v__models__user_json_jbuilder__4211744778120175671_95064'
  /home/youssef/Documents/chatwoot/app/views/api/v1/profiles/update.json.jbuilder:1:in '_app_views_api_v__profiles_update_json_jbuilder___1448129585958375111_97280'
  /home/youssef/Documents/chatwoot/app/controllers/concerns/request_exception_handler.rb:11:in 'RequestExceptionHandler#handle_with_exception'
  /home/youssef/Documents/chatwoot/app/controllers/concerns/switch_locale.rb:39:in 'SwitchLocale#set_locale'
  /home/youssef/Documents/chatwoot/app/controllers/concerns/switch_locale.rb:13:in 'SwitchLocale#switch_locale'

2025-06-19 03:07:28[WARN] user: youssef
PUT /api/v1/profile
USE eager loading detected
  AccountUser => [:custom_role]
  Add to your query: .includes([:custom_role])
Call stack
  /home/youssef/Documents/chatwoot/app/views/api/v1/models/_user.json.jbuilder:23:in 'block (2 levels) in _app_views_api_v__models__user_json_jbuilder__4211744778120175671_95064'
  /home/youssef/Documents/chatwoot/app/views/api/v1/models/_user.json.jbuilder:21:in 'block in _app_views_api_v__models__user_json_jbuilder__4211744778120175671_95064'
  /home/youssef/Documents/chatwoot/app/views/api/v1/models/_user.json.jbuilder:20:in '_app_views_api_v__models__user_json_jbuilder__4211744778120175671_95064'
  /home/youssef/Documents/chatwoot/app/views/api/v1/profiles/update.json.jbuilder:1:in '_app_views_api_v__profiles_update_json_jbuilder___1448129585958375111_97280'
  /home/youssef/Documents/chatwoot/app/controllers/concerns/request_exception_handler.rb:11:in 'RequestExceptionHandler#handle_with_exception'
  /home/youssef/Documents/chatwoot/app/controllers/concerns/switch_locale.rb:39:in 'SwitchLocale#set_locale'
  /home/youssef/Documents/chatwoot/app/controllers/concerns/switch_locale.rb:13:in 'SwitchLocale#switch_locale'

2025-06-19 03:07:30[WARN] user: youssef
GET /api/v1/accounts/1/conversations?inbox_id=2&status=open&assignee_type=me&page=1&sort_by=last_activity_at_desc
AVOID eager loading detected
  Conversation => [:taggings]
  Remove from your query: .includes([:taggings])
Call stack
  /home/youssef/Documents/chatwoot/app/views/api/v1/accounts/conversations/index.json.jbuilder:9:in 'block (2 levels) in _app_views_api_v__accounts_conversations_index_json_jbuilder__3222264830352282956_92768'
  /home/youssef/Documents/chatwoot/app/views/api/v1/accounts/conversations/index.json.jbuilder:8:in 'block in _app_views_api_v__accounts_conversations_index_json_jbuilder__3222264830352282956_92768'
  /home/youssef/Documents/chatwoot/app/views/api/v1/accounts/conversations/index.json.jbuilder:1:in '_app_views_api_v__accounts_conversations_index_json_jbuilder__3222264830352282956_92768'
  /home/youssef/Documents/chatwoot/app/controllers/concerns/switch_locale.rb:39:in 'SwitchLocale#set_locale'
  /home/youssef/Documents/chatwoot/app/controllers/concerns/switch_locale.rb:18:in 'SwitchLocale#switch_locale_using_account_locale'
  /home/youssef/Documents/chatwoot/app/controllers/concerns/request_exception_handler.rb:11:in 'RequestExceptionHandler#handle_with_exception'
  /home/youssef/Documents/chatwoot/app/controllers/concerns/switch_locale.rb:39:in 'SwitchLocale#set_locale'
  /home/youssef/Documents/chatwoot/app/controllers/concerns/switch_locale.rb:13:in 'SwitchLocale#switch_locale'

2025-06-19 03:07:30[WARN] user: youssef
GET /api/v1/accounts/1/conversations?inbox_id=2&status=open&assignee_type=all&page=1&sort_by=last_activity_at_desc
AVOID eager loading detected
  Conversation => [:taggings]
  Remove from your query: .includes([:taggings])
Call stack
  /home/youssef/Documents/chatwoot/app/views/api/v1/accounts/conversations/index.json.jbuilder:9:in 'block (2 levels) in _app_views_api_v__accounts_conversations_index_json_jbuilder__3222264830352282956_92768'
  /home/youssef/Documents/chatwoot/app/views/api/v1/accounts/conversations/index.json.jbuilder:8:in 'block in _app_views_api_v__accounts_conversations_index_json_jbuilder__3222264830352282956_92768'
  /home/youssef/Documents/chatwoot/app/views/api/v1/accounts/conversations/index.json.jbuilder:1:in '_app_views_api_v__accounts_conversations_index_json_jbuilder__3222264830352282956_92768'
  /home/youssef/Documents/chatwoot/app/controllers/concerns/switch_locale.rb:39:in 'SwitchLocale#set_locale'
  /home/youssef/Documents/chatwoot/app/controllers/concerns/switch_locale.rb:18:in 'SwitchLocale#switch_locale_using_account_locale'
  /home/youssef/Documents/chatwoot/app/controllers/concerns/request_exception_handler.rb:11:in 'RequestExceptionHandler#handle_with_exception'
  /home/youssef/Documents/chatwoot/app/controllers/concerns/switch_locale.rb:39:in 'SwitchLocale#set_locale'
  /home/youssef/Documents/chatwoot/app/controllers/concerns/switch_locale.rb:13:in 'SwitchLocale#switch_locale'

2025-06-19 03:07:31[WARN] user: youssef
GET /api/v1/accounts/1/contacts/5/contactable_inboxes
AVOID eager loading detected
  Contact => [:contact_inboxes]
  Remove from your query: .includes([:contact_inboxes])
Call stack
  /home/youssef/Documents/chatwoot/app/controllers/api/v1/accounts/contacts_controller.rb:187:in 'Api::V1::Accounts::ContactsController#fetch_contact'
  /home/youssef/Documents/chatwoot/app/controllers/concerns/switch_locale.rb:39:in 'SwitchLocale#set_locale'
  /home/youssef/Documents/chatwoot/app/controllers/concerns/switch_locale.rb:18:in 'SwitchLocale#switch_locale_using_account_locale'
  /home/youssef/Documents/chatwoot/app/controllers/concerns/request_exception_handler.rb:11:in 'RequestExceptionHandler#handle_with_exception'
  /home/youssef/Documents/chatwoot/app/controllers/concerns/switch_locale.rb:39:in 'SwitchLocale#set_locale'
  /home/youssef/Documents/chatwoot/app/controllers/concerns/switch_locale.rb:13:in 'SwitchLocale#switch_locale'

2025-06-19 03:07:31[WARN] user: youssef
GET /api/v1/accounts/1/contacts/5/contactable_inboxes
AVOID eager loading detected
  ContactInbox => [:inbox]
  Remove from your query: .includes([:inbox])
Call stack
  /home/youssef/Documents/chatwoot/app/controllers/api/v1/accounts/contacts_controller.rb:187:in 'Api::V1::Accounts::ContactsController#fetch_contact'
  /home/youssef/Documents/chatwoot/app/controllers/concerns/switch_locale.rb:39:in 'SwitchLocale#set_locale'
  /home/youssef/Documents/chatwoot/app/controllers/concerns/switch_locale.rb:18:in 'SwitchLocale#switch_locale_using_account_locale'
  /home/youssef/Documents/chatwoot/app/controllers/concerns/request_exception_handler.rb:11:in 'RequestExceptionHandler#handle_with_exception'
  /home/youssef/Documents/chatwoot/app/controllers/concerns/switch_locale.rb:39:in 'SwitchLocale#set_locale'
  /home/youssef/Documents/chatwoot/app/controllers/concerns/switch_locale.rb:13:in 'SwitchLocale#switch_locale'

2025-06-19 03:07:31[WARN] user: youssef
GET /api/v1/accounts/1/contacts/5?include_contact_inboxes=false
AVOID eager loading detected
  Contact => [:contact_inboxes]
  Remove from your query: .includes([:contact_inboxes])
Call stack
  /home/youssef/Documents/chatwoot/app/controllers/api/v1/accounts/contacts_controller.rb:187:in 'Api::V1::Accounts::ContactsController#fetch_contact'
  /home/youssef/Documents/chatwoot/app/controllers/concerns/switch_locale.rb:39:in 'SwitchLocale#set_locale'
  /home/youssef/Documents/chatwoot/app/controllers/concerns/switch_locale.rb:18:in 'SwitchLocale#switch_locale_using_account_locale'
  /home/youssef/Documents/chatwoot/app/controllers/concerns/request_exception_handler.rb:11:in 'RequestExceptionHandler#handle_with_exception'
  /home/youssef/Documents/chatwoot/app/controllers/concerns/switch_locale.rb:39:in 'SwitchLocale#set_locale'
  /home/youssef/Documents/chatwoot/app/controllers/concerns/switch_locale.rb:13:in 'SwitchLocale#switch_locale'

2025-06-19 03:07:31[WARN] user: youssef
GET /api/v1/accounts/1/contacts/5?include_contact_inboxes=false
AVOID eager loading detected
  ContactInbox => [:inbox]
  Remove from your query: .includes([:inbox])
Call stack
  /home/youssef/Documents/chatwoot/app/controllers/api/v1/accounts/contacts_controller.rb:187:in 'Api::V1::Accounts::ContactsController#fetch_contact'
  /home/youssef/Documents/chatwoot/app/controllers/concerns/switch_locale.rb:39:in 'SwitchLocale#set_locale'
  /home/youssef/Documents/chatwoot/app/controllers/concerns/switch_locale.rb:18:in 'SwitchLocale#switch_locale_using_account_locale'
  /home/youssef/Documents/chatwoot/app/controllers/concerns/request_exception_handler.rb:11:in 'RequestExceptionHandler#handle_with_exception'
  /home/youssef/Documents/chatwoot/app/controllers/concerns/switch_locale.rb:39:in 'SwitchLocale#set_locale'
  /home/youssef/Documents/chatwoot/app/controllers/concerns/switch_locale.rb:13:in 'SwitchLocale#switch_locale'

2025-06-19 03:08:05[WARN] user: youssef
GET /api/v1/accounts/1/contacts/2?include_contact_inboxes=false
AVOID eager loading detected
  Contact => [:contact_inboxes]
  Remove from your query: .includes([:contact_inboxes])
Call stack
  /home/youssef/Documents/chatwoot/app/controllers/api/v1/accounts/contacts_controller.rb:187:in 'Api::V1::Accounts::ContactsController#fetch_contact'
  /home/youssef/Documents/chatwoot/app/controllers/concerns/switch_locale.rb:39:in 'SwitchLocale#set_locale'
  /home/youssef/Documents/chatwoot/app/controllers/concerns/switch_locale.rb:18:in 'SwitchLocale#switch_locale_using_account_locale'
  /home/youssef/Documents/chatwoot/app/controllers/concerns/request_exception_handler.rb:11:in 'RequestExceptionHandler#handle_with_exception'
  /home/youssef/Documents/chatwoot/app/controllers/concerns/switch_locale.rb:39:in 'SwitchLocale#set_locale'
  /home/youssef/Documents/chatwoot/app/controllers/concerns/switch_locale.rb:13:in 'SwitchLocale#switch_locale'

2025-06-19 03:08:05[WARN] user: youssef
GET /api/v1/accounts/1/contacts/2?include_contact_inboxes=false
AVOID eager loading detected
  ContactInbox => [:inbox]
  Remove from your query: .includes([:inbox])
Call stack
  /home/youssef/Documents/chatwoot/app/controllers/api/v1/accounts/contacts_controller.rb:187:in 'Api::V1::Accounts::ContactsController#fetch_contact'
  /home/youssef/Documents/chatwoot/app/controllers/concerns/switch_locale.rb:39:in 'SwitchLocale#set_locale'
  /home/youssef/Documents/chatwoot/app/controllers/concerns/switch_locale.rb:18:in 'SwitchLocale#switch_locale_using_account_locale'
  /home/youssef/Documents/chatwoot/app/controllers/concerns/request_exception_handler.rb:11:in 'RequestExceptionHandler#handle_with_exception'
  /home/youssef/Documents/chatwoot/app/controllers/concerns/switch_locale.rb:39:in 'SwitchLocale#set_locale'
  /home/youssef/Documents/chatwoot/app/controllers/concerns/switch_locale.rb:13:in 'SwitchLocale#switch_locale'

2025-06-19 03:08:05[WARN] user: youssef
GET /api/v1/accounts/1/contacts/2/contactable_inboxes
AVOID eager loading detected
  Contact => [:contact_inboxes]
  Remove from your query: .includes([:contact_inboxes])
Call stack
  /home/youssef/Documents/chatwoot/app/controllers/api/v1/accounts/contacts_controller.rb:187:in 'Api::V1::Accounts::ContactsController#fetch_contact'
  /home/youssef/Documents/chatwoot/app/controllers/concerns/switch_locale.rb:39:in 'SwitchLocale#set_locale'
  /home/youssef/Documents/chatwoot/app/controllers/concerns/switch_locale.rb:18:in 'SwitchLocale#switch_locale_using_account_locale'
  /home/youssef/Documents/chatwoot/app/controllers/concerns/request_exception_handler.rb:11:in 'RequestExceptionHandler#handle_with_exception'
  /home/youssef/Documents/chatwoot/app/controllers/concerns/switch_locale.rb:39:in 'SwitchLocale#set_locale'
  /home/youssef/Documents/chatwoot/app/controllers/concerns/switch_locale.rb:13:in 'SwitchLocale#switch_locale'

2025-06-19 03:08:05[WARN] user: youssef
GET /api/v1/accounts/1/contacts/2/contactable_inboxes
AVOID eager loading detected
  ContactInbox => [:inbox]
  Remove from your query: .includes([:inbox])
Call stack
  /home/youssef/Documents/chatwoot/app/controllers/api/v1/accounts/contacts_controller.rb:187:in 'Api::V1::Accounts::ContactsController#fetch_contact'
  /home/youssef/Documents/chatwoot/app/controllers/concerns/switch_locale.rb:39:in 'SwitchLocale#set_locale'
  /home/youssef/Documents/chatwoot/app/controllers/concerns/switch_locale.rb:18:in 'SwitchLocale#switch_locale_using_account_locale'
  /home/youssef/Documents/chatwoot/app/controllers/concerns/request_exception_handler.rb:11:in 'RequestExceptionHandler#handle_with_exception'
  /home/youssef/Documents/chatwoot/app/controllers/concerns/switch_locale.rb:39:in 'SwitchLocale#set_locale'
  /home/youssef/Documents/chatwoot/app/controllers/concerns/switch_locale.rb:13:in 'SwitchLocale#switch_locale'

2025-06-19 03:08:07[WARN] user: youssef
GET /api/v1/accounts/1/contacts/5?include_contact_inboxes=false
AVOID eager loading detected
  Contact => [:contact_inboxes]
  Remove from your query: .includes([:contact_inboxes])
Call stack
  /home/youssef/Documents/chatwoot/app/controllers/api/v1/accounts/contacts_controller.rb:187:in 'Api::V1::Accounts::ContactsController#fetch_contact'
  /home/youssef/Documents/chatwoot/app/controllers/concerns/switch_locale.rb:39:in 'SwitchLocale#set_locale'
  /home/youssef/Documents/chatwoot/app/controllers/concerns/switch_locale.rb:18:in 'SwitchLocale#switch_locale_using_account_locale'
  /home/youssef/Documents/chatwoot/app/controllers/concerns/request_exception_handler.rb:11:in 'RequestExceptionHandler#handle_with_exception'
  /home/youssef/Documents/chatwoot/app/controllers/concerns/switch_locale.rb:39:in 'SwitchLocale#set_locale'
  /home/youssef/Documents/chatwoot/app/controllers/concerns/switch_locale.rb:13:in 'SwitchLocale#switch_locale'

2025-06-19 03:08:07[WARN] user: youssef
GET /api/v1/accounts/1/contacts/5?include_contact_inboxes=false
AVOID eager loading detected
  ContactInbox => [:inbox]
  Remove from your query: .includes([:inbox])
Call stack
  /home/youssef/Documents/chatwoot/app/controllers/api/v1/accounts/contacts_controller.rb:187:in 'Api::V1::Accounts::ContactsController#fetch_contact'
  /home/youssef/Documents/chatwoot/app/controllers/concerns/switch_locale.rb:39:in 'SwitchLocale#set_locale'
  /home/youssef/Documents/chatwoot/app/controllers/concerns/switch_locale.rb:18:in 'SwitchLocale#switch_locale_using_account_locale'
  /home/youssef/Documents/chatwoot/app/controllers/concerns/request_exception_handler.rb:11:in 'RequestExceptionHandler#handle_with_exception'
  /home/youssef/Documents/chatwoot/app/controllers/concerns/switch_locale.rb:39:in 'SwitchLocale#set_locale'
  /home/youssef/Documents/chatwoot/app/controllers/concerns/switch_locale.rb:13:in 'SwitchLocale#switch_locale'

2025-06-19 03:08:07[WARN] user: youssef
GET /api/v1/accounts/1/contacts/5/contactable_inboxes
AVOID eager loading detected
  Contact => [:contact_inboxes]
  Remove from your query: .includes([:contact_inboxes])
Call stack
  /home/youssef/Documents/chatwoot/app/controllers/api/v1/accounts/contacts_controller.rb:187:in 'Api::V1::Accounts::ContactsController#fetch_contact'
  /home/youssef/Documents/chatwoot/app/controllers/concerns/switch_locale.rb:39:in 'SwitchLocale#set_locale'
  /home/youssef/Documents/chatwoot/app/controllers/concerns/switch_locale.rb:18:in 'SwitchLocale#switch_locale_using_account_locale'
  /home/youssef/Documents/chatwoot/app/controllers/concerns/request_exception_handler.rb:11:in 'RequestExceptionHandler#handle_with_exception'
  /home/youssef/Documents/chatwoot/app/controllers/concerns/switch_locale.rb:39:in 'SwitchLocale#set_locale'
  /home/youssef/Documents/chatwoot/app/controllers/concerns/switch_locale.rb:13:in 'SwitchLocale#switch_locale'

2025-06-19 03:08:07[WARN] user: youssef
GET /api/v1/accounts/1/contacts/5/contactable_inboxes
AVOID eager loading detected
  ContactInbox => [:inbox]
  Remove from your query: .includes([:inbox])
Call stack
  /home/youssef/Documents/chatwoot/app/controllers/api/v1/accounts/contacts_controller.rb:187:in 'Api::V1::Accounts::ContactsController#fetch_contact'
  /home/youssef/Documents/chatwoot/app/controllers/concerns/switch_locale.rb:39:in 'SwitchLocale#set_locale'
  /home/youssef/Documents/chatwoot/app/controllers/concerns/switch_locale.rb:18:in 'SwitchLocale#switch_locale_using_account_locale'
  /home/youssef/Documents/chatwoot/app/controllers/concerns/request_exception_handler.rb:11:in 'RequestExceptionHandler#handle_with_exception'
  /home/youssef/Documents/chatwoot/app/controllers/concerns/switch_locale.rb:39:in 'SwitchLocale#set_locale'
  /home/youssef/Documents/chatwoot/app/controllers/concerns/switch_locale.rb:13:in 'SwitchLocale#switch_locale'

2025-06-19 03:08:26[WARN] user: youssef
GET /api/v1/accounts/1/contacts/2?include_contact_inboxes=false
AVOID eager loading detected
  Contact => [:contact_inboxes]
  Remove from your query: .includes([:contact_inboxes])
Call stack
  /home/youssef/Documents/chatwoot/app/controllers/api/v1/accounts/contacts_controller.rb:187:in 'Api::V1::Accounts::ContactsController#fetch_contact'
  /home/youssef/Documents/chatwoot/app/controllers/concerns/switch_locale.rb:39:in 'SwitchLocale#set_locale'
  /home/youssef/Documents/chatwoot/app/controllers/concerns/switch_locale.rb:18:in 'SwitchLocale#switch_locale_using_account_locale'
  /home/youssef/Documents/chatwoot/app/controllers/concerns/request_exception_handler.rb:11:in 'RequestExceptionHandler#handle_with_exception'
  /home/youssef/Documents/chatwoot/app/controllers/concerns/switch_locale.rb:39:in 'SwitchLocale#set_locale'
  /home/youssef/Documents/chatwoot/app/controllers/concerns/switch_locale.rb:13:in 'SwitchLocale#switch_locale'

2025-06-19 03:08:26[WARN] user: youssef
GET /api/v1/accounts/1/contacts/2?include_contact_inboxes=false
AVOID eager loading detected
  ContactInbox => [:inbox]
  Remove from your query: .includes([:inbox])
Call stack
  /home/youssef/Documents/chatwoot/app/controllers/api/v1/accounts/contacts_controller.rb:187:in 'Api::V1::Accounts::ContactsController#fetch_contact'
  /home/youssef/Documents/chatwoot/app/controllers/concerns/switch_locale.rb:39:in 'SwitchLocale#set_locale'
  /home/youssef/Documents/chatwoot/app/controllers/concerns/switch_locale.rb:18:in 'SwitchLocale#switch_locale_using_account_locale'
  /home/youssef/Documents/chatwoot/app/controllers/concerns/request_exception_handler.rb:11:in 'RequestExceptionHandler#handle_with_exception'
  /home/youssef/Documents/chatwoot/app/controllers/concerns/switch_locale.rb:39:in 'SwitchLocale#set_locale'
  /home/youssef/Documents/chatwoot/app/controllers/concerns/switch_locale.rb:13:in 'SwitchLocale#switch_locale'

2025-06-19 03:08:26[WARN] user: youssef
GET /api/v1/accounts/1/contacts/2/contactable_inboxes
AVOID eager loading detected
  Contact => [:contact_inboxes]
  Remove from your query: .includes([:contact_inboxes])
Call stack
  /home/youssef/Documents/chatwoot/app/controllers/api/v1/accounts/contacts_controller.rb:187:in 'Api::V1::Accounts::ContactsController#fetch_contact'
  /home/youssef/Documents/chatwoot/app/controllers/concerns/switch_locale.rb:39:in 'SwitchLocale#set_locale'
  /home/youssef/Documents/chatwoot/app/controllers/concerns/switch_locale.rb:18:in 'SwitchLocale#switch_locale_using_account_locale'
  /home/youssef/Documents/chatwoot/app/controllers/concerns/request_exception_handler.rb:11:in 'RequestExceptionHandler#handle_with_exception'
  /home/youssef/Documents/chatwoot/app/controllers/concerns/switch_locale.rb:39:in 'SwitchLocale#set_locale'
  /home/youssef/Documents/chatwoot/app/controllers/concerns/switch_locale.rb:13:in 'SwitchLocale#switch_locale'

2025-06-19 03:08:26[WARN] user: youssef
GET /api/v1/accounts/1/contacts/2/contactable_inboxes
AVOID eager loading detected
  ContactInbox => [:inbox]
  Remove from your query: .includes([:inbox])
Call stack
  /home/youssef/Documents/chatwoot/app/controllers/api/v1/accounts/contacts_controller.rb:187:in 'Api::V1::Accounts::ContactsController#fetch_contact'
  /home/youssef/Documents/chatwoot/app/controllers/concerns/switch_locale.rb:39:in 'SwitchLocale#set_locale'
  /home/youssef/Documents/chatwoot/app/controllers/concerns/switch_locale.rb:18:in 'SwitchLocale#switch_locale_using_account_locale'
  /home/youssef/Documents/chatwoot/app/controllers/concerns/request_exception_handler.rb:11:in 'RequestExceptionHandler#handle_with_exception'
  /home/youssef/Documents/chatwoot/app/controllers/concerns/switch_locale.rb:39:in 'SwitchLocale#set_locale'
  /home/youssef/Documents/chatwoot/app/controllers/concerns/switch_locale.rb:13:in 'SwitchLocale#switch_locale'

2025-06-19 03:08:31[WARN] user: youssef
GET /api/v1/accounts/1/contacts/5?include_contact_inboxes=false
AVOID eager loading detected
  Contact => [:contact_inboxes]
  Remove from your query: .includes([:contact_inboxes])
Call stack
  /home/youssef/Documents/chatwoot/app/controllers/api/v1/accounts/contacts_controller.rb:187:in 'Api::V1::Accounts::ContactsController#fetch_contact'
  /home/youssef/Documents/chatwoot/app/controllers/concerns/switch_locale.rb:39:in 'SwitchLocale#set_locale'
  /home/youssef/Documents/chatwoot/app/controllers/concerns/switch_locale.rb:18:in 'SwitchLocale#switch_locale_using_account_locale'
  /home/youssef/Documents/chatwoot/app/controllers/concerns/request_exception_handler.rb:11:in 'RequestExceptionHandler#handle_with_exception'
  /home/youssef/Documents/chatwoot/app/controllers/concerns/switch_locale.rb:39:in 'SwitchLocale#set_locale'
  /home/youssef/Documents/chatwoot/app/controllers/concerns/switch_locale.rb:13:in 'SwitchLocale#switch_locale'

2025-06-19 03:08:31[WARN] user: youssef
GET /api/v1/accounts/1/contacts/5?include_contact_inboxes=false
AVOID eager loading detected
  ContactInbox => [:inbox]
  Remove from your query: .includes([:inbox])
Call stack
  /home/youssef/Documents/chatwoot/app/controllers/api/v1/accounts/contacts_controller.rb:187:in 'Api::V1::Accounts::ContactsController#fetch_contact'
  /home/youssef/Documents/chatwoot/app/controllers/concerns/switch_locale.rb:39:in 'SwitchLocale#set_locale'
  /home/youssef/Documents/chatwoot/app/controllers/concerns/switch_locale.rb:18:in 'SwitchLocale#switch_locale_using_account_locale'
  /home/youssef/Documents/chatwoot/app/controllers/concerns/request_exception_handler.rb:11:in 'RequestExceptionHandler#handle_with_exception'
  /home/youssef/Documents/chatwoot/app/controllers/concerns/switch_locale.rb:39:in 'SwitchLocale#set_locale'
  /home/youssef/Documents/chatwoot/app/controllers/concerns/switch_locale.rb:13:in 'SwitchLocale#switch_locale'

2025-06-19 03:08:31[WARN] user: youssef
GET /api/v1/accounts/1/contacts/5/contactable_inboxes
AVOID eager loading detected
  Contact => [:contact_inboxes]
  Remove from your query: .includes([:contact_inboxes])
Call stack
  /home/youssef/Documents/chatwoot/app/controllers/api/v1/accounts/contacts_controller.rb:187:in 'Api::V1::Accounts::ContactsController#fetch_contact'
  /home/youssef/Documents/chatwoot/app/controllers/concerns/switch_locale.rb:39:in 'SwitchLocale#set_locale'
  /home/youssef/Documents/chatwoot/app/controllers/concerns/switch_locale.rb:18:in 'SwitchLocale#switch_locale_using_account_locale'
  /home/youssef/Documents/chatwoot/app/controllers/concerns/request_exception_handler.rb:11:in 'RequestExceptionHandler#handle_with_exception'
  /home/youssef/Documents/chatwoot/app/controllers/concerns/switch_locale.rb:39:in 'SwitchLocale#set_locale'
  /home/youssef/Documents/chatwoot/app/controllers/concerns/switch_locale.rb:13:in 'SwitchLocale#switch_locale'

2025-06-19 03:08:31[WARN] user: youssef
GET /api/v1/accounts/1/contacts/5/contactable_inboxes
AVOID eager loading detected
  ContactInbox => [:inbox]
  Remove from your query: .includes([:inbox])
Call stack
  /home/youssef/Documents/chatwoot/app/controllers/api/v1/accounts/contacts_controller.rb:187:in 'Api::V1::Accounts::ContactsController#fetch_contact'
  /home/youssef/Documents/chatwoot/app/controllers/concerns/switch_locale.rb:39:in 'SwitchLocale#set_locale'
  /home/youssef/Documents/chatwoot/app/controllers/concerns/switch_locale.rb:18:in 'SwitchLocale#switch_locale_using_account_locale'
  /home/youssef/Documents/chatwoot/app/controllers/concerns/request_exception_handler.rb:11:in 'RequestExceptionHandler#handle_with_exception'
  /home/youssef/Documents/chatwoot/app/controllers/concerns/switch_locale.rb:39:in 'SwitchLocale#set_locale'
  /home/youssef/Documents/chatwoot/app/controllers/concerns/switch_locale.rb:13:in 'SwitchLocale#switch_locale'

2025-06-19 03:09:52[WARN] user: youssef
PUT /api/v1/profile
USE eager loading detected
  AccountUser => [:account]
  Add to your query: .includes([:account])
Call stack
  /home/youssef/Documents/chatwoot/app/views/api/v1/models/_user.json.jbuilder:23:in 'block (2 levels) in _app_views_api_v__models__user_json_jbuilder__4211744778120175671_95064'
  /home/youssef/Documents/chatwoot/app/views/api/v1/models/_user.json.jbuilder:21:in 'block in _app_views_api_v__models__user_json_jbuilder__4211744778120175671_95064'
  /home/youssef/Documents/chatwoot/app/views/api/v1/models/_user.json.jbuilder:20:in '_app_views_api_v__models__user_json_jbuilder__4211744778120175671_95064'
  /home/youssef/Documents/chatwoot/app/views/api/v1/profiles/update.json.jbuilder:1:in '_app_views_api_v__profiles_update_json_jbuilder___1448129585958375111_97280'
  /home/youssef/Documents/chatwoot/app/controllers/concerns/request_exception_handler.rb:11:in 'RequestExceptionHandler#handle_with_exception'
  /home/youssef/Documents/chatwoot/app/controllers/concerns/switch_locale.rb:39:in 'SwitchLocale#set_locale'
  /home/youssef/Documents/chatwoot/app/controllers/concerns/switch_locale.rb:13:in 'SwitchLocale#switch_locale'

2025-06-19 03:09:52[WARN] user: youssef
PUT /api/v1/profile
USE eager loading detected
  AccountUser => [:custom_role]
  Add to your query: .includes([:custom_role])
Call stack
  /home/youssef/Documents/chatwoot/app/views/api/v1/models/_user.json.jbuilder:23:in 'block (2 levels) in _app_views_api_v__models__user_json_jbuilder__4211744778120175671_95064'
  /home/youssef/Documents/chatwoot/app/views/api/v1/models/_user.json.jbuilder:21:in 'block in _app_views_api_v__models__user_json_jbuilder__4211744778120175671_95064'
  /home/youssef/Documents/chatwoot/app/views/api/v1/models/_user.json.jbuilder:20:in '_app_views_api_v__models__user_json_jbuilder__4211744778120175671_95064'
  /home/youssef/Documents/chatwoot/app/views/api/v1/profiles/update.json.jbuilder:1:in '_app_views_api_v__profiles_update_json_jbuilder___1448129585958375111_97280'
  /home/youssef/Documents/chatwoot/app/controllers/concerns/request_exception_handler.rb:11:in 'RequestExceptionHandler#handle_with_exception'
  /home/youssef/Documents/chatwoot/app/controllers/concerns/switch_locale.rb:39:in 'SwitchLocale#set_locale'
  /home/youssef/Documents/chatwoot/app/controllers/concerns/switch_locale.rb:13:in 'SwitchLocale#switch_locale'

2025-06-19 03:09:53[WARN] user: youssef
PUT /api/v1/profile
USE eager loading detected
  AccountUser => [:account]
  Add to your query: .includes([:account])
Call stack
  /home/youssef/Documents/chatwoot/app/views/api/v1/models/_user.json.jbuilder:23:in 'block (2 levels) in _app_views_api_v__models__user_json_jbuilder__4211744778120175671_95064'
  /home/youssef/Documents/chatwoot/app/views/api/v1/models/_user.json.jbuilder:21:in 'block in _app_views_api_v__models__user_json_jbuilder__4211744778120175671_95064'
  /home/youssef/Documents/chatwoot/app/views/api/v1/models/_user.json.jbuilder:20:in '_app_views_api_v__models__user_json_jbuilder__4211744778120175671_95064'
  /home/youssef/Documents/chatwoot/app/views/api/v1/profiles/update.json.jbuilder:1:in '_app_views_api_v__profiles_update_json_jbuilder___1448129585958375111_97280'
  /home/youssef/Documents/chatwoot/app/controllers/concerns/request_exception_handler.rb:11:in 'RequestExceptionHandler#handle_with_exception'
  /home/youssef/Documents/chatwoot/app/controllers/concerns/switch_locale.rb:39:in 'SwitchLocale#set_locale'
  /home/youssef/Documents/chatwoot/app/controllers/concerns/switch_locale.rb:13:in 'SwitchLocale#switch_locale'

2025-06-19 03:09:53[WARN] user: youssef
PUT /api/v1/profile
USE eager loading detected
  AccountUser => [:custom_role]
  Add to your query: .includes([:custom_role])
Call stack
  /home/youssef/Documents/chatwoot/app/views/api/v1/models/_user.json.jbuilder:23:in 'block (2 levels) in _app_views_api_v__models__user_json_jbuilder__4211744778120175671_95064'
  /home/youssef/Documents/chatwoot/app/views/api/v1/models/_user.json.jbuilder:21:in 'block in _app_views_api_v__models__user_json_jbuilder__4211744778120175671_95064'
  /home/youssef/Documents/chatwoot/app/views/api/v1/models/_user.json.jbuilder:20:in '_app_views_api_v__models__user_json_jbuilder__4211744778120175671_95064'
  /home/youssef/Documents/chatwoot/app/views/api/v1/profiles/update.json.jbuilder:1:in '_app_views_api_v__profiles_update_json_jbuilder___1448129585958375111_97280'
  /home/youssef/Documents/chatwoot/app/controllers/concerns/request_exception_handler.rb:11:in 'RequestExceptionHandler#handle_with_exception'
  /home/youssef/Documents/chatwoot/app/controllers/concerns/switch_locale.rb:39:in 'SwitchLocale#set_locale'
  /home/youssef/Documents/chatwoot/app/controllers/concerns/switch_locale.rb:13:in 'SwitchLocale#switch_locale'

2025-06-19 03:09:54[WARN] user: youssef
GET /api/v1/accounts/1/contacts/5/contactable_inboxes
AVOID eager loading detected
  Contact => [:contact_inboxes]
  Remove from your query: .includes([:contact_inboxes])
Call stack
  /home/youssef/Documents/chatwoot/app/controllers/api/v1/accounts/contacts_controller.rb:187:in 'Api::V1::Accounts::ContactsController#fetch_contact'
  /home/youssef/Documents/chatwoot/app/controllers/concerns/switch_locale.rb:39:in 'SwitchLocale#set_locale'
  /home/youssef/Documents/chatwoot/app/controllers/concerns/switch_locale.rb:18:in 'SwitchLocale#switch_locale_using_account_locale'
  /home/youssef/Documents/chatwoot/app/controllers/concerns/request_exception_handler.rb:11:in 'RequestExceptionHandler#handle_with_exception'
  /home/youssef/Documents/chatwoot/app/controllers/concerns/switch_locale.rb:39:in 'SwitchLocale#set_locale'
  /home/youssef/Documents/chatwoot/app/controllers/concerns/switch_locale.rb:13:in 'SwitchLocale#switch_locale'

2025-06-19 03:09:54[WARN] user: youssef
GET /api/v1/accounts/1/contacts/5/contactable_inboxes
AVOID eager loading detected
  ContactInbox => [:inbox]
  Remove from your query: .includes([:inbox])
Call stack
  /home/youssef/Documents/chatwoot/app/controllers/api/v1/accounts/contacts_controller.rb:187:in 'Api::V1::Accounts::ContactsController#fetch_contact'
  /home/youssef/Documents/chatwoot/app/controllers/concerns/switch_locale.rb:39:in 'SwitchLocale#set_locale'
  /home/youssef/Documents/chatwoot/app/controllers/concerns/switch_locale.rb:18:in 'SwitchLocale#switch_locale_using_account_locale'
  /home/youssef/Documents/chatwoot/app/controllers/concerns/request_exception_handler.rb:11:in 'RequestExceptionHandler#handle_with_exception'
  /home/youssef/Documents/chatwoot/app/controllers/concerns/switch_locale.rb:39:in 'SwitchLocale#set_locale'
  /home/youssef/Documents/chatwoot/app/controllers/concerns/switch_locale.rb:13:in 'SwitchLocale#switch_locale'

2025-06-19 03:09:54[WARN] user: youssef
GET /api/v1/accounts/1/contacts/5?include_contact_inboxes=false
AVOID eager loading detected
  Contact => [:contact_inboxes]
  Remove from your query: .includes([:contact_inboxes])
Call stack
  /home/youssef/Documents/chatwoot/app/controllers/api/v1/accounts/contacts_controller.rb:187:in 'Api::V1::Accounts::ContactsController#fetch_contact'
  /home/youssef/Documents/chatwoot/app/controllers/concerns/switch_locale.rb:39:in 'SwitchLocale#set_locale'
  /home/youssef/Documents/chatwoot/app/controllers/concerns/switch_locale.rb:18:in 'SwitchLocale#switch_locale_using_account_locale'
  /home/youssef/Documents/chatwoot/app/controllers/concerns/request_exception_handler.rb:11:in 'RequestExceptionHandler#handle_with_exception'
  /home/youssef/Documents/chatwoot/app/controllers/concerns/switch_locale.rb:39:in 'SwitchLocale#set_locale'
  /home/youssef/Documents/chatwoot/app/controllers/concerns/switch_locale.rb:13:in 'SwitchLocale#switch_locale'

2025-06-19 03:09:54[WARN] user: youssef
GET /api/v1/accounts/1/contacts/5?include_contact_inboxes=false
AVOID eager loading detected
  ContactInbox => [:inbox]
  Remove from your query: .includes([:inbox])
Call stack
  /home/youssef/Documents/chatwoot/app/controllers/api/v1/accounts/contacts_controller.rb:187:in 'Api::V1::Accounts::ContactsController#fetch_contact'
  /home/youssef/Documents/chatwoot/app/controllers/concerns/switch_locale.rb:39:in 'SwitchLocale#set_locale'
  /home/youssef/Documents/chatwoot/app/controllers/concerns/switch_locale.rb:18:in 'SwitchLocale#switch_locale_using_account_locale'
  /home/youssef/Documents/chatwoot/app/controllers/concerns/request_exception_handler.rb:11:in 'RequestExceptionHandler#handle_with_exception'
  /home/youssef/Documents/chatwoot/app/controllers/concerns/switch_locale.rb:39:in 'SwitchLocale#set_locale'
  /home/youssef/Documents/chatwoot/app/controllers/concerns/switch_locale.rb:13:in 'SwitchLocale#switch_locale'

2025-06-19 03:10:05[WARN] user: youssef
GET /api/v1/accounts/1/contacts/2?include_contact_inboxes=false
AVOID eager loading detected
  Contact => [:contact_inboxes]
  Remove from your query: .includes([:contact_inboxes])
Call stack
  /home/youssef/Documents/chatwoot/app/controllers/api/v1/accounts/contacts_controller.rb:187:in 'Api::V1::Accounts::ContactsController#fetch_contact'
  /home/youssef/Documents/chatwoot/app/controllers/concerns/switch_locale.rb:39:in 'SwitchLocale#set_locale'
  /home/youssef/Documents/chatwoot/app/controllers/concerns/switch_locale.rb:18:in 'SwitchLocale#switch_locale_using_account_locale'
  /home/youssef/Documents/chatwoot/app/controllers/concerns/request_exception_handler.rb:11:in 'RequestExceptionHandler#handle_with_exception'
  /home/youssef/Documents/chatwoot/app/controllers/concerns/switch_locale.rb:39:in 'SwitchLocale#set_locale'
  /home/youssef/Documents/chatwoot/app/controllers/concerns/switch_locale.rb:13:in 'SwitchLocale#switch_locale'

2025-06-19 03:10:05[WARN] user: youssef
GET /api/v1/accounts/1/contacts/2?include_contact_inboxes=false
AVOID eager loading detected
  ContactInbox => [:inbox]
  Remove from your query: .includes([:inbox])
Call stack
  /home/youssef/Documents/chatwoot/app/controllers/api/v1/accounts/contacts_controller.rb:187:in 'Api::V1::Accounts::ContactsController#fetch_contact'
  /home/youssef/Documents/chatwoot/app/controllers/concerns/switch_locale.rb:39:in 'SwitchLocale#set_locale'
  /home/youssef/Documents/chatwoot/app/controllers/concerns/switch_locale.rb:18:in 'SwitchLocale#switch_locale_using_account_locale'
  /home/youssef/Documents/chatwoot/app/controllers/concerns/request_exception_handler.rb:11:in 'RequestExceptionHandler#handle_with_exception'
  /home/youssef/Documents/chatwoot/app/controllers/concerns/switch_locale.rb:39:in 'SwitchLocale#set_locale'
  /home/youssef/Documents/chatwoot/app/controllers/concerns/switch_locale.rb:13:in 'SwitchLocale#switch_locale'

2025-06-19 03:10:05[WARN] user: youssef
GET /api/v1/accounts/1/contacts/2/contactable_inboxes
AVOID eager loading detected
  Contact => [:contact_inboxes]
  Remove from your query: .includes([:contact_inboxes])
Call stack
  /home/youssef/Documents/chatwoot/app/controllers/api/v1/accounts/contacts_controller.rb:187:in 'Api::V1::Accounts::ContactsController#fetch_contact'
  /home/youssef/Documents/chatwoot/app/controllers/concerns/switch_locale.rb:39:in 'SwitchLocale#set_locale'
  /home/youssef/Documents/chatwoot/app/controllers/concerns/switch_locale.rb:18:in 'SwitchLocale#switch_locale_using_account_locale'
  /home/youssef/Documents/chatwoot/app/controllers/concerns/request_exception_handler.rb:11:in 'RequestExceptionHandler#handle_with_exception'
  /home/youssef/Documents/chatwoot/app/controllers/concerns/switch_locale.rb:39:in 'SwitchLocale#set_locale'
  /home/youssef/Documents/chatwoot/app/controllers/concerns/switch_locale.rb:13:in 'SwitchLocale#switch_locale'

2025-06-19 03:10:05[WARN] user: youssef
GET /api/v1/accounts/1/contacts/2/contactable_inboxes
AVOID eager loading detected
  ContactInbox => [:inbox]
  Remove from your query: .includes([:inbox])
Call stack
  /home/youssef/Documents/chatwoot/app/controllers/api/v1/accounts/contacts_controller.rb:187:in 'Api::V1::Accounts::ContactsController#fetch_contact'
  /home/youssef/Documents/chatwoot/app/controllers/concerns/switch_locale.rb:39:in 'SwitchLocale#set_locale'
  /home/youssef/Documents/chatwoot/app/controllers/concerns/switch_locale.rb:18:in 'SwitchLocale#switch_locale_using_account_locale'
  /home/youssef/Documents/chatwoot/app/controllers/concerns/request_exception_handler.rb:11:in 'RequestExceptionHandler#handle_with_exception'
  /home/youssef/Documents/chatwoot/app/controllers/concerns/switch_locale.rb:39:in 'SwitchLocale#set_locale'
  /home/youssef/Documents/chatwoot/app/controllers/concerns/switch_locale.rb:13:in 'SwitchLocale#switch_locale'

2025-06-19 03:10:29[WARN] user: youssef
GET /api/v1/accounts/1/contacts/5?include_contact_inboxes=false
AVOID eager loading detected
  Contact => [:contact_inboxes]
  Remove from your query: .includes([:contact_inboxes])
Call stack
  /home/youssef/Documents/chatwoot/app/controllers/api/v1/accounts/contacts_controller.rb:187:in 'Api::V1::Accounts::ContactsController#fetch_contact'
  /home/youssef/Documents/chatwoot/app/controllers/concerns/switch_locale.rb:39:in 'SwitchLocale#set_locale'
  /home/youssef/Documents/chatwoot/app/controllers/concerns/switch_locale.rb:18:in 'SwitchLocale#switch_locale_using_account_locale'
  /home/youssef/Documents/chatwoot/app/controllers/concerns/request_exception_handler.rb:11:in 'RequestExceptionHandler#handle_with_exception'
  /home/youssef/Documents/chatwoot/app/controllers/concerns/switch_locale.rb:39:in 'SwitchLocale#set_locale'
  /home/youssef/Documents/chatwoot/app/controllers/concerns/switch_locale.rb:13:in 'SwitchLocale#switch_locale'

2025-06-19 03:10:29[WARN] user: youssef
GET /api/v1/accounts/1/contacts/5?include_contact_inboxes=false
AVOID eager loading detected
  ContactInbox => [:inbox]
  Remove from your query: .includes([:inbox])
Call stack
  /home/youssef/Documents/chatwoot/app/controllers/api/v1/accounts/contacts_controller.rb:187:in 'Api::V1::Accounts::ContactsController#fetch_contact'
  /home/youssef/Documents/chatwoot/app/controllers/concerns/switch_locale.rb:39:in 'SwitchLocale#set_locale'
  /home/youssef/Documents/chatwoot/app/controllers/concerns/switch_locale.rb:18:in 'SwitchLocale#switch_locale_using_account_locale'
  /home/youssef/Documents/chatwoot/app/controllers/concerns/request_exception_handler.rb:11:in 'RequestExceptionHandler#handle_with_exception'
  /home/youssef/Documents/chatwoot/app/controllers/concerns/switch_locale.rb:39:in 'SwitchLocale#set_locale'
  /home/youssef/Documents/chatwoot/app/controllers/concerns/switch_locale.rb:13:in 'SwitchLocale#switch_locale'

2025-06-19 03:10:29[WARN] user: youssef
GET /api/v1/accounts/1/contacts/5/contactable_inboxes
AVOID eager loading detected
  Contact => [:contact_inboxes]
  Remove from your query: .includes([:contact_inboxes])
Call stack
  /home/youssef/Documents/chatwoot/app/controllers/api/v1/accounts/contacts_controller.rb:187:in 'Api::V1::Accounts::ContactsController#fetch_contact'
  /home/youssef/Documents/chatwoot/app/controllers/concerns/switch_locale.rb:39:in 'SwitchLocale#set_locale'
  /home/youssef/Documents/chatwoot/app/controllers/concerns/switch_locale.rb:18:in 'SwitchLocale#switch_locale_using_account_locale'
  /home/youssef/Documents/chatwoot/app/controllers/concerns/request_exception_handler.rb:11:in 'RequestExceptionHandler#handle_with_exception'
  /home/youssef/Documents/chatwoot/app/controllers/concerns/switch_locale.rb:39:in 'SwitchLocale#set_locale'
  /home/youssef/Documents/chatwoot/app/controllers/concerns/switch_locale.rb:13:in 'SwitchLocale#switch_locale'

2025-06-19 03:10:29[WARN] user: youssef
GET /api/v1/accounts/1/contacts/5/contactable_inboxes
AVOID eager loading detected
  ContactInbox => [:inbox]
  Remove from your query: .includes([:inbox])
Call stack
  /home/youssef/Documents/chatwoot/app/controllers/api/v1/accounts/contacts_controller.rb:187:in 'Api::V1::Accounts::ContactsController#fetch_contact'
  /home/youssef/Documents/chatwoot/app/controllers/concerns/switch_locale.rb:39:in 'SwitchLocale#set_locale'
  /home/youssef/Documents/chatwoot/app/controllers/concerns/switch_locale.rb:18:in 'SwitchLocale#switch_locale_using_account_locale'
  /home/youssef/Documents/chatwoot/app/controllers/concerns/request_exception_handler.rb:11:in 'RequestExceptionHandler#handle_with_exception'
  /home/youssef/Documents/chatwoot/app/controllers/concerns/switch_locale.rb:39:in 'SwitchLocale#set_locale'
  /home/youssef/Documents/chatwoot/app/controllers/concerns/switch_locale.rb:13:in 'SwitchLocale#switch_locale'

2025-06-19 03:10:54[WARN] user: youssef
GET /api/v1/accounts/1/contacts/2?include_contact_inboxes=false
AVOID eager loading detected
  Contact => [:contact_inboxes]
  Remove from your query: .includes([:contact_inboxes])
Call stack
  /home/youssef/Documents/chatwoot/app/controllers/api/v1/accounts/contacts_controller.rb:187:in 'Api::V1::Accounts::ContactsController#fetch_contact'
  /home/youssef/Documents/chatwoot/app/controllers/concerns/switch_locale.rb:39:in 'SwitchLocale#set_locale'
  /home/youssef/Documents/chatwoot/app/controllers/concerns/switch_locale.rb:18:in 'SwitchLocale#switch_locale_using_account_locale'
  /home/youssef/Documents/chatwoot/app/controllers/concerns/request_exception_handler.rb:11:in 'RequestExceptionHandler#handle_with_exception'
  /home/youssef/Documents/chatwoot/app/controllers/concerns/switch_locale.rb:39:in 'SwitchLocale#set_locale'
  /home/youssef/Documents/chatwoot/app/controllers/concerns/switch_locale.rb:13:in 'SwitchLocale#switch_locale'

2025-06-19 03:10:54[WARN] user: youssef
GET /api/v1/accounts/1/contacts/2?include_contact_inboxes=false
AVOID eager loading detected
  ContactInbox => [:inbox]
  Remove from your query: .includes([:inbox])
Call stack
  /home/youssef/Documents/chatwoot/app/controllers/api/v1/accounts/contacts_controller.rb:187:in 'Api::V1::Accounts::ContactsController#fetch_contact'
  /home/youssef/Documents/chatwoot/app/controllers/concerns/switch_locale.rb:39:in 'SwitchLocale#set_locale'
  /home/youssef/Documents/chatwoot/app/controllers/concerns/switch_locale.rb:18:in 'SwitchLocale#switch_locale_using_account_locale'
  /home/youssef/Documents/chatwoot/app/controllers/concerns/request_exception_handler.rb:11:in 'RequestExceptionHandler#handle_with_exception'
  /home/youssef/Documents/chatwoot/app/controllers/concerns/switch_locale.rb:39:in 'SwitchLocale#set_locale'
  /home/youssef/Documents/chatwoot/app/controllers/concerns/switch_locale.rb:13:in 'SwitchLocale#switch_locale'

2025-06-19 03:10:55[WARN] user: youssef
GET /api/v1/accounts/1/contacts/2/contactable_inboxes
AVOID eager loading detected
  Contact => [:contact_inboxes]
  Remove from your query: .includes([:contact_inboxes])
Call stack
  /home/youssef/Documents/chatwoot/app/controllers/api/v1/accounts/contacts_controller.rb:187:in 'Api::V1::Accounts::ContactsController#fetch_contact'
  /home/youssef/Documents/chatwoot/app/controllers/concerns/switch_locale.rb:39:in 'SwitchLocale#set_locale'
  /home/youssef/Documents/chatwoot/app/controllers/concerns/switch_locale.rb:18:in 'SwitchLocale#switch_locale_using_account_locale'
  /home/youssef/Documents/chatwoot/app/controllers/concerns/request_exception_handler.rb:11:in 'RequestExceptionHandler#handle_with_exception'
  /home/youssef/Documents/chatwoot/app/controllers/concerns/switch_locale.rb:39:in 'SwitchLocale#set_locale'
  /home/youssef/Documents/chatwoot/app/controllers/concerns/switch_locale.rb:13:in 'SwitchLocale#switch_locale'

2025-06-19 03:10:55[WARN] user: youssef
GET /api/v1/accounts/1/contacts/2/contactable_inboxes
AVOID eager loading detected
  ContactInbox => [:inbox]
  Remove from your query: .includes([:inbox])
Call stack
  /home/youssef/Documents/chatwoot/app/controllers/api/v1/accounts/contacts_controller.rb:187:in 'Api::V1::Accounts::ContactsController#fetch_contact'
  /home/youssef/Documents/chatwoot/app/controllers/concerns/switch_locale.rb:39:in 'SwitchLocale#set_locale'
  /home/youssef/Documents/chatwoot/app/controllers/concerns/switch_locale.rb:18:in 'SwitchLocale#switch_locale_using_account_locale'
  /home/youssef/Documents/chatwoot/app/controllers/concerns/request_exception_handler.rb:11:in 'RequestExceptionHandler#handle_with_exception'
  /home/youssef/Documents/chatwoot/app/controllers/concerns/switch_locale.rb:39:in 'SwitchLocale#set_locale'
  /home/youssef/Documents/chatwoot/app/controllers/concerns/switch_locale.rb:13:in 'SwitchLocale#switch_locale'

2025-06-19 03:10:56[WARN] user: youssef
GET /api/v1/accounts/1/contacts/5?include_contact_inboxes=false
AVOID eager loading detected
  Contact => [:contact_inboxes]
  Remove from your query: .includes([:contact_inboxes])
Call stack
  /home/youssef/Documents/chatwoot/app/controllers/api/v1/accounts/contacts_controller.rb:187:in 'Api::V1::Accounts::ContactsController#fetch_contact'
  /home/youssef/Documents/chatwoot/app/controllers/concerns/switch_locale.rb:39:in 'SwitchLocale#set_locale'
  /home/youssef/Documents/chatwoot/app/controllers/concerns/switch_locale.rb:18:in 'SwitchLocale#switch_locale_using_account_locale'
  /home/youssef/Documents/chatwoot/app/controllers/concerns/request_exception_handler.rb:11:in 'RequestExceptionHandler#handle_with_exception'
  /home/youssef/Documents/chatwoot/app/controllers/concerns/switch_locale.rb:39:in 'SwitchLocale#set_locale'
  /home/youssef/Documents/chatwoot/app/controllers/concerns/switch_locale.rb:13:in 'SwitchLocale#switch_locale'

2025-06-19 03:10:56[WARN] user: youssef
GET /api/v1/accounts/1/contacts/5?include_contact_inboxes=false
AVOID eager loading detected
  ContactInbox => [:inbox]
  Remove from your query: .includes([:inbox])
Call stack
  /home/youssef/Documents/chatwoot/app/controllers/api/v1/accounts/contacts_controller.rb:187:in 'Api::V1::Accounts::ContactsController#fetch_contact'
  /home/youssef/Documents/chatwoot/app/controllers/concerns/switch_locale.rb:39:in 'SwitchLocale#set_locale'
  /home/youssef/Documents/chatwoot/app/controllers/concerns/switch_locale.rb:18:in 'SwitchLocale#switch_locale_using_account_locale'
  /home/youssef/Documents/chatwoot/app/controllers/concerns/request_exception_handler.rb:11:in 'RequestExceptionHandler#handle_with_exception'
  /home/youssef/Documents/chatwoot/app/controllers/concerns/switch_locale.rb:39:in 'SwitchLocale#set_locale'
  /home/youssef/Documents/chatwoot/app/controllers/concerns/switch_locale.rb:13:in 'SwitchLocale#switch_locale'

2025-06-19 03:10:56[WARN] user: youssef
GET /api/v1/accounts/1/contacts/5/contactable_inboxes
AVOID eager loading detected
  Contact => [:contact_inboxes]
  Remove from your query: .includes([:contact_inboxes])
Call stack
  /home/youssef/Documents/chatwoot/app/controllers/api/v1/accounts/contacts_controller.rb:187:in 'Api::V1::Accounts::ContactsController#fetch_contact'
  /home/youssef/Documents/chatwoot/app/controllers/concerns/switch_locale.rb:39:in 'SwitchLocale#set_locale'
  /home/youssef/Documents/chatwoot/app/controllers/concerns/switch_locale.rb:18:in 'SwitchLocale#switch_locale_using_account_locale'
  /home/youssef/Documents/chatwoot/app/controllers/concerns/request_exception_handler.rb:11:in 'RequestExceptionHandler#handle_with_exception'
  /home/youssef/Documents/chatwoot/app/controllers/concerns/switch_locale.rb:39:in 'SwitchLocale#set_locale'
  /home/youssef/Documents/chatwoot/app/controllers/concerns/switch_locale.rb:13:in 'SwitchLocale#switch_locale'

2025-06-19 03:10:56[WARN] user: youssef
GET /api/v1/accounts/1/contacts/5/contactable_inboxes
AVOID eager loading detected
  ContactInbox => [:inbox]
  Remove from your query: .includes([:inbox])
Call stack
  /home/youssef/Documents/chatwoot/app/controllers/api/v1/accounts/contacts_controller.rb:187:in 'Api::V1::Accounts::ContactsController#fetch_contact'
  /home/youssef/Documents/chatwoot/app/controllers/concerns/switch_locale.rb:39:in 'SwitchLocale#set_locale'
  /home/youssef/Documents/chatwoot/app/controllers/concerns/switch_locale.rb:18:in 'SwitchLocale#switch_locale_using_account_locale'
  /home/youssef/Documents/chatwoot/app/controllers/concerns/request_exception_handler.rb:11:in 'RequestExceptionHandler#handle_with_exception'
  /home/youssef/Documents/chatwoot/app/controllers/concerns/switch_locale.rb:39:in 'SwitchLocale#set_locale'
  /home/youssef/Documents/chatwoot/app/controllers/concerns/switch_locale.rb:13:in 'SwitchLocale#switch_locale'

2025-06-19 03:11:03[WARN] user: youssef
GET /api/v1/accounts/1/conversations?status=open&assignee_type=me&page=1&sort_by=last_activity_at_desc
AVOID eager loading detected
  Conversation => [:taggings]
  Remove from your query: .includes([:taggings])
Call stack
  /home/youssef/Documents/chatwoot/app/views/api/v1/accounts/conversations/index.json.jbuilder:9:in 'block (2 levels) in _app_views_api_v__accounts_conversations_index_json_jbuilder__3222264830352282956_92768'
  /home/youssef/Documents/chatwoot/app/views/api/v1/accounts/conversations/index.json.jbuilder:8:in 'block in _app_views_api_v__accounts_conversations_index_json_jbuilder__3222264830352282956_92768'
  /home/youssef/Documents/chatwoot/app/views/api/v1/accounts/conversations/index.json.jbuilder:1:in '_app_views_api_v__accounts_conversations_index_json_jbuilder__3222264830352282956_92768'
  /home/youssef/Documents/chatwoot/app/controllers/concerns/switch_locale.rb:39:in 'SwitchLocale#set_locale'
  /home/youssef/Documents/chatwoot/app/controllers/concerns/switch_locale.rb:18:in 'SwitchLocale#switch_locale_using_account_locale'
  /home/youssef/Documents/chatwoot/app/controllers/concerns/request_exception_handler.rb:11:in 'RequestExceptionHandler#handle_with_exception'
  /home/youssef/Documents/chatwoot/app/controllers/concerns/switch_locale.rb:39:in 'SwitchLocale#set_locale'
  /home/youssef/Documents/chatwoot/app/controllers/concerns/switch_locale.rb:13:in 'SwitchLocale#switch_locale'

2025-06-19 03:11:04[WARN] user: youssef
GET /api/v1/accounts/1/conversations?status=open&assignee_type=all&page=1&sort_by=last_activity_at_desc
AVOID eager loading detected
  Conversation => [:taggings]
  Remove from your query: .includes([:taggings])
Call stack
  /home/youssef/Documents/chatwoot/app/views/api/v1/accounts/conversations/index.json.jbuilder:9:in 'block (2 levels) in _app_views_api_v__accounts_conversations_index_json_jbuilder__3222264830352282956_92768'
  /home/youssef/Documents/chatwoot/app/views/api/v1/accounts/conversations/index.json.jbuilder:8:in 'block in _app_views_api_v__accounts_conversations_index_json_jbuilder__3222264830352282956_92768'
  /home/youssef/Documents/chatwoot/app/views/api/v1/accounts/conversations/index.json.jbuilder:1:in '_app_views_api_v__accounts_conversations_index_json_jbuilder__3222264830352282956_92768'
  /home/youssef/Documents/chatwoot/app/controllers/concerns/switch_locale.rb:39:in 'SwitchLocale#set_locale'
  /home/youssef/Documents/chatwoot/app/controllers/concerns/switch_locale.rb:18:in 'SwitchLocale#switch_locale_using_account_locale'
  /home/youssef/Documents/chatwoot/app/controllers/concerns/request_exception_handler.rb:11:in 'RequestExceptionHandler#handle_with_exception'
  /home/youssef/Documents/chatwoot/app/controllers/concerns/switch_locale.rb:39:in 'SwitchLocale#set_locale'
  /home/youssef/Documents/chatwoot/app/controllers/concerns/switch_locale.rb:13:in 'SwitchLocale#switch_locale'

2025-06-19 03:11:05[WARN] user: youssef
GET /api/v1/accounts/1/conversations?status=open&assignee_type=all&page=1&sort_by=last_activity_at_desc
AVOID eager loading detected
  Conversation => [:taggings]
  Remove from your query: .includes([:taggings])
Call stack
  /home/youssef/Documents/chatwoot/app/views/api/v1/accounts/conversations/index.json.jbuilder:9:in 'block (2 levels) in _app_views_api_v__accounts_conversations_index_json_jbuilder__3222264830352282956_92768'
  /home/youssef/Documents/chatwoot/app/views/api/v1/accounts/conversations/index.json.jbuilder:8:in 'block in _app_views_api_v__accounts_conversations_index_json_jbuilder__3222264830352282956_92768'
  /home/youssef/Documents/chatwoot/app/views/api/v1/accounts/conversations/index.json.jbuilder:1:in '_app_views_api_v__accounts_conversations_index_json_jbuilder__3222264830352282956_92768'
  /home/youssef/Documents/chatwoot/app/controllers/concerns/switch_locale.rb:39:in 'SwitchLocale#set_locale'
  /home/youssef/Documents/chatwoot/app/controllers/concerns/switch_locale.rb:18:in 'SwitchLocale#switch_locale_using_account_locale'
  /home/youssef/Documents/chatwoot/app/controllers/concerns/request_exception_handler.rb:11:in 'RequestExceptionHandler#handle_with_exception'
  /home/youssef/Documents/chatwoot/app/controllers/concerns/switch_locale.rb:39:in 'SwitchLocale#set_locale'
  /home/youssef/Documents/chatwoot/app/controllers/concerns/switch_locale.rb:13:in 'SwitchLocale#switch_locale'

2025-06-19 03:11:06[WARN] user: youssef
GET /api/v1/accounts/1/contacts/5/contactable_inboxes
AVOID eager loading detected
  Contact => [:contact_inboxes]
  Remove from your query: .includes([:contact_inboxes])
Call stack
  /home/youssef/Documents/chatwoot/app/controllers/api/v1/accounts/contacts_controller.rb:187:in 'Api::V1::Accounts::ContactsController#fetch_contact'
  /home/youssef/Documents/chatwoot/app/controllers/concerns/switch_locale.rb:39:in 'SwitchLocale#set_locale'
  /home/youssef/Documents/chatwoot/app/controllers/concerns/switch_locale.rb:18:in 'SwitchLocale#switch_locale_using_account_locale'
  /home/youssef/Documents/chatwoot/app/controllers/concerns/request_exception_handler.rb:11:in 'RequestExceptionHandler#handle_with_exception'
  /home/youssef/Documents/chatwoot/app/controllers/concerns/switch_locale.rb:39:in 'SwitchLocale#set_locale'
  /home/youssef/Documents/chatwoot/app/controllers/concerns/switch_locale.rb:13:in 'SwitchLocale#switch_locale'

2025-06-19 03:11:06[WARN] user: youssef
GET /api/v1/accounts/1/contacts/5/contactable_inboxes
AVOID eager loading detected
  ContactInbox => [:inbox]
  Remove from your query: .includes([:inbox])
Call stack
  /home/youssef/Documents/chatwoot/app/controllers/api/v1/accounts/contacts_controller.rb:187:in 'Api::V1::Accounts::ContactsController#fetch_contact'
  /home/youssef/Documents/chatwoot/app/controllers/concerns/switch_locale.rb:39:in 'SwitchLocale#set_locale'
  /home/youssef/Documents/chatwoot/app/controllers/concerns/switch_locale.rb:18:in 'SwitchLocale#switch_locale_using_account_locale'
  /home/youssef/Documents/chatwoot/app/controllers/concerns/request_exception_handler.rb:11:in 'RequestExceptionHandler#handle_with_exception'
  /home/youssef/Documents/chatwoot/app/controllers/concerns/switch_locale.rb:39:in 'SwitchLocale#set_locale'
  /home/youssef/Documents/chatwoot/app/controllers/concerns/switch_locale.rb:13:in 'SwitchLocale#switch_locale'

2025-06-19 03:11:07[WARN] user: youssef
GET /api/v1/accounts/1/contacts/5?include_contact_inboxes=false
AVOID eager loading detected
  Contact => [:contact_inboxes]
  Remove from your query: .includes([:contact_inboxes])
Call stack
  /home/youssef/Documents/chatwoot/app/controllers/api/v1/accounts/contacts_controller.rb:187:in 'Api::V1::Accounts::ContactsController#fetch_contact'
  /home/youssef/Documents/chatwoot/app/controllers/concerns/switch_locale.rb:39:in 'SwitchLocale#set_locale'
  /home/youssef/Documents/chatwoot/app/controllers/concerns/switch_locale.rb:18:in 'SwitchLocale#switch_locale_using_account_locale'
  /home/youssef/Documents/chatwoot/app/controllers/concerns/request_exception_handler.rb:11:in 'RequestExceptionHandler#handle_with_exception'
  /home/youssef/Documents/chatwoot/app/controllers/concerns/switch_locale.rb:39:in 'SwitchLocale#set_locale'
  /home/youssef/Documents/chatwoot/app/controllers/concerns/switch_locale.rb:13:in 'SwitchLocale#switch_locale'

2025-06-19 03:11:07[WARN] user: youssef
GET /api/v1/accounts/1/contacts/5?include_contact_inboxes=false
AVOID eager loading detected
  ContactInbox => [:inbox]
  Remove from your query: .includes([:inbox])
Call stack
  /home/youssef/Documents/chatwoot/app/controllers/api/v1/accounts/contacts_controller.rb:187:in 'Api::V1::Accounts::ContactsController#fetch_contact'
  /home/youssef/Documents/chatwoot/app/controllers/concerns/switch_locale.rb:39:in 'SwitchLocale#set_locale'
  /home/youssef/Documents/chatwoot/app/controllers/concerns/switch_locale.rb:18:in 'SwitchLocale#switch_locale_using_account_locale'
  /home/youssef/Documents/chatwoot/app/controllers/concerns/request_exception_handler.rb:11:in 'RequestExceptionHandler#handle_with_exception'
  /home/youssef/Documents/chatwoot/app/controllers/concerns/switch_locale.rb:39:in 'SwitchLocale#set_locale'
  /home/youssef/Documents/chatwoot/app/controllers/concerns/switch_locale.rb:13:in 'SwitchLocale#switch_locale'

2025-06-19 03:11:09[WARN] user: youssef
GET /api/v1/accounts/1/contacts/2?include_contact_inboxes=false
AVOID eager loading detected
  Contact => [:contact_inboxes]
  Remove from your query: .includes([:contact_inboxes])
Call stack
  /home/youssef/Documents/chatwoot/app/controllers/api/v1/accounts/contacts_controller.rb:187:in 'Api::V1::Accounts::ContactsController#fetch_contact'
  /home/youssef/Documents/chatwoot/app/controllers/concerns/switch_locale.rb:39:in 'SwitchLocale#set_locale'
  /home/youssef/Documents/chatwoot/app/controllers/concerns/switch_locale.rb:18:in 'SwitchLocale#switch_locale_using_account_locale'
  /home/youssef/Documents/chatwoot/app/controllers/concerns/request_exception_handler.rb:11:in 'RequestExceptionHandler#handle_with_exception'
  /home/youssef/Documents/chatwoot/app/controllers/concerns/switch_locale.rb:39:in 'SwitchLocale#set_locale'
  /home/youssef/Documents/chatwoot/app/controllers/concerns/switch_locale.rb:13:in 'SwitchLocale#switch_locale'

2025-06-19 03:11:09[WARN] user: youssef
GET /api/v1/accounts/1/contacts/2?include_contact_inboxes=false
AVOID eager loading detected
  ContactInbox => [:inbox]
  Remove from your query: .includes([:inbox])
Call stack
  /home/youssef/Documents/chatwoot/app/controllers/api/v1/accounts/contacts_controller.rb:187:in 'Api::V1::Accounts::ContactsController#fetch_contact'
  /home/youssef/Documents/chatwoot/app/controllers/concerns/switch_locale.rb:39:in 'SwitchLocale#set_locale'
  /home/youssef/Documents/chatwoot/app/controllers/concerns/switch_locale.rb:18:in 'SwitchLocale#switch_locale_using_account_locale'
  /home/youssef/Documents/chatwoot/app/controllers/concerns/request_exception_handler.rb:11:in 'RequestExceptionHandler#handle_with_exception'
  /home/youssef/Documents/chatwoot/app/controllers/concerns/switch_locale.rb:39:in 'SwitchLocale#set_locale'
  /home/youssef/Documents/chatwoot/app/controllers/concerns/switch_locale.rb:13:in 'SwitchLocale#switch_locale'

2025-06-19 03:11:09[WARN] user: youssef
GET /api/v1/accounts/1/contacts/2/contactable_inboxes
AVOID eager loading detected
  Contact => [:contact_inboxes]
  Remove from your query: .includes([:contact_inboxes])
Call stack
  /home/youssef/Documents/chatwoot/app/controllers/api/v1/accounts/contacts_controller.rb:187:in 'Api::V1::Accounts::ContactsController#fetch_contact'
  /home/youssef/Documents/chatwoot/app/controllers/concerns/switch_locale.rb:39:in 'SwitchLocale#set_locale'
  /home/youssef/Documents/chatwoot/app/controllers/concerns/switch_locale.rb:18:in 'SwitchLocale#switch_locale_using_account_locale'
  /home/youssef/Documents/chatwoot/app/controllers/concerns/request_exception_handler.rb:11:in 'RequestExceptionHandler#handle_with_exception'
  /home/youssef/Documents/chatwoot/app/controllers/concerns/switch_locale.rb:39:in 'SwitchLocale#set_locale'
  /home/youssef/Documents/chatwoot/app/controllers/concerns/switch_locale.rb:13:in 'SwitchLocale#switch_locale'

2025-06-19 03:11:09[WARN] user: youssef
GET /api/v1/accounts/1/contacts/2/contactable_inboxes
AVOID eager loading detected
  ContactInbox => [:inbox]
  Remove from your query: .includes([:inbox])
Call stack
  /home/youssef/Documents/chatwoot/app/controllers/api/v1/accounts/contacts_controller.rb:187:in 'Api::V1::Accounts::ContactsController#fetch_contact'
  /home/youssef/Documents/chatwoot/app/controllers/concerns/switch_locale.rb:39:in 'SwitchLocale#set_locale'
  /home/youssef/Documents/chatwoot/app/controllers/concerns/switch_locale.rb:18:in 'SwitchLocale#switch_locale_using_account_locale'
  /home/youssef/Documents/chatwoot/app/controllers/concerns/request_exception_handler.rb:11:in 'RequestExceptionHandler#handle_with_exception'
  /home/youssef/Documents/chatwoot/app/controllers/concerns/switch_locale.rb:39:in 'SwitchLocale#set_locale'
  /home/youssef/Documents/chatwoot/app/controllers/concerns/switch_locale.rb:13:in 'SwitchLocale#switch_locale'

2025-06-19 03:17:49[WARN] user: youssef
GET /auth/validate_token
USE eager loading detected
  AccountUser => [:account]
  Add to your query: .includes([:account])
Call stack
  /home/youssef/Documents/chatwoot/app/views/api/v1/models/_user.json.jbuilder:23:in 'block (2 levels) in _app_views_api_v__models__user_json_jbuilder__2989358026111774009_94720'
  /home/youssef/Documents/chatwoot/app/views/api/v1/models/_user.json.jbuilder:21:in 'block in _app_views_api_v__models__user_json_jbuilder__2989358026111774009_94720'
  /home/youssef/Documents/chatwoot/app/views/api/v1/models/_user.json.jbuilder:20:in '_app_views_api_v__models__user_json_jbuilder__2989358026111774009_94720'
  /home/youssef/Documents/chatwoot/app/views/devise/_auth.json.jbuilder:2:in 'block in _app_views_devise__auth_json_jbuilder___2127846301160302963_94712'
  /home/youssef/Documents/chatwoot/app/views/devise/_auth.json.jbuilder:1:in '_app_views_devise__auth_json_jbuilder___2127846301160302963_94712'
  /home/youssef/Documents/chatwoot/app/views/devise/token.json.jbuilder:3:in 'block in _app_views_devise_token_json_jbuilder__852674819577227499_94704'
  /home/youssef/Documents/chatwoot/app/views/devise/token.json.jbuilder:1:in '_app_views_devise_token_json_jbuilder__852674819577227499_94704'
  /home/youssef/Documents/chatwoot/app/controllers/devise_overrides/token_validations_controller.rb:5:in 'DeviseOverrides::TokenValidationsController#validate_token'
  /home/youssef/Documents/chatwoot/app/controllers/concerns/switch_locale.rb:39:in 'SwitchLocale#set_locale'
  /home/youssef/Documents/chatwoot/app/controllers/concerns/switch_locale.rb:13:in 'SwitchLocale#switch_locale'

2025-06-19 03:17:49[WARN] user: youssef
GET /auth/validate_token
USE eager loading detected
  AccountUser => [:custom_role]
  Add to your query: .includes([:custom_role])
Call stack
  /home/youssef/Documents/chatwoot/app/views/api/v1/models/_user.json.jbuilder:23:in 'block (2 levels) in _app_views_api_v__models__user_json_jbuilder__2989358026111774009_94720'
  /home/youssef/Documents/chatwoot/app/views/api/v1/models/_user.json.jbuilder:21:in 'block in _app_views_api_v__models__user_json_jbuilder__2989358026111774009_94720'
  /home/youssef/Documents/chatwoot/app/views/api/v1/models/_user.json.jbuilder:20:in '_app_views_api_v__models__user_json_jbuilder__2989358026111774009_94720'
  /home/youssef/Documents/chatwoot/app/views/devise/_auth.json.jbuilder:2:in 'block in _app_views_devise__auth_json_jbuilder___2127846301160302963_94712'
  /home/youssef/Documents/chatwoot/app/views/devise/_auth.json.jbuilder:1:in '_app_views_devise__auth_json_jbuilder___2127846301160302963_94712'
  /home/youssef/Documents/chatwoot/app/views/devise/token.json.jbuilder:3:in 'block in _app_views_devise_token_json_jbuilder__852674819577227499_94704'
  /home/youssef/Documents/chatwoot/app/views/devise/token.json.jbuilder:1:in '_app_views_devise_token_json_jbuilder__852674819577227499_94704'
  /home/youssef/Documents/chatwoot/app/controllers/devise_overrides/token_validations_controller.rb:5:in 'DeviseOverrides::TokenValidationsController#validate_token'
  /home/youssef/Documents/chatwoot/app/controllers/concerns/switch_locale.rb:39:in 'SwitchLocale#set_locale'
  /home/youssef/Documents/chatwoot/app/controllers/concerns/switch_locale.rb:13:in 'SwitchLocale#switch_locale'

2025-06-19 03:18:03[WARN] user: youssef
PUT /api/v1/profile
USE eager loading detected
  AccountUser => [:account]
  Add to your query: .includes([:account])
Call stack
  /home/youssef/Documents/chatwoot/app/views/api/v1/models/_user.json.jbuilder:23:in 'block (2 levels) in _app_views_api_v__models__user_json_jbuilder__2989358026111774009_94720'
  /home/youssef/Documents/chatwoot/app/views/api/v1/models/_user.json.jbuilder:21:in 'block in _app_views_api_v__models__user_json_jbuilder__2989358026111774009_94720'
  /home/youssef/Documents/chatwoot/app/views/api/v1/models/_user.json.jbuilder:20:in '_app_views_api_v__models__user_json_jbuilder__2989358026111774009_94720'
  /home/youssef/Documents/chatwoot/app/views/api/v1/profiles/update.json.jbuilder:1:in '_app_views_api_v__profiles_update_json_jbuilder__3933029402487629702_96608'
  /home/youssef/Documents/chatwoot/app/controllers/concerns/request_exception_handler.rb:11:in 'RequestExceptionHandler#handle_with_exception'
  /home/youssef/Documents/chatwoot/app/controllers/concerns/switch_locale.rb:39:in 'SwitchLocale#set_locale'
  /home/youssef/Documents/chatwoot/app/controllers/concerns/switch_locale.rb:13:in 'SwitchLocale#switch_locale'

2025-06-19 03:18:03[WARN] user: youssef
PUT /api/v1/profile
USE eager loading detected
  AccountUser => [:custom_role]
  Add to your query: .includes([:custom_role])
Call stack
  /home/youssef/Documents/chatwoot/app/views/api/v1/models/_user.json.jbuilder:23:in 'block (2 levels) in _app_views_api_v__models__user_json_jbuilder__2989358026111774009_94720'
  /home/youssef/Documents/chatwoot/app/views/api/v1/models/_user.json.jbuilder:21:in 'block in _app_views_api_v__models__user_json_jbuilder__2989358026111774009_94720'
  /home/youssef/Documents/chatwoot/app/views/api/v1/models/_user.json.jbuilder:20:in '_app_views_api_v__models__user_json_jbuilder__2989358026111774009_94720'
  /home/youssef/Documents/chatwoot/app/views/api/v1/profiles/update.json.jbuilder:1:in '_app_views_api_v__profiles_update_json_jbuilder__3933029402487629702_96608'
  /home/youssef/Documents/chatwoot/app/controllers/concerns/request_exception_handler.rb:11:in 'RequestExceptionHandler#handle_with_exception'
  /home/youssef/Documents/chatwoot/app/controllers/concerns/switch_locale.rb:39:in 'SwitchLocale#set_locale'
  /home/youssef/Documents/chatwoot/app/controllers/concerns/switch_locale.rb:13:in 'SwitchLocale#switch_locale'

2025-06-19 03:18:06[WARN] user: youssef
GET /api/v1/accounts/1/conversations?status=open&assignee_type=me&page=1&sort_by=last_activity_at_desc
AVOID eager loading detected
  Conversation => [:taggings]
  Remove from your query: .includes([:taggings])
Call stack
  /home/youssef/Documents/chatwoot/app/views/api/v1/accounts/conversations/index.json.jbuilder:9:in 'block (2 levels) in _app_views_api_v__accounts_conversations_index_json_jbuilder___3588530244420740140_96176'
  /home/youssef/Documents/chatwoot/app/views/api/v1/accounts/conversations/index.json.jbuilder:8:in 'block in _app_views_api_v__accounts_conversations_index_json_jbuilder___3588530244420740140_96176'
  /home/youssef/Documents/chatwoot/app/views/api/v1/accounts/conversations/index.json.jbuilder:1:in '_app_views_api_v__accounts_conversations_index_json_jbuilder___3588530244420740140_96176'
  /home/youssef/Documents/chatwoot/app/controllers/concerns/switch_locale.rb:39:in 'SwitchLocale#set_locale'
  /home/youssef/Documents/chatwoot/app/controllers/concerns/switch_locale.rb:18:in 'SwitchLocale#switch_locale_using_account_locale'
  /home/youssef/Documents/chatwoot/app/controllers/concerns/request_exception_handler.rb:11:in 'RequestExceptionHandler#handle_with_exception'
  /home/youssef/Documents/chatwoot/app/controllers/concerns/switch_locale.rb:39:in 'SwitchLocale#set_locale'
  /home/youssef/Documents/chatwoot/app/controllers/concerns/switch_locale.rb:13:in 'SwitchLocale#switch_locale'

2025-06-19 03:18:06[WARN] user: youssef
GET /api/v1/accounts/1/conversations?status=open&assignee_type=all&page=1&sort_by=last_activity_at_desc
AVOID eager loading detected
  Conversation => [:taggings]
  Remove from your query: .includes([:taggings])
Call stack
  /home/youssef/Documents/chatwoot/app/views/api/v1/accounts/conversations/index.json.jbuilder:9:in 'block (2 levels) in _app_views_api_v__accounts_conversations_index_json_jbuilder___3588530244420740140_96176'
  /home/youssef/Documents/chatwoot/app/views/api/v1/accounts/conversations/index.json.jbuilder:8:in 'block in _app_views_api_v__accounts_conversations_index_json_jbuilder___3588530244420740140_96176'
  /home/youssef/Documents/chatwoot/app/views/api/v1/accounts/conversations/index.json.jbuilder:1:in '_app_views_api_v__accounts_conversations_index_json_jbuilder___3588530244420740140_96176'
  /home/youssef/Documents/chatwoot/app/controllers/concerns/switch_locale.rb:39:in 'SwitchLocale#set_locale'
  /home/youssef/Documents/chatwoot/app/controllers/concerns/switch_locale.rb:18:in 'SwitchLocale#switch_locale_using_account_locale'
  /home/youssef/Documents/chatwoot/app/controllers/concerns/request_exception_handler.rb:11:in 'RequestExceptionHandler#handle_with_exception'
  /home/youssef/Documents/chatwoot/app/controllers/concerns/switch_locale.rb:39:in 'SwitchLocale#set_locale'
  /home/youssef/Documents/chatwoot/app/controllers/concerns/switch_locale.rb:13:in 'SwitchLocale#switch_locale'

2025-06-19 03:18:07[WARN] user: youssef
GET /api/v1/accounts/1/contacts/2/contactable_inboxes
AVOID eager loading detected
  Contact => [:contact_inboxes]
  Remove from your query: .includes([:contact_inboxes])
Call stack
  /home/youssef/Documents/chatwoot/app/controllers/api/v1/accounts/contacts_controller.rb:187:in 'Api::V1::Accounts::ContactsController#fetch_contact'
  /home/youssef/Documents/chatwoot/app/controllers/concerns/switch_locale.rb:39:in 'SwitchLocale#set_locale'
  /home/youssef/Documents/chatwoot/app/controllers/concerns/switch_locale.rb:18:in 'SwitchLocale#switch_locale_using_account_locale'
  /home/youssef/Documents/chatwoot/app/controllers/concerns/request_exception_handler.rb:11:in 'RequestExceptionHandler#handle_with_exception'
  /home/youssef/Documents/chatwoot/app/controllers/concerns/switch_locale.rb:39:in 'SwitchLocale#set_locale'
  /home/youssef/Documents/chatwoot/app/controllers/concerns/switch_locale.rb:13:in 'SwitchLocale#switch_locale'

2025-06-19 03:18:07[WARN] user: youssef
GET /api/v1/accounts/1/contacts/2/contactable_inboxes
AVOID eager loading detected
  ContactInbox => [:inbox]
  Remove from your query: .includes([:inbox])
Call stack
  /home/youssef/Documents/chatwoot/app/controllers/api/v1/accounts/contacts_controller.rb:187:in 'Api::V1::Accounts::ContactsController#fetch_contact'
  /home/youssef/Documents/chatwoot/app/controllers/concerns/switch_locale.rb:39:in 'SwitchLocale#set_locale'
  /home/youssef/Documents/chatwoot/app/controllers/concerns/switch_locale.rb:18:in 'SwitchLocale#switch_locale_using_account_locale'
  /home/youssef/Documents/chatwoot/app/controllers/concerns/request_exception_handler.rb:11:in 'RequestExceptionHandler#handle_with_exception'
  /home/youssef/Documents/chatwoot/app/controllers/concerns/switch_locale.rb:39:in 'SwitchLocale#set_locale'
  /home/youssef/Documents/chatwoot/app/controllers/concerns/switch_locale.rb:13:in 'SwitchLocale#switch_locale'

2025-06-19 03:18:08[WARN] user: youssef
GET /api/v1/accounts/1/contacts/2?include_contact_inboxes=false
AVOID eager loading detected
  Contact => [:contact_inboxes]
  Remove from your query: .includes([:contact_inboxes])
Call stack
  /home/youssef/Documents/chatwoot/app/controllers/api/v1/accounts/contacts_controller.rb:187:in 'Api::V1::Accounts::ContactsController#fetch_contact'
  /home/youssef/Documents/chatwoot/app/controllers/concerns/switch_locale.rb:39:in 'SwitchLocale#set_locale'
  /home/youssef/Documents/chatwoot/app/controllers/concerns/switch_locale.rb:18:in 'SwitchLocale#switch_locale_using_account_locale'
  /home/youssef/Documents/chatwoot/app/controllers/concerns/request_exception_handler.rb:11:in 'RequestExceptionHandler#handle_with_exception'
  /home/youssef/Documents/chatwoot/app/controllers/concerns/switch_locale.rb:39:in 'SwitchLocale#set_locale'
  /home/youssef/Documents/chatwoot/app/controllers/concerns/switch_locale.rb:13:in 'SwitchLocale#switch_locale'

2025-06-19 03:18:08[WARN] user: youssef
GET /api/v1/accounts/1/contacts/2?include_contact_inboxes=false
AVOID eager loading detected
  ContactInbox => [:inbox]
  Remove from your query: .includes([:inbox])
Call stack
  /home/youssef/Documents/chatwoot/app/controllers/api/v1/accounts/contacts_controller.rb:187:in 'Api::V1::Accounts::ContactsController#fetch_contact'
  /home/youssef/Documents/chatwoot/app/controllers/concerns/switch_locale.rb:39:in 'SwitchLocale#set_locale'
  /home/youssef/Documents/chatwoot/app/controllers/concerns/switch_locale.rb:18:in 'SwitchLocale#switch_locale_using_account_locale'
  /home/youssef/Documents/chatwoot/app/controllers/concerns/request_exception_handler.rb:11:in 'RequestExceptionHandler#handle_with_exception'
  /home/youssef/Documents/chatwoot/app/controllers/concerns/switch_locale.rb:39:in 'SwitchLocale#set_locale'
  /home/youssef/Documents/chatwoot/app/controllers/concerns/switch_locale.rb:13:in 'SwitchLocale#switch_locale'

2025-06-19 03:18:48[WARN] user: youssef
GET /api/v1/accounts/1/contacts/5?include_contact_inboxes=false
AVOID eager loading detected
  Contact => [:contact_inboxes]
  Remove from your query: .includes([:contact_inboxes])
Call stack
  /home/youssef/Documents/chatwoot/app/controllers/api/v1/accounts/contacts_controller.rb:187:in 'Api::V1::Accounts::ContactsController#fetch_contact'
  /home/youssef/Documents/chatwoot/app/controllers/concerns/switch_locale.rb:39:in 'SwitchLocale#set_locale'
  /home/youssef/Documents/chatwoot/app/controllers/concerns/switch_locale.rb:18:in 'SwitchLocale#switch_locale_using_account_locale'
  /home/youssef/Documents/chatwoot/app/controllers/concerns/request_exception_handler.rb:11:in 'RequestExceptionHandler#handle_with_exception'
  /home/youssef/Documents/chatwoot/app/controllers/concerns/switch_locale.rb:39:in 'SwitchLocale#set_locale'
  /home/youssef/Documents/chatwoot/app/controllers/concerns/switch_locale.rb:13:in 'SwitchLocale#switch_locale'

2025-06-19 03:18:48[WARN] user: youssef
GET /api/v1/accounts/1/contacts/5?include_contact_inboxes=false
AVOID eager loading detected
  ContactInbox => [:inbox]
  Remove from your query: .includes([:inbox])
Call stack
  /home/youssef/Documents/chatwoot/app/controllers/api/v1/accounts/contacts_controller.rb:187:in 'Api::V1::Accounts::ContactsController#fetch_contact'
  /home/youssef/Documents/chatwoot/app/controllers/concerns/switch_locale.rb:39:in 'SwitchLocale#set_locale'
  /home/youssef/Documents/chatwoot/app/controllers/concerns/switch_locale.rb:18:in 'SwitchLocale#switch_locale_using_account_locale'
  /home/youssef/Documents/chatwoot/app/controllers/concerns/request_exception_handler.rb:11:in 'RequestExceptionHandler#handle_with_exception'
  /home/youssef/Documents/chatwoot/app/controllers/concerns/switch_locale.rb:39:in 'SwitchLocale#set_locale'
  /home/youssef/Documents/chatwoot/app/controllers/concerns/switch_locale.rb:13:in 'SwitchLocale#switch_locale'

2025-06-19 03:18:48[WARN] user: youssef
GET /api/v1/accounts/1/contacts/5/contactable_inboxes
AVOID eager loading detected
  Contact => [:contact_inboxes]
  Remove from your query: .includes([:contact_inboxes])
Call stack
  /home/youssef/Documents/chatwoot/app/controllers/api/v1/accounts/contacts_controller.rb:187:in 'Api::V1::Accounts::ContactsController#fetch_contact'
  /home/youssef/Documents/chatwoot/app/controllers/concerns/switch_locale.rb:39:in 'SwitchLocale#set_locale'
  /home/youssef/Documents/chatwoot/app/controllers/concerns/switch_locale.rb:18:in 'SwitchLocale#switch_locale_using_account_locale'
  /home/youssef/Documents/chatwoot/app/controllers/concerns/request_exception_handler.rb:11:in 'RequestExceptionHandler#handle_with_exception'
  /home/youssef/Documents/chatwoot/app/controllers/concerns/switch_locale.rb:39:in 'SwitchLocale#set_locale'
  /home/youssef/Documents/chatwoot/app/controllers/concerns/switch_locale.rb:13:in 'SwitchLocale#switch_locale'

2025-06-19 03:18:48[WARN] user: youssef
GET /api/v1/accounts/1/contacts/5/contactable_inboxes
AVOID eager loading detected
  ContactInbox => [:inbox]
  Remove from your query: .includes([:inbox])
Call stack
  /home/youssef/Documents/chatwoot/app/controllers/api/v1/accounts/contacts_controller.rb:187:in 'Api::V1::Accounts::ContactsController#fetch_contact'
  /home/youssef/Documents/chatwoot/app/controllers/concerns/switch_locale.rb:39:in 'SwitchLocale#set_locale'
  /home/youssef/Documents/chatwoot/app/controllers/concerns/switch_locale.rb:18:in 'SwitchLocale#switch_locale_using_account_locale'
  /home/youssef/Documents/chatwoot/app/controllers/concerns/request_exception_handler.rb:11:in 'RequestExceptionHandler#handle_with_exception'
  /home/youssef/Documents/chatwoot/app/controllers/concerns/switch_locale.rb:39:in 'SwitchLocale#set_locale'
  /home/youssef/Documents/chatwoot/app/controllers/concerns/switch_locale.rb:13:in 'SwitchLocale#switch_locale'

2025-06-19 03:20:56[WARN] user: youssef
GET /api/v1/accounts/1/contacts/2?include_contact_inboxes=false
AVOID eager loading detected
  Contact => [:contact_inboxes]
  Remove from your query: .includes([:contact_inboxes])
Call stack
  /home/youssef/Documents/chatwoot/app/controllers/api/v1/accounts/contacts_controller.rb:187:in 'Api::V1::Accounts::ContactsController#fetch_contact'
  /home/youssef/Documents/chatwoot/app/controllers/concerns/switch_locale.rb:39:in 'SwitchLocale#set_locale'
  /home/youssef/Documents/chatwoot/app/controllers/concerns/switch_locale.rb:18:in 'SwitchLocale#switch_locale_using_account_locale'
  /home/youssef/Documents/chatwoot/app/controllers/concerns/request_exception_handler.rb:11:in 'RequestExceptionHandler#handle_with_exception'
  /home/youssef/Documents/chatwoot/app/controllers/concerns/switch_locale.rb:39:in 'SwitchLocale#set_locale'
  /home/youssef/Documents/chatwoot/app/controllers/concerns/switch_locale.rb:13:in 'SwitchLocale#switch_locale'

2025-06-19 03:20:56[WARN] user: youssef
GET /api/v1/accounts/1/contacts/2?include_contact_inboxes=false
AVOID eager loading detected
  ContactInbox => [:inbox]
  Remove from your query: .includes([:inbox])
Call stack
  /home/youssef/Documents/chatwoot/app/controllers/api/v1/accounts/contacts_controller.rb:187:in 'Api::V1::Accounts::ContactsController#fetch_contact'
  /home/youssef/Documents/chatwoot/app/controllers/concerns/switch_locale.rb:39:in 'SwitchLocale#set_locale'
  /home/youssef/Documents/chatwoot/app/controllers/concerns/switch_locale.rb:18:in 'SwitchLocale#switch_locale_using_account_locale'
  /home/youssef/Documents/chatwoot/app/controllers/concerns/request_exception_handler.rb:11:in 'RequestExceptionHandler#handle_with_exception'
  /home/youssef/Documents/chatwoot/app/controllers/concerns/switch_locale.rb:39:in 'SwitchLocale#set_locale'
  /home/youssef/Documents/chatwoot/app/controllers/concerns/switch_locale.rb:13:in 'SwitchLocale#switch_locale'

2025-06-19 03:20:56[WARN] user: youssef
GET /api/v1/accounts/1/contacts/2/contactable_inboxes
AVOID eager loading detected
  Contact => [:contact_inboxes]
  Remove from your query: .includes([:contact_inboxes])
Call stack
  /home/youssef/Documents/chatwoot/app/controllers/api/v1/accounts/contacts_controller.rb:187:in 'Api::V1::Accounts::ContactsController#fetch_contact'
  /home/youssef/Documents/chatwoot/app/controllers/concerns/switch_locale.rb:39:in 'SwitchLocale#set_locale'
  /home/youssef/Documents/chatwoot/app/controllers/concerns/switch_locale.rb:18:in 'SwitchLocale#switch_locale_using_account_locale'
  /home/youssef/Documents/chatwoot/app/controllers/concerns/request_exception_handler.rb:11:in 'RequestExceptionHandler#handle_with_exception'
  /home/youssef/Documents/chatwoot/app/controllers/concerns/switch_locale.rb:39:in 'SwitchLocale#set_locale'
  /home/youssef/Documents/chatwoot/app/controllers/concerns/switch_locale.rb:13:in 'SwitchLocale#switch_locale'

2025-06-19 03:20:56[WARN] user: youssef
GET /api/v1/accounts/1/contacts/2/contactable_inboxes
AVOID eager loading detected
  ContactInbox => [:inbox]
  Remove from your query: .includes([:inbox])
Call stack
  /home/youssef/Documents/chatwoot/app/controllers/api/v1/accounts/contacts_controller.rb:187:in 'Api::V1::Accounts::ContactsController#fetch_contact'
  /home/youssef/Documents/chatwoot/app/controllers/concerns/switch_locale.rb:39:in 'SwitchLocale#set_locale'
  /home/youssef/Documents/chatwoot/app/controllers/concerns/switch_locale.rb:18:in 'SwitchLocale#switch_locale_using_account_locale'
  /home/youssef/Documents/chatwoot/app/controllers/concerns/request_exception_handler.rb:11:in 'RequestExceptionHandler#handle_with_exception'
  /home/youssef/Documents/chatwoot/app/controllers/concerns/switch_locale.rb:39:in 'SwitchLocale#set_locale'
  /home/youssef/Documents/chatwoot/app/controllers/concerns/switch_locale.rb:13:in 'SwitchLocale#switch_locale'

2025-06-19 03:21:05[WARN] user: youssef
GET /api/v1/accounts/1/contacts/5?include_contact_inboxes=false
AVOID eager loading detected
  Contact => [:contact_inboxes]
  Remove from your query: .includes([:contact_inboxes])
Call stack
  /home/youssef/Documents/chatwoot/app/controllers/api/v1/accounts/contacts_controller.rb:187:in 'Api::V1::Accounts::ContactsController#fetch_contact'
  /home/youssef/Documents/chatwoot/app/controllers/concerns/switch_locale.rb:39:in 'SwitchLocale#set_locale'
  /home/youssef/Documents/chatwoot/app/controllers/concerns/switch_locale.rb:18:in 'SwitchLocale#switch_locale_using_account_locale'
  /home/youssef/Documents/chatwoot/app/controllers/concerns/request_exception_handler.rb:11:in 'RequestExceptionHandler#handle_with_exception'
  /home/youssef/Documents/chatwoot/app/controllers/concerns/switch_locale.rb:39:in 'SwitchLocale#set_locale'
  /home/youssef/Documents/chatwoot/app/controllers/concerns/switch_locale.rb:13:in 'SwitchLocale#switch_locale'

2025-06-19 03:21:05[WARN] user: youssef
GET /api/v1/accounts/1/contacts/5?include_contact_inboxes=false
AVOID eager loading detected
  ContactInbox => [:inbox]
  Remove from your query: .includes([:inbox])
Call stack
  /home/youssef/Documents/chatwoot/app/controllers/api/v1/accounts/contacts_controller.rb:187:in 'Api::V1::Accounts::ContactsController#fetch_contact'
  /home/youssef/Documents/chatwoot/app/controllers/concerns/switch_locale.rb:39:in 'SwitchLocale#set_locale'
  /home/youssef/Documents/chatwoot/app/controllers/concerns/switch_locale.rb:18:in 'SwitchLocale#switch_locale_using_account_locale'
  /home/youssef/Documents/chatwoot/app/controllers/concerns/request_exception_handler.rb:11:in 'RequestExceptionHandler#handle_with_exception'
  /home/youssef/Documents/chatwoot/app/controllers/concerns/switch_locale.rb:39:in 'SwitchLocale#set_locale'
  /home/youssef/Documents/chatwoot/app/controllers/concerns/switch_locale.rb:13:in 'SwitchLocale#switch_locale'

2025-06-19 03:21:05[WARN] user: youssef
GET /api/v1/accounts/1/contacts/5/contactable_inboxes
AVOID eager loading detected
  Contact => [:contact_inboxes]
  Remove from your query: .includes([:contact_inboxes])
Call stack
  /home/youssef/Documents/chatwoot/app/controllers/api/v1/accounts/contacts_controller.rb:187:in 'Api::V1::Accounts::ContactsController#fetch_contact'
  /home/youssef/Documents/chatwoot/app/controllers/concerns/switch_locale.rb:39:in 'SwitchLocale#set_locale'
  /home/youssef/Documents/chatwoot/app/controllers/concerns/switch_locale.rb:18:in 'SwitchLocale#switch_locale_using_account_locale'
  /home/youssef/Documents/chatwoot/app/controllers/concerns/request_exception_handler.rb:11:in 'RequestExceptionHandler#handle_with_exception'
  /home/youssef/Documents/chatwoot/app/controllers/concerns/switch_locale.rb:39:in 'SwitchLocale#set_locale'
  /home/youssef/Documents/chatwoot/app/controllers/concerns/switch_locale.rb:13:in 'SwitchLocale#switch_locale'

2025-06-19 03:21:05[WARN] user: youssef
GET /api/v1/accounts/1/contacts/5/contactable_inboxes
AVOID eager loading detected
  ContactInbox => [:inbox]
  Remove from your query: .includes([:inbox])
Call stack
  /home/youssef/Documents/chatwoot/app/controllers/api/v1/accounts/contacts_controller.rb:187:in 'Api::V1::Accounts::ContactsController#fetch_contact'
  /home/youssef/Documents/chatwoot/app/controllers/concerns/switch_locale.rb:39:in 'SwitchLocale#set_locale'
  /home/youssef/Documents/chatwoot/app/controllers/concerns/switch_locale.rb:18:in 'SwitchLocale#switch_locale_using_account_locale'
  /home/youssef/Documents/chatwoot/app/controllers/concerns/request_exception_handler.rb:11:in 'RequestExceptionHandler#handle_with_exception'
  /home/youssef/Documents/chatwoot/app/controllers/concerns/switch_locale.rb:39:in 'SwitchLocale#set_locale'
  /home/youssef/Documents/chatwoot/app/controllers/concerns/switch_locale.rb:13:in 'SwitchLocale#switch_locale'

2025-06-19 08:52:47[WARN] user: youssef
GET /auth/validate_token
USE eager loading detected
  AccountUser => [:account]
  Add to your query: .includes([:account])
Call stack
  /home/youssef/Documents/chatwoot/app/views/api/v1/models/_user.json.jbuilder:23:in 'block (2 levels) in _app_views_api_v__models__user_json_jbuilder__2989358026111774009_94720'
  /home/youssef/Documents/chatwoot/app/views/api/v1/models/_user.json.jbuilder:21:in 'block in _app_views_api_v__models__user_json_jbuilder__2989358026111774009_94720'
  /home/youssef/Documents/chatwoot/app/views/api/v1/models/_user.json.jbuilder:20:in '_app_views_api_v__models__user_json_jbuilder__2989358026111774009_94720'
  /home/youssef/Documents/chatwoot/app/views/devise/_auth.json.jbuilder:2:in 'block in _app_views_devise__auth_json_jbuilder___2127846301160302963_94712'
  /home/youssef/Documents/chatwoot/app/views/devise/_auth.json.jbuilder:1:in '_app_views_devise__auth_json_jbuilder___2127846301160302963_94712'
  /home/youssef/Documents/chatwoot/app/views/devise/token.json.jbuilder:3:in 'block in _app_views_devise_token_json_jbuilder__852674819577227499_94704'
  /home/youssef/Documents/chatwoot/app/views/devise/token.json.jbuilder:1:in '_app_views_devise_token_json_jbuilder__852674819577227499_94704'
  /home/youssef/Documents/chatwoot/app/controllers/devise_overrides/token_validations_controller.rb:5:in 'DeviseOverrides::TokenValidationsController#validate_token'
  /home/youssef/Documents/chatwoot/app/controllers/concerns/switch_locale.rb:39:in 'SwitchLocale#set_locale'
  /home/youssef/Documents/chatwoot/app/controllers/concerns/switch_locale.rb:13:in 'SwitchLocale#switch_locale'

2025-06-19 08:52:47[WARN] user: youssef
GET /auth/validate_token
USE eager loading detected
  AccountUser => [:custom_role]
  Add to your query: .includes([:custom_role])
Call stack
  /home/youssef/Documents/chatwoot/app/views/api/v1/models/_user.json.jbuilder:23:in 'block (2 levels) in _app_views_api_v__models__user_json_jbuilder__2989358026111774009_94720'
  /home/youssef/Documents/chatwoot/app/views/api/v1/models/_user.json.jbuilder:21:in 'block in _app_views_api_v__models__user_json_jbuilder__2989358026111774009_94720'
  /home/youssef/Documents/chatwoot/app/views/api/v1/models/_user.json.jbuilder:20:in '_app_views_api_v__models__user_json_jbuilder__2989358026111774009_94720'
  /home/youssef/Documents/chatwoot/app/views/devise/_auth.json.jbuilder:2:in 'block in _app_views_devise__auth_json_jbuilder___2127846301160302963_94712'
  /home/youssef/Documents/chatwoot/app/views/devise/_auth.json.jbuilder:1:in '_app_views_devise__auth_json_jbuilder___2127846301160302963_94712'
  /home/youssef/Documents/chatwoot/app/views/devise/token.json.jbuilder:3:in 'block in _app_views_devise_token_json_jbuilder__852674819577227499_94704'
  /home/youssef/Documents/chatwoot/app/views/devise/token.json.jbuilder:1:in '_app_views_devise_token_json_jbuilder__852674819577227499_94704'
  /home/youssef/Documents/chatwoot/app/controllers/devise_overrides/token_validations_controller.rb:5:in 'DeviseOverrides::TokenValidationsController#validate_token'
  /home/youssef/Documents/chatwoot/app/controllers/concerns/switch_locale.rb:39:in 'SwitchLocale#set_locale'
  /home/youssef/Documents/chatwoot/app/controllers/concerns/switch_locale.rb:13:in 'SwitchLocale#switch_locale'

2025-06-19 08:52:48[WARN] user: youssef
GET /api/v1/accounts/1/conversations?status=open&assignee_type=me&page=1&sort_by=last_activity_at_desc
AVOID eager loading detected
  Conversation => [:taggings]
  Remove from your query: .includes([:taggings])
Call stack
  /home/youssef/Documents/chatwoot/app/views/api/v1/accounts/conversations/index.json.jbuilder:9:in 'block (2 levels) in _app_views_api_v__accounts_conversations_index_json_jbuilder___3588530244420740140_96176'
  /home/youssef/Documents/chatwoot/app/views/api/v1/accounts/conversations/index.json.jbuilder:8:in 'block in _app_views_api_v__accounts_conversations_index_json_jbuilder___3588530244420740140_96176'
  /home/youssef/Documents/chatwoot/app/views/api/v1/accounts/conversations/index.json.jbuilder:1:in '_app_views_api_v__accounts_conversations_index_json_jbuilder___3588530244420740140_96176'
  /home/youssef/Documents/chatwoot/app/controllers/concerns/switch_locale.rb:39:in 'SwitchLocale#set_locale'
  /home/youssef/Documents/chatwoot/app/controllers/concerns/switch_locale.rb:18:in 'SwitchLocale#switch_locale_using_account_locale'
  /home/youssef/Documents/chatwoot/app/controllers/concerns/request_exception_handler.rb:11:in 'RequestExceptionHandler#handle_with_exception'
  /home/youssef/Documents/chatwoot/app/controllers/concerns/switch_locale.rb:39:in 'SwitchLocale#set_locale'
  /home/youssef/Documents/chatwoot/app/controllers/concerns/switch_locale.rb:13:in 'SwitchLocale#switch_locale'

2025-06-19 08:52:48[WARN] user: youssef
GET /api/v1/accounts/1/contacts/5/contactable_inboxes
AVOID eager loading detected
  Contact => [:contact_inboxes]
  Remove from your query: .includes([:contact_inboxes])
Call stack
  /home/youssef/Documents/chatwoot/app/controllers/api/v1/accounts/contacts_controller.rb:187:in 'Api::V1::Accounts::ContactsController#fetch_contact'
  /home/youssef/Documents/chatwoot/app/controllers/concerns/switch_locale.rb:39:in 'SwitchLocale#set_locale'
  /home/youssef/Documents/chatwoot/app/controllers/concerns/switch_locale.rb:18:in 'SwitchLocale#switch_locale_using_account_locale'
  /home/youssef/Documents/chatwoot/app/controllers/concerns/request_exception_handler.rb:11:in 'RequestExceptionHandler#handle_with_exception'
  /home/youssef/Documents/chatwoot/app/controllers/concerns/switch_locale.rb:39:in 'SwitchLocale#set_locale'
  /home/youssef/Documents/chatwoot/app/controllers/concerns/switch_locale.rb:13:in 'SwitchLocale#switch_locale'

2025-06-19 08:52:48[WARN] user: youssef
GET /api/v1/accounts/1/contacts/5/contactable_inboxes
AVOID eager loading detected
  ContactInbox => [:inbox]
  Remove from your query: .includes([:inbox])
Call stack
  /home/youssef/Documents/chatwoot/app/controllers/api/v1/accounts/contacts_controller.rb:187:in 'Api::V1::Accounts::ContactsController#fetch_contact'
  /home/youssef/Documents/chatwoot/app/controllers/concerns/switch_locale.rb:39:in 'SwitchLocale#set_locale'
  /home/youssef/Documents/chatwoot/app/controllers/concerns/switch_locale.rb:18:in 'SwitchLocale#switch_locale_using_account_locale'
  /home/youssef/Documents/chatwoot/app/controllers/concerns/request_exception_handler.rb:11:in 'RequestExceptionHandler#handle_with_exception'
  /home/youssef/Documents/chatwoot/app/controllers/concerns/switch_locale.rb:39:in 'SwitchLocale#set_locale'
  /home/youssef/Documents/chatwoot/app/controllers/concerns/switch_locale.rb:13:in 'SwitchLocale#switch_locale'

2025-06-19 08:52:48[WARN] user: youssef
GET /api/v1/accounts/1/contacts/5?include_contact_inboxes=false
AVOID eager loading detected
  Contact => [:contact_inboxes]
  Remove from your query: .includes([:contact_inboxes])
Call stack
  /home/youssef/Documents/chatwoot/app/controllers/api/v1/accounts/contacts_controller.rb:187:in 'Api::V1::Accounts::ContactsController#fetch_contact'
  /home/youssef/Documents/chatwoot/app/controllers/concerns/switch_locale.rb:39:in 'SwitchLocale#set_locale'
  /home/youssef/Documents/chatwoot/app/controllers/concerns/switch_locale.rb:18:in 'SwitchLocale#switch_locale_using_account_locale'
  /home/youssef/Documents/chatwoot/app/controllers/concerns/request_exception_handler.rb:11:in 'RequestExceptionHandler#handle_with_exception'
  /home/youssef/Documents/chatwoot/app/controllers/concerns/switch_locale.rb:39:in 'SwitchLocale#set_locale'
  /home/youssef/Documents/chatwoot/app/controllers/concerns/switch_locale.rb:13:in 'SwitchLocale#switch_locale'

2025-06-19 08:52:48[WARN] user: youssef
GET /api/v1/accounts/1/contacts/5?include_contact_inboxes=false
AVOID eager loading detected
  ContactInbox => [:inbox]
  Remove from your query: .includes([:inbox])
Call stack
  /home/youssef/Documents/chatwoot/app/controllers/api/v1/accounts/contacts_controller.rb:187:in 'Api::V1::Accounts::ContactsController#fetch_contact'
  /home/youssef/Documents/chatwoot/app/controllers/concerns/switch_locale.rb:39:in 'SwitchLocale#set_locale'
  /home/youssef/Documents/chatwoot/app/controllers/concerns/switch_locale.rb:18:in 'SwitchLocale#switch_locale_using_account_locale'
  /home/youssef/Documents/chatwoot/app/controllers/concerns/request_exception_handler.rb:11:in 'RequestExceptionHandler#handle_with_exception'
  /home/youssef/Documents/chatwoot/app/controllers/concerns/switch_locale.rb:39:in 'SwitchLocale#set_locale'
  /home/youssef/Documents/chatwoot/app/controllers/concerns/switch_locale.rb:13:in 'SwitchLocale#switch_locale'

2025-06-19 08:52:49[WARN] user: youssef
PUT /api/v1/profile
USE eager loading detected
  AccountUser => [:account]
  Add to your query: .includes([:account])
Call stack
  /home/youssef/Documents/chatwoot/app/views/api/v1/models/_user.json.jbuilder:23:in 'block (2 levels) in _app_views_api_v__models__user_json_jbuilder__2989358026111774009_94720'
  /home/youssef/Documents/chatwoot/app/views/api/v1/models/_user.json.jbuilder:21:in 'block in _app_views_api_v__models__user_json_jbuilder__2989358026111774009_94720'
  /home/youssef/Documents/chatwoot/app/views/api/v1/models/_user.json.jbuilder:20:in '_app_views_api_v__models__user_json_jbuilder__2989358026111774009_94720'
  /home/youssef/Documents/chatwoot/app/views/api/v1/profiles/update.json.jbuilder:1:in '_app_views_api_v__profiles_update_json_jbuilder__3933029402487629702_96608'
  /home/youssef/Documents/chatwoot/app/controllers/concerns/request_exception_handler.rb:11:in 'RequestExceptionHandler#handle_with_exception'
  /home/youssef/Documents/chatwoot/app/controllers/concerns/switch_locale.rb:39:in 'SwitchLocale#set_locale'
  /home/youssef/Documents/chatwoot/app/controllers/concerns/switch_locale.rb:13:in 'SwitchLocale#switch_locale'

2025-06-19 08:52:49[WARN] user: youssef
PUT /api/v1/profile
USE eager loading detected
  AccountUser => [:custom_role]
  Add to your query: .includes([:custom_role])
Call stack
  /home/youssef/Documents/chatwoot/app/views/api/v1/models/_user.json.jbuilder:23:in 'block (2 levels) in _app_views_api_v__models__user_json_jbuilder__2989358026111774009_94720'
  /home/youssef/Documents/chatwoot/app/views/api/v1/models/_user.json.jbuilder:21:in 'block in _app_views_api_v__models__user_json_jbuilder__2989358026111774009_94720'
  /home/youssef/Documents/chatwoot/app/views/api/v1/models/_user.json.jbuilder:20:in '_app_views_api_v__models__user_json_jbuilder__2989358026111774009_94720'
  /home/youssef/Documents/chatwoot/app/views/api/v1/profiles/update.json.jbuilder:1:in '_app_views_api_v__profiles_update_json_jbuilder__3933029402487629702_96608'
  /home/youssef/Documents/chatwoot/app/controllers/concerns/request_exception_handler.rb:11:in 'RequestExceptionHandler#handle_with_exception'
  /home/youssef/Documents/chatwoot/app/controllers/concerns/switch_locale.rb:39:in 'SwitchLocale#set_locale'
  /home/youssef/Documents/chatwoot/app/controllers/concerns/switch_locale.rb:13:in 'SwitchLocale#switch_locale'

2025-06-19 08:59:50[WARN] user: youssef
GET /auth/validate_token
USE eager loading detected
  AccountUser => [:account]
  Add to your query: .includes([:account])
Call stack
  /home/youssef/Documents/chatwoot/app/views/api/v1/models/_user.json.jbuilder:23:in 'block (2 levels) in _app_views_api_v__models__user_json_jbuilder__2989358026111774009_94720'
  /home/youssef/Documents/chatwoot/app/views/api/v1/models/_user.json.jbuilder:21:in 'block in _app_views_api_v__models__user_json_jbuilder__2989358026111774009_94720'
  /home/youssef/Documents/chatwoot/app/views/api/v1/models/_user.json.jbuilder:20:in '_app_views_api_v__models__user_json_jbuilder__2989358026111774009_94720'
  /home/youssef/Documents/chatwoot/app/views/devise/_auth.json.jbuilder:2:in 'block in _app_views_devise__auth_json_jbuilder___2127846301160302963_94712'
  /home/youssef/Documents/chatwoot/app/views/devise/_auth.json.jbuilder:1:in '_app_views_devise__auth_json_jbuilder___2127846301160302963_94712'
  /home/youssef/Documents/chatwoot/app/views/devise/token.json.jbuilder:3:in 'block in _app_views_devise_token_json_jbuilder__852674819577227499_94704'
  /home/youssef/Documents/chatwoot/app/views/devise/token.json.jbuilder:1:in '_app_views_devise_token_json_jbuilder__852674819577227499_94704'
  /home/youssef/Documents/chatwoot/app/controllers/devise_overrides/token_validations_controller.rb:5:in 'DeviseOverrides::TokenValidationsController#validate_token'
  /home/youssef/Documents/chatwoot/app/controllers/concerns/switch_locale.rb:39:in 'SwitchLocale#set_locale'
  /home/youssef/Documents/chatwoot/app/controllers/concerns/switch_locale.rb:13:in 'SwitchLocale#switch_locale'

2025-06-19 08:59:50[WARN] user: youssef
GET /auth/validate_token
USE eager loading detected
  AccountUser => [:custom_role]
  Add to your query: .includes([:custom_role])
Call stack
  /home/youssef/Documents/chatwoot/app/views/api/v1/models/_user.json.jbuilder:23:in 'block (2 levels) in _app_views_api_v__models__user_json_jbuilder__2989358026111774009_94720'
  /home/youssef/Documents/chatwoot/app/views/api/v1/models/_user.json.jbuilder:21:in 'block in _app_views_api_v__models__user_json_jbuilder__2989358026111774009_94720'
  /home/youssef/Documents/chatwoot/app/views/api/v1/models/_user.json.jbuilder:20:in '_app_views_api_v__models__user_json_jbuilder__2989358026111774009_94720'
  /home/youssef/Documents/chatwoot/app/views/devise/_auth.json.jbuilder:2:in 'block in _app_views_devise__auth_json_jbuilder___2127846301160302963_94712'
  /home/youssef/Documents/chatwoot/app/views/devise/_auth.json.jbuilder:1:in '_app_views_devise__auth_json_jbuilder___2127846301160302963_94712'
  /home/youssef/Documents/chatwoot/app/views/devise/token.json.jbuilder:3:in 'block in _app_views_devise_token_json_jbuilder__852674819577227499_94704'
  /home/youssef/Documents/chatwoot/app/views/devise/token.json.jbuilder:1:in '_app_views_devise_token_json_jbuilder__852674819577227499_94704'
  /home/youssef/Documents/chatwoot/app/controllers/devise_overrides/token_validations_controller.rb:5:in 'DeviseOverrides::TokenValidationsController#validate_token'
  /home/youssef/Documents/chatwoot/app/controllers/concerns/switch_locale.rb:39:in 'SwitchLocale#set_locale'
  /home/youssef/Documents/chatwoot/app/controllers/concerns/switch_locale.rb:13:in 'SwitchLocale#switch_locale'

2025-06-19 08:59:51[WARN] user: youssef
GET /api/v1/accounts/1/conversations?status=open&assignee_type=me&page=1&sort_by=last_activity_at_desc
AVOID eager loading detected
  Conversation => [:taggings]
  Remove from your query: .includes([:taggings])
Call stack
  /home/youssef/Documents/chatwoot/app/views/api/v1/accounts/conversations/index.json.jbuilder:9:in 'block (2 levels) in _app_views_api_v__accounts_conversations_index_json_jbuilder___3588530244420740140_96176'
  /home/youssef/Documents/chatwoot/app/views/api/v1/accounts/conversations/index.json.jbuilder:8:in 'block in _app_views_api_v__accounts_conversations_index_json_jbuilder___3588530244420740140_96176'
  /home/youssef/Documents/chatwoot/app/views/api/v1/accounts/conversations/index.json.jbuilder:1:in '_app_views_api_v__accounts_conversations_index_json_jbuilder___3588530244420740140_96176'
  /home/youssef/Documents/chatwoot/app/controllers/concerns/switch_locale.rb:39:in 'SwitchLocale#set_locale'
  /home/youssef/Documents/chatwoot/app/controllers/concerns/switch_locale.rb:18:in 'SwitchLocale#switch_locale_using_account_locale'
  /home/youssef/Documents/chatwoot/app/controllers/concerns/request_exception_handler.rb:11:in 'RequestExceptionHandler#handle_with_exception'
  /home/youssef/Documents/chatwoot/app/controllers/concerns/switch_locale.rb:39:in 'SwitchLocale#set_locale'
  /home/youssef/Documents/chatwoot/app/controllers/concerns/switch_locale.rb:13:in 'SwitchLocale#switch_locale'

2025-06-19 08:59:51[WARN] user: youssef
GET /api/v1/accounts/1/contacts/5/contactable_inboxes
AVOID eager loading detected
  Contact => [:contact_inboxes]
  Remove from your query: .includes([:contact_inboxes])
Call stack
  /home/youssef/Documents/chatwoot/app/controllers/api/v1/accounts/contacts_controller.rb:187:in 'Api::V1::Accounts::ContactsController#fetch_contact'
  /home/youssef/Documents/chatwoot/app/controllers/concerns/switch_locale.rb:39:in 'SwitchLocale#set_locale'
  /home/youssef/Documents/chatwoot/app/controllers/concerns/switch_locale.rb:18:in 'SwitchLocale#switch_locale_using_account_locale'
  /home/youssef/Documents/chatwoot/app/controllers/concerns/request_exception_handler.rb:11:in 'RequestExceptionHandler#handle_with_exception'
  /home/youssef/Documents/chatwoot/app/controllers/concerns/switch_locale.rb:39:in 'SwitchLocale#set_locale'
  /home/youssef/Documents/chatwoot/app/controllers/concerns/switch_locale.rb:13:in 'SwitchLocale#switch_locale'

2025-06-19 08:59:51[WARN] user: youssef
GET /api/v1/accounts/1/contacts/5/contactable_inboxes
AVOID eager loading detected
  ContactInbox => [:inbox]
  Remove from your query: .includes([:inbox])
Call stack
  /home/youssef/Documents/chatwoot/app/controllers/api/v1/accounts/contacts_controller.rb:187:in 'Api::V1::Accounts::ContactsController#fetch_contact'
  /home/youssef/Documents/chatwoot/app/controllers/concerns/switch_locale.rb:39:in 'SwitchLocale#set_locale'
  /home/youssef/Documents/chatwoot/app/controllers/concerns/switch_locale.rb:18:in 'SwitchLocale#switch_locale_using_account_locale'
  /home/youssef/Documents/chatwoot/app/controllers/concerns/request_exception_handler.rb:11:in 'RequestExceptionHandler#handle_with_exception'
  /home/youssef/Documents/chatwoot/app/controllers/concerns/switch_locale.rb:39:in 'SwitchLocale#set_locale'
  /home/youssef/Documents/chatwoot/app/controllers/concerns/switch_locale.rb:13:in 'SwitchLocale#switch_locale'

2025-06-19 08:59:51[WARN] user: youssef
GET /api/v1/accounts/1/contacts/5?include_contact_inboxes=false
AVOID eager loading detected
  Contact => [:contact_inboxes]
  Remove from your query: .includes([:contact_inboxes])
Call stack
  /home/youssef/Documents/chatwoot/app/controllers/api/v1/accounts/contacts_controller.rb:187:in 'Api::V1::Accounts::ContactsController#fetch_contact'
  /home/youssef/Documents/chatwoot/app/controllers/concerns/switch_locale.rb:39:in 'SwitchLocale#set_locale'
  /home/youssef/Documents/chatwoot/app/controllers/concerns/switch_locale.rb:18:in 'SwitchLocale#switch_locale_using_account_locale'
  /home/youssef/Documents/chatwoot/app/controllers/concerns/request_exception_handler.rb:11:in 'RequestExceptionHandler#handle_with_exception'
  /home/youssef/Documents/chatwoot/app/controllers/concerns/switch_locale.rb:39:in 'SwitchLocale#set_locale'
  /home/youssef/Documents/chatwoot/app/controllers/concerns/switch_locale.rb:13:in 'SwitchLocale#switch_locale'

2025-06-19 08:59:51[WARN] user: youssef
GET /api/v1/accounts/1/contacts/5?include_contact_inboxes=false
AVOID eager loading detected
  ContactInbox => [:inbox]
  Remove from your query: .includes([:inbox])
Call stack
  /home/youssef/Documents/chatwoot/app/controllers/api/v1/accounts/contacts_controller.rb:187:in 'Api::V1::Accounts::ContactsController#fetch_contact'
  /home/youssef/Documents/chatwoot/app/controllers/concerns/switch_locale.rb:39:in 'SwitchLocale#set_locale'
  /home/youssef/Documents/chatwoot/app/controllers/concerns/switch_locale.rb:18:in 'SwitchLocale#switch_locale_using_account_locale'
  /home/youssef/Documents/chatwoot/app/controllers/concerns/request_exception_handler.rb:11:in 'RequestExceptionHandler#handle_with_exception'
  /home/youssef/Documents/chatwoot/app/controllers/concerns/switch_locale.rb:39:in 'SwitchLocale#set_locale'
  /home/youssef/Documents/chatwoot/app/controllers/concerns/switch_locale.rb:13:in 'SwitchLocale#switch_locale'

2025-06-19 08:59:52[WARN] user: youssef
PUT /api/v1/profile
USE eager loading detected
  AccountUser => [:account]
  Add to your query: .includes([:account])
Call stack
  /home/youssef/Documents/chatwoot/app/views/api/v1/models/_user.json.jbuilder:23:in 'block (2 levels) in _app_views_api_v__models__user_json_jbuilder__2989358026111774009_94720'
  /home/youssef/Documents/chatwoot/app/views/api/v1/models/_user.json.jbuilder:21:in 'block in _app_views_api_v__models__user_json_jbuilder__2989358026111774009_94720'
  /home/youssef/Documents/chatwoot/app/views/api/v1/models/_user.json.jbuilder:20:in '_app_views_api_v__models__user_json_jbuilder__2989358026111774009_94720'
  /home/youssef/Documents/chatwoot/app/views/api/v1/profiles/update.json.jbuilder:1:in '_app_views_api_v__profiles_update_json_jbuilder__3933029402487629702_96608'
  /home/youssef/Documents/chatwoot/app/controllers/concerns/request_exception_handler.rb:11:in 'RequestExceptionHandler#handle_with_exception'
  /home/youssef/Documents/chatwoot/app/controllers/concerns/switch_locale.rb:39:in 'SwitchLocale#set_locale'
  /home/youssef/Documents/chatwoot/app/controllers/concerns/switch_locale.rb:13:in 'SwitchLocale#switch_locale'

2025-06-19 08:59:52[WARN] user: youssef
PUT /api/v1/profile
USE eager loading detected
  AccountUser => [:custom_role]
  Add to your query: .includes([:custom_role])
Call stack
  /home/youssef/Documents/chatwoot/app/views/api/v1/models/_user.json.jbuilder:23:in 'block (2 levels) in _app_views_api_v__models__user_json_jbuilder__2989358026111774009_94720'
  /home/youssef/Documents/chatwoot/app/views/api/v1/models/_user.json.jbuilder:21:in 'block in _app_views_api_v__models__user_json_jbuilder__2989358026111774009_94720'
  /home/youssef/Documents/chatwoot/app/views/api/v1/models/_user.json.jbuilder:20:in '_app_views_api_v__models__user_json_jbuilder__2989358026111774009_94720'
  /home/youssef/Documents/chatwoot/app/views/api/v1/profiles/update.json.jbuilder:1:in '_app_views_api_v__profiles_update_json_jbuilder__3933029402487629702_96608'
  /home/youssef/Documents/chatwoot/app/controllers/concerns/request_exception_handler.rb:11:in 'RequestExceptionHandler#handle_with_exception'
  /home/youssef/Documents/chatwoot/app/controllers/concerns/switch_locale.rb:39:in 'SwitchLocale#set_locale'
  /home/youssef/Documents/chatwoot/app/controllers/concerns/switch_locale.rb:13:in 'SwitchLocale#switch_locale'

2025-06-19 09:04:04[WARN] user: youssef
GET /api/v1/accounts/1/conversations?status=open&assignee_type=me&page=1&sort_by=last_activity_at_desc
AVOID eager loading detected
  Conversation => [:taggings]
  Remove from your query: .includes([:taggings])
Call stack
  /home/youssef/Documents/chatwoot/app/views/api/v1/accounts/conversations/index.json.jbuilder:9:in 'block (2 levels) in _app_views_api_v__accounts_conversations_index_json_jbuilder___3588530244420740140_96176'
  /home/youssef/Documents/chatwoot/app/views/api/v1/accounts/conversations/index.json.jbuilder:8:in 'block in _app_views_api_v__accounts_conversations_index_json_jbuilder___3588530244420740140_96176'
  /home/youssef/Documents/chatwoot/app/views/api/v1/accounts/conversations/index.json.jbuilder:1:in '_app_views_api_v__accounts_conversations_index_json_jbuilder___3588530244420740140_96176'
  /home/youssef/Documents/chatwoot/app/controllers/concerns/switch_locale.rb:39:in 'SwitchLocale#set_locale'
  /home/youssef/Documents/chatwoot/app/controllers/concerns/switch_locale.rb:18:in 'SwitchLocale#switch_locale_using_account_locale'
  /home/youssef/Documents/chatwoot/app/controllers/concerns/request_exception_handler.rb:11:in 'RequestExceptionHandler#handle_with_exception'
  /home/youssef/Documents/chatwoot/app/controllers/concerns/switch_locale.rb:39:in 'SwitchLocale#set_locale'
  /home/youssef/Documents/chatwoot/app/controllers/concerns/switch_locale.rb:13:in 'SwitchLocale#switch_locale'

2025-06-19 09:04:21[WARN] user: youssef
GET /api/v1/accounts/1/conversations?status=open&assignee_type=me&page=1&sort_by=last_activity_at_desc
AVOID eager loading detected
  Conversation => [:taggings]
  Remove from your query: .includes([:taggings])
Call stack
  /home/youssef/Documents/chatwoot/app/views/api/v1/accounts/conversations/index.json.jbuilder:9:in 'block (2 levels) in _app_views_api_v__accounts_conversations_index_json_jbuilder___3588530244420740140_96176'
  /home/youssef/Documents/chatwoot/app/views/api/v1/accounts/conversations/index.json.jbuilder:8:in 'block in _app_views_api_v__accounts_conversations_index_json_jbuilder___3588530244420740140_96176'
  /home/youssef/Documents/chatwoot/app/views/api/v1/accounts/conversations/index.json.jbuilder:1:in '_app_views_api_v__accounts_conversations_index_json_jbuilder___3588530244420740140_96176'
  /home/youssef/Documents/chatwoot/app/controllers/concerns/switch_locale.rb:39:in 'SwitchLocale#set_locale'
  /home/youssef/Documents/chatwoot/app/controllers/concerns/switch_locale.rb:18:in 'SwitchLocale#switch_locale_using_account_locale'
  /home/youssef/Documents/chatwoot/app/controllers/concerns/request_exception_handler.rb:11:in 'RequestExceptionHandler#handle_with_exception'
  /home/youssef/Documents/chatwoot/app/controllers/concerns/switch_locale.rb:39:in 'SwitchLocale#set_locale'
  /home/youssef/Documents/chatwoot/app/controllers/concerns/switch_locale.rb:13:in 'SwitchLocale#switch_locale'

2025-06-19 09:04:22[WARN] user: youssef
GET /api/v1/accounts/1/conversations?status=open&assignee_type=all&page=1&sort_by=last_activity_at_desc
AVOID eager loading detected
  Conversation => [:taggings]
  Remove from your query: .includes([:taggings])
Call stack
  /home/youssef/Documents/chatwoot/app/views/api/v1/accounts/conversations/index.json.jbuilder:9:in 'block (2 levels) in _app_views_api_v__accounts_conversations_index_json_jbuilder___3588530244420740140_96176'
  /home/youssef/Documents/chatwoot/app/views/api/v1/accounts/conversations/index.json.jbuilder:8:in 'block in _app_views_api_v__accounts_conversations_index_json_jbuilder___3588530244420740140_96176'
  /home/youssef/Documents/chatwoot/app/views/api/v1/accounts/conversations/index.json.jbuilder:1:in '_app_views_api_v__accounts_conversations_index_json_jbuilder___3588530244420740140_96176'
  /home/youssef/Documents/chatwoot/app/controllers/concerns/switch_locale.rb:39:in 'SwitchLocale#set_locale'
  /home/youssef/Documents/chatwoot/app/controllers/concerns/switch_locale.rb:18:in 'SwitchLocale#switch_locale_using_account_locale'
  /home/youssef/Documents/chatwoot/app/controllers/concerns/request_exception_handler.rb:11:in 'RequestExceptionHandler#handle_with_exception'
  /home/youssef/Documents/chatwoot/app/controllers/concerns/switch_locale.rb:39:in 'SwitchLocale#set_locale'
  /home/youssef/Documents/chatwoot/app/controllers/concerns/switch_locale.rb:13:in 'SwitchLocale#switch_locale'

2025-06-19 09:04:22[WARN] user: youssef
GET /api/v1/accounts/1/contacts/5/contactable_inboxes
AVOID eager loading detected
  Contact => [:contact_inboxes]
  Remove from your query: .includes([:contact_inboxes])
Call stack
  /home/youssef/Documents/chatwoot/app/controllers/api/v1/accounts/contacts_controller.rb:187:in 'Api::V1::Accounts::ContactsController#fetch_contact'
  /home/youssef/Documents/chatwoot/app/controllers/concerns/switch_locale.rb:39:in 'SwitchLocale#set_locale'
  /home/youssef/Documents/chatwoot/app/controllers/concerns/switch_locale.rb:18:in 'SwitchLocale#switch_locale_using_account_locale'
  /home/youssef/Documents/chatwoot/app/controllers/concerns/request_exception_handler.rb:11:in 'RequestExceptionHandler#handle_with_exception'
  /home/youssef/Documents/chatwoot/app/controllers/concerns/switch_locale.rb:39:in 'SwitchLocale#set_locale'
  /home/youssef/Documents/chatwoot/app/controllers/concerns/switch_locale.rb:13:in 'SwitchLocale#switch_locale'

2025-06-19 09:04:22[WARN] user: youssef
GET /api/v1/accounts/1/contacts/5/contactable_inboxes
AVOID eager loading detected
  ContactInbox => [:inbox]
  Remove from your query: .includes([:inbox])
Call stack
  /home/youssef/Documents/chatwoot/app/controllers/api/v1/accounts/contacts_controller.rb:187:in 'Api::V1::Accounts::ContactsController#fetch_contact'
  /home/youssef/Documents/chatwoot/app/controllers/concerns/switch_locale.rb:39:in 'SwitchLocale#set_locale'
  /home/youssef/Documents/chatwoot/app/controllers/concerns/switch_locale.rb:18:in 'SwitchLocale#switch_locale_using_account_locale'
  /home/youssef/Documents/chatwoot/app/controllers/concerns/request_exception_handler.rb:11:in 'RequestExceptionHandler#handle_with_exception'
  /home/youssef/Documents/chatwoot/app/controllers/concerns/switch_locale.rb:39:in 'SwitchLocale#set_locale'
  /home/youssef/Documents/chatwoot/app/controllers/concerns/switch_locale.rb:13:in 'SwitchLocale#switch_locale'

2025-06-19 09:04:22[WARN] user: youssef
GET /api/v1/accounts/1/contacts/5?include_contact_inboxes=false
AVOID eager loading detected
  Contact => [:contact_inboxes]
  Remove from your query: .includes([:contact_inboxes])
Call stack
  /home/youssef/Documents/chatwoot/app/controllers/api/v1/accounts/contacts_controller.rb:187:in 'Api::V1::Accounts::ContactsController#fetch_contact'
  /home/youssef/Documents/chatwoot/app/controllers/concerns/switch_locale.rb:39:in 'SwitchLocale#set_locale'
  /home/youssef/Documents/chatwoot/app/controllers/concerns/switch_locale.rb:18:in 'SwitchLocale#switch_locale_using_account_locale'
  /home/youssef/Documents/chatwoot/app/controllers/concerns/request_exception_handler.rb:11:in 'RequestExceptionHandler#handle_with_exception'
  /home/youssef/Documents/chatwoot/app/controllers/concerns/switch_locale.rb:39:in 'SwitchLocale#set_locale'
  /home/youssef/Documents/chatwoot/app/controllers/concerns/switch_locale.rb:13:in 'SwitchLocale#switch_locale'

2025-06-19 09:04:22[WARN] user: youssef
GET /api/v1/accounts/1/contacts/5?include_contact_inboxes=false
AVOID eager loading detected
  ContactInbox => [:inbox]
  Remove from your query: .includes([:inbox])
Call stack
  /home/youssef/Documents/chatwoot/app/controllers/api/v1/accounts/contacts_controller.rb:187:in 'Api::V1::Accounts::ContactsController#fetch_contact'
  /home/youssef/Documents/chatwoot/app/controllers/concerns/switch_locale.rb:39:in 'SwitchLocale#set_locale'
  /home/youssef/Documents/chatwoot/app/controllers/concerns/switch_locale.rb:18:in 'SwitchLocale#switch_locale_using_account_locale'
  /home/youssef/Documents/chatwoot/app/controllers/concerns/request_exception_handler.rb:11:in 'RequestExceptionHandler#handle_with_exception'
  /home/youssef/Documents/chatwoot/app/controllers/concerns/switch_locale.rb:39:in 'SwitchLocale#set_locale'
  /home/youssef/Documents/chatwoot/app/controllers/concerns/switch_locale.rb:13:in 'SwitchLocale#switch_locale'

2025-06-19 09:06:17[WARN] user: youssef
PUT /api/v1/profile
USE eager loading detected
  AccountUser => [:account]
  Add to your query: .includes([:account])
Call stack
  /home/youssef/Documents/chatwoot/app/views/api/v1/models/_user.json.jbuilder:23:in 'block (2 levels) in _app_views_api_v__models__user_json_jbuilder__2989358026111774009_94720'
  /home/youssef/Documents/chatwoot/app/views/api/v1/models/_user.json.jbuilder:21:in 'block in _app_views_api_v__models__user_json_jbuilder__2989358026111774009_94720'
  /home/youssef/Documents/chatwoot/app/views/api/v1/models/_user.json.jbuilder:20:in '_app_views_api_v__models__user_json_jbuilder__2989358026111774009_94720'
  /home/youssef/Documents/chatwoot/app/views/api/v1/profiles/update.json.jbuilder:1:in '_app_views_api_v__profiles_update_json_jbuilder__3933029402487629702_96608'
  /home/youssef/Documents/chatwoot/app/controllers/concerns/request_exception_handler.rb:11:in 'RequestExceptionHandler#handle_with_exception'
  /home/youssef/Documents/chatwoot/app/controllers/concerns/switch_locale.rb:39:in 'SwitchLocale#set_locale'
  /home/youssef/Documents/chatwoot/app/controllers/concerns/switch_locale.rb:13:in 'SwitchLocale#switch_locale'

2025-06-19 09:06:17[WARN] user: youssef
PUT /api/v1/profile
USE eager loading detected
  AccountUser => [:custom_role]
  Add to your query: .includes([:custom_role])
Call stack
  /home/youssef/Documents/chatwoot/app/views/api/v1/models/_user.json.jbuilder:23:in 'block (2 levels) in _app_views_api_v__models__user_json_jbuilder__2989358026111774009_94720'
  /home/youssef/Documents/chatwoot/app/views/api/v1/models/_user.json.jbuilder:21:in 'block in _app_views_api_v__models__user_json_jbuilder__2989358026111774009_94720'
  /home/youssef/Documents/chatwoot/app/views/api/v1/models/_user.json.jbuilder:20:in '_app_views_api_v__models__user_json_jbuilder__2989358026111774009_94720'
  /home/youssef/Documents/chatwoot/app/views/api/v1/profiles/update.json.jbuilder:1:in '_app_views_api_v__profiles_update_json_jbuilder__3933029402487629702_96608'
  /home/youssef/Documents/chatwoot/app/controllers/concerns/request_exception_handler.rb:11:in 'RequestExceptionHandler#handle_with_exception'
  /home/youssef/Documents/chatwoot/app/controllers/concerns/switch_locale.rb:39:in 'SwitchLocale#set_locale'
  /home/youssef/Documents/chatwoot/app/controllers/concerns/switch_locale.rb:13:in 'SwitchLocale#switch_locale'

2025-06-19 09:06:18[WARN] user: youssef
PUT /api/v1/profile
USE eager loading detected
  AccountUser => [:account]
  Add to your query: .includes([:account])
Call stack
  /home/youssef/Documents/chatwoot/app/views/api/v1/models/_user.json.jbuilder:23:in 'block (2 levels) in _app_views_api_v__models__user_json_jbuilder__2989358026111774009_94720'
  /home/youssef/Documents/chatwoot/app/views/api/v1/models/_user.json.jbuilder:21:in 'block in _app_views_api_v__models__user_json_jbuilder__2989358026111774009_94720'
  /home/youssef/Documents/chatwoot/app/views/api/v1/models/_user.json.jbuilder:20:in '_app_views_api_v__models__user_json_jbuilder__2989358026111774009_94720'
  /home/youssef/Documents/chatwoot/app/views/api/v1/profiles/update.json.jbuilder:1:in '_app_views_api_v__profiles_update_json_jbuilder__3933029402487629702_96608'
  /home/youssef/Documents/chatwoot/app/controllers/concerns/request_exception_handler.rb:11:in 'RequestExceptionHandler#handle_with_exception'
  /home/youssef/Documents/chatwoot/app/controllers/concerns/switch_locale.rb:39:in 'SwitchLocale#set_locale'
  /home/youssef/Documents/chatwoot/app/controllers/concerns/switch_locale.rb:13:in 'SwitchLocale#switch_locale'

2025-06-19 09:06:18[WARN] user: youssef
PUT /api/v1/profile
USE eager loading detected
  AccountUser => [:custom_role]
  Add to your query: .includes([:custom_role])
Call stack
  /home/youssef/Documents/chatwoot/app/views/api/v1/models/_user.json.jbuilder:23:in 'block (2 levels) in _app_views_api_v__models__user_json_jbuilder__2989358026111774009_94720'
  /home/youssef/Documents/chatwoot/app/views/api/v1/models/_user.json.jbuilder:21:in 'block in _app_views_api_v__models__user_json_jbuilder__2989358026111774009_94720'
  /home/youssef/Documents/chatwoot/app/views/api/v1/models/_user.json.jbuilder:20:in '_app_views_api_v__models__user_json_jbuilder__2989358026111774009_94720'
  /home/youssef/Documents/chatwoot/app/views/api/v1/profiles/update.json.jbuilder:1:in '_app_views_api_v__profiles_update_json_jbuilder__3933029402487629702_96608'
  /home/youssef/Documents/chatwoot/app/controllers/concerns/request_exception_handler.rb:11:in 'RequestExceptionHandler#handle_with_exception'
  /home/youssef/Documents/chatwoot/app/controllers/concerns/switch_locale.rb:39:in 'SwitchLocale#set_locale'
  /home/youssef/Documents/chatwoot/app/controllers/concerns/switch_locale.rb:13:in 'SwitchLocale#switch_locale'

2025-06-19 09:06:18[WARN] user: youssef
GET /api/v1/accounts/1/contacts/5/contactable_inboxes
AVOID eager loading detected
  Contact => [:contact_inboxes]
  Remove from your query: .includes([:contact_inboxes])
Call stack
  /home/youssef/Documents/chatwoot/app/controllers/api/v1/accounts/contacts_controller.rb:187:in 'Api::V1::Accounts::ContactsController#fetch_contact'
  /home/youssef/Documents/chatwoot/app/controllers/concerns/switch_locale.rb:39:in 'SwitchLocale#set_locale'
  /home/youssef/Documents/chatwoot/app/controllers/concerns/switch_locale.rb:18:in 'SwitchLocale#switch_locale_using_account_locale'
  /home/youssef/Documents/chatwoot/app/controllers/concerns/request_exception_handler.rb:11:in 'RequestExceptionHandler#handle_with_exception'
  /home/youssef/Documents/chatwoot/app/controllers/concerns/switch_locale.rb:39:in 'SwitchLocale#set_locale'
  /home/youssef/Documents/chatwoot/app/controllers/concerns/switch_locale.rb:13:in 'SwitchLocale#switch_locale'

2025-06-19 09:06:18[WARN] user: youssef
GET /api/v1/accounts/1/contacts/5/contactable_inboxes
AVOID eager loading detected
  ContactInbox => [:inbox]
  Remove from your query: .includes([:inbox])
Call stack
  /home/youssef/Documents/chatwoot/app/controllers/api/v1/accounts/contacts_controller.rb:187:in 'Api::V1::Accounts::ContactsController#fetch_contact'
  /home/youssef/Documents/chatwoot/app/controllers/concerns/switch_locale.rb:39:in 'SwitchLocale#set_locale'
  /home/youssef/Documents/chatwoot/app/controllers/concerns/switch_locale.rb:18:in 'SwitchLocale#switch_locale_using_account_locale'
  /home/youssef/Documents/chatwoot/app/controllers/concerns/request_exception_handler.rb:11:in 'RequestExceptionHandler#handle_with_exception'
  /home/youssef/Documents/chatwoot/app/controllers/concerns/switch_locale.rb:39:in 'SwitchLocale#set_locale'
  /home/youssef/Documents/chatwoot/app/controllers/concerns/switch_locale.rb:13:in 'SwitchLocale#switch_locale'

2025-06-19 09:06:18[WARN] user: youssef
GET /api/v1/accounts/1/contacts/5?include_contact_inboxes=false
AVOID eager loading detected
  Contact => [:contact_inboxes]
  Remove from your query: .includes([:contact_inboxes])
Call stack
  /home/youssef/Documents/chatwoot/app/controllers/api/v1/accounts/contacts_controller.rb:187:in 'Api::V1::Accounts::ContactsController#fetch_contact'
  /home/youssef/Documents/chatwoot/app/controllers/concerns/switch_locale.rb:39:in 'SwitchLocale#set_locale'
  /home/youssef/Documents/chatwoot/app/controllers/concerns/switch_locale.rb:18:in 'SwitchLocale#switch_locale_using_account_locale'
  /home/youssef/Documents/chatwoot/app/controllers/concerns/request_exception_handler.rb:11:in 'RequestExceptionHandler#handle_with_exception'
  /home/youssef/Documents/chatwoot/app/controllers/concerns/switch_locale.rb:39:in 'SwitchLocale#set_locale'
  /home/youssef/Documents/chatwoot/app/controllers/concerns/switch_locale.rb:13:in 'SwitchLocale#switch_locale'

2025-06-19 09:06:18[WARN] user: youssef
GET /api/v1/accounts/1/contacts/5?include_contact_inboxes=false
AVOID eager loading detected
  ContactInbox => [:inbox]
  Remove from your query: .includes([:inbox])
Call stack
  /home/youssef/Documents/chatwoot/app/controllers/api/v1/accounts/contacts_controller.rb:187:in 'Api::V1::Accounts::ContactsController#fetch_contact'
  /home/youssef/Documents/chatwoot/app/controllers/concerns/switch_locale.rb:39:in 'SwitchLocale#set_locale'
  /home/youssef/Documents/chatwoot/app/controllers/concerns/switch_locale.rb:18:in 'SwitchLocale#switch_locale_using_account_locale'
  /home/youssef/Documents/chatwoot/app/controllers/concerns/request_exception_handler.rb:11:in 'RequestExceptionHandler#handle_with_exception'
  /home/youssef/Documents/chatwoot/app/controllers/concerns/switch_locale.rb:39:in 'SwitchLocale#set_locale'
  /home/youssef/Documents/chatwoot/app/controllers/concerns/switch_locale.rb:13:in 'SwitchLocale#switch_locale'

2025-06-19 09:08:12[WARN] user: youssef
GET /api/v1/accounts/1/conversations?status=open&assignee_type=all&page=1&sort_by=last_activity_at_desc
AVOID eager loading detected
  Conversation => [:taggings]
  Remove from your query: .includes([:taggings])
Call stack
  /home/youssef/Documents/chatwoot/app/views/api/v1/accounts/conversations/index.json.jbuilder:9:in 'block (2 levels) in _app_views_api_v__accounts_conversations_index_json_jbuilder___3588530244420740140_96176'
  /home/youssef/Documents/chatwoot/app/views/api/v1/accounts/conversations/index.json.jbuilder:8:in 'block in _app_views_api_v__accounts_conversations_index_json_jbuilder___3588530244420740140_96176'
  /home/youssef/Documents/chatwoot/app/views/api/v1/accounts/conversations/index.json.jbuilder:1:in '_app_views_api_v__accounts_conversations_index_json_jbuilder___3588530244420740140_96176'
  /home/youssef/Documents/chatwoot/app/controllers/concerns/switch_locale.rb:39:in 'SwitchLocale#set_locale'
  /home/youssef/Documents/chatwoot/app/controllers/concerns/switch_locale.rb:18:in 'SwitchLocale#switch_locale_using_account_locale'
  /home/youssef/Documents/chatwoot/app/controllers/concerns/request_exception_handler.rb:11:in 'RequestExceptionHandler#handle_with_exception'
  /home/youssef/Documents/chatwoot/app/controllers/concerns/switch_locale.rb:39:in 'SwitchLocale#set_locale'
  /home/youssef/Documents/chatwoot/app/controllers/concerns/switch_locale.rb:13:in 'SwitchLocale#switch_locale'

2025-06-19 09:08:13[WARN] user: youssef
GET /api/v1/accounts/1/contacts/5/contactable_inboxes
AVOID eager loading detected
  Contact => [:contact_inboxes]
  Remove from your query: .includes([:contact_inboxes])
Call stack
  /home/youssef/Documents/chatwoot/app/controllers/api/v1/accounts/contacts_controller.rb:187:in 'Api::V1::Accounts::ContactsController#fetch_contact'
  /home/youssef/Documents/chatwoot/app/controllers/concerns/switch_locale.rb:39:in 'SwitchLocale#set_locale'
  /home/youssef/Documents/chatwoot/app/controllers/concerns/switch_locale.rb:18:in 'SwitchLocale#switch_locale_using_account_locale'
  /home/youssef/Documents/chatwoot/app/controllers/concerns/request_exception_handler.rb:11:in 'RequestExceptionHandler#handle_with_exception'
  /home/youssef/Documents/chatwoot/app/controllers/concerns/switch_locale.rb:39:in 'SwitchLocale#set_locale'
  /home/youssef/Documents/chatwoot/app/controllers/concerns/switch_locale.rb:13:in 'SwitchLocale#switch_locale'

2025-06-19 09:08:13[WARN] user: youssef
GET /api/v1/accounts/1/contacts/5/contactable_inboxes
AVOID eager loading detected
  ContactInbox => [:inbox]
  Remove from your query: .includes([:inbox])
Call stack
  /home/youssef/Documents/chatwoot/app/controllers/api/v1/accounts/contacts_controller.rb:187:in 'Api::V1::Accounts::ContactsController#fetch_contact'
  /home/youssef/Documents/chatwoot/app/controllers/concerns/switch_locale.rb:39:in 'SwitchLocale#set_locale'
  /home/youssef/Documents/chatwoot/app/controllers/concerns/switch_locale.rb:18:in 'SwitchLocale#switch_locale_using_account_locale'
  /home/youssef/Documents/chatwoot/app/controllers/concerns/request_exception_handler.rb:11:in 'RequestExceptionHandler#handle_with_exception'
  /home/youssef/Documents/chatwoot/app/controllers/concerns/switch_locale.rb:39:in 'SwitchLocale#set_locale'
  /home/youssef/Documents/chatwoot/app/controllers/concerns/switch_locale.rb:13:in 'SwitchLocale#switch_locale'

2025-06-19 09:08:13[WARN] user: youssef
GET /api/v1/accounts/1/contacts/5?include_contact_inboxes=false
AVOID eager loading detected
  Contact => [:contact_inboxes]
  Remove from your query: .includes([:contact_inboxes])
Call stack
  /home/youssef/Documents/chatwoot/app/controllers/api/v1/accounts/contacts_controller.rb:187:in 'Api::V1::Accounts::ContactsController#fetch_contact'
  /home/youssef/Documents/chatwoot/app/controllers/concerns/switch_locale.rb:39:in 'SwitchLocale#set_locale'
  /home/youssef/Documents/chatwoot/app/controllers/concerns/switch_locale.rb:18:in 'SwitchLocale#switch_locale_using_account_locale'
  /home/youssef/Documents/chatwoot/app/controllers/concerns/request_exception_handler.rb:11:in 'RequestExceptionHandler#handle_with_exception'
  /home/youssef/Documents/chatwoot/app/controllers/concerns/switch_locale.rb:39:in 'SwitchLocale#set_locale'
  /home/youssef/Documents/chatwoot/app/controllers/concerns/switch_locale.rb:13:in 'SwitchLocale#switch_locale'

2025-06-19 09:08:13[WARN] user: youssef
GET /api/v1/accounts/1/contacts/5?include_contact_inboxes=false
AVOID eager loading detected
  ContactInbox => [:inbox]
  Remove from your query: .includes([:inbox])
Call stack
  /home/youssef/Documents/chatwoot/app/controllers/api/v1/accounts/contacts_controller.rb:187:in 'Api::V1::Accounts::ContactsController#fetch_contact'
  /home/youssef/Documents/chatwoot/app/controllers/concerns/switch_locale.rb:39:in 'SwitchLocale#set_locale'
  /home/youssef/Documents/chatwoot/app/controllers/concerns/switch_locale.rb:18:in 'SwitchLocale#switch_locale_using_account_locale'
  /home/youssef/Documents/chatwoot/app/controllers/concerns/request_exception_handler.rb:11:in 'RequestExceptionHandler#handle_with_exception'
  /home/youssef/Documents/chatwoot/app/controllers/concerns/switch_locale.rb:39:in 'SwitchLocale#set_locale'
  /home/youssef/Documents/chatwoot/app/controllers/concerns/switch_locale.rb:13:in 'SwitchLocale#switch_locale'

2025-06-19 09:14:02[WARN] user: youssef
GET /auth/validate_token
USE eager loading detected
  AccountUser => [:account]
  Add to your query: .includes([:account])
Call stack
  /home/youssef/Documents/chatwoot/app/views/api/v1/models/_user.json.jbuilder:23:in 'block (2 levels) in _app_views_api_v__models__user_json_jbuilder__2989358026111774009_94720'
  /home/youssef/Documents/chatwoot/app/views/api/v1/models/_user.json.jbuilder:21:in 'block in _app_views_api_v__models__user_json_jbuilder__2989358026111774009_94720'
  /home/youssef/Documents/chatwoot/app/views/api/v1/models/_user.json.jbuilder:20:in '_app_views_api_v__models__user_json_jbuilder__2989358026111774009_94720'
  /home/youssef/Documents/chatwoot/app/views/devise/_auth.json.jbuilder:2:in 'block in _app_views_devise__auth_json_jbuilder___2127846301160302963_94712'
  /home/youssef/Documents/chatwoot/app/views/devise/_auth.json.jbuilder:1:in '_app_views_devise__auth_json_jbuilder___2127846301160302963_94712'
  /home/youssef/Documents/chatwoot/app/views/devise/token.json.jbuilder:3:in 'block in _app_views_devise_token_json_jbuilder__852674819577227499_94704'
  /home/youssef/Documents/chatwoot/app/views/devise/token.json.jbuilder:1:in '_app_views_devise_token_json_jbuilder__852674819577227499_94704'
  /home/youssef/Documents/chatwoot/app/controllers/devise_overrides/token_validations_controller.rb:5:in 'DeviseOverrides::TokenValidationsController#validate_token'
  /home/youssef/Documents/chatwoot/app/controllers/concerns/switch_locale.rb:39:in 'SwitchLocale#set_locale'
  /home/youssef/Documents/chatwoot/app/controllers/concerns/switch_locale.rb:13:in 'SwitchLocale#switch_locale'

2025-06-19 09:14:02[WARN] user: youssef
GET /auth/validate_token
USE eager loading detected
  AccountUser => [:custom_role]
  Add to your query: .includes([:custom_role])
Call stack
  /home/youssef/Documents/chatwoot/app/views/api/v1/models/_user.json.jbuilder:23:in 'block (2 levels) in _app_views_api_v__models__user_json_jbuilder__2989358026111774009_94720'
  /home/youssef/Documents/chatwoot/app/views/api/v1/models/_user.json.jbuilder:21:in 'block in _app_views_api_v__models__user_json_jbuilder__2989358026111774009_94720'
  /home/youssef/Documents/chatwoot/app/views/api/v1/models/_user.json.jbuilder:20:in '_app_views_api_v__models__user_json_jbuilder__2989358026111774009_94720'
  /home/youssef/Documents/chatwoot/app/views/devise/_auth.json.jbuilder:2:in 'block in _app_views_devise__auth_json_jbuilder___2127846301160302963_94712'
  /home/youssef/Documents/chatwoot/app/views/devise/_auth.json.jbuilder:1:in '_app_views_devise__auth_json_jbuilder___2127846301160302963_94712'
  /home/youssef/Documents/chatwoot/app/views/devise/token.json.jbuilder:3:in 'block in _app_views_devise_token_json_jbuilder__852674819577227499_94704'
  /home/youssef/Documents/chatwoot/app/views/devise/token.json.jbuilder:1:in '_app_views_devise_token_json_jbuilder__852674819577227499_94704'
  /home/youssef/Documents/chatwoot/app/controllers/devise_overrides/token_validations_controller.rb:5:in 'DeviseOverrides::TokenValidationsController#validate_token'
  /home/youssef/Documents/chatwoot/app/controllers/concerns/switch_locale.rb:39:in 'SwitchLocale#set_locale'
  /home/youssef/Documents/chatwoot/app/controllers/concerns/switch_locale.rb:13:in 'SwitchLocale#switch_locale'

2025-06-19 09:14:02[WARN] user: youssef
GET /api/v1/accounts/1/conversations?status=open&assignee_type=me&page=1&sort_by=last_activity_at_desc
AVOID eager loading detected
  Conversation => [:taggings]
  Remove from your query: .includes([:taggings])
Call stack
  /home/youssef/Documents/chatwoot/app/views/api/v1/accounts/conversations/index.json.jbuilder:9:in 'block (2 levels) in _app_views_api_v__accounts_conversations_index_json_jbuilder___3588530244420740140_96176'
  /home/youssef/Documents/chatwoot/app/views/api/v1/accounts/conversations/index.json.jbuilder:8:in 'block in _app_views_api_v__accounts_conversations_index_json_jbuilder___3588530244420740140_96176'
  /home/youssef/Documents/chatwoot/app/views/api/v1/accounts/conversations/index.json.jbuilder:1:in '_app_views_api_v__accounts_conversations_index_json_jbuilder___3588530244420740140_96176'
  /home/youssef/Documents/chatwoot/app/controllers/concerns/switch_locale.rb:39:in 'SwitchLocale#set_locale'
  /home/youssef/Documents/chatwoot/app/controllers/concerns/switch_locale.rb:18:in 'SwitchLocale#switch_locale_using_account_locale'
  /home/youssef/Documents/chatwoot/app/controllers/concerns/request_exception_handler.rb:11:in 'RequestExceptionHandler#handle_with_exception'
  /home/youssef/Documents/chatwoot/app/controllers/concerns/switch_locale.rb:39:in 'SwitchLocale#set_locale'
  /home/youssef/Documents/chatwoot/app/controllers/concerns/switch_locale.rb:13:in 'SwitchLocale#switch_locale'

2025-06-19 09:14:03[WARN] user: youssef
PUT /api/v1/profile
USE eager loading detected
  AccountUser => [:account]
  Add to your query: .includes([:account])
Call stack
  /home/youssef/Documents/chatwoot/app/views/api/v1/models/_user.json.jbuilder:23:in 'block (2 levels) in _app_views_api_v__models__user_json_jbuilder__2989358026111774009_94720'
  /home/youssef/Documents/chatwoot/app/views/api/v1/models/_user.json.jbuilder:21:in 'block in _app_views_api_v__models__user_json_jbuilder__2989358026111774009_94720'
  /home/youssef/Documents/chatwoot/app/views/api/v1/models/_user.json.jbuilder:20:in '_app_views_api_v__models__user_json_jbuilder__2989358026111774009_94720'
  /home/youssef/Documents/chatwoot/app/views/api/v1/profiles/update.json.jbuilder:1:in '_app_views_api_v__profiles_update_json_jbuilder__3933029402487629702_96608'
  /home/youssef/Documents/chatwoot/app/controllers/concerns/request_exception_handler.rb:11:in 'RequestExceptionHandler#handle_with_exception'
  /home/youssef/Documents/chatwoot/app/controllers/concerns/switch_locale.rb:39:in 'SwitchLocale#set_locale'
  /home/youssef/Documents/chatwoot/app/controllers/concerns/switch_locale.rb:13:in 'SwitchLocale#switch_locale'

2025-06-19 09:14:03[WARN] user: youssef
PUT /api/v1/profile
USE eager loading detected
  AccountUser => [:custom_role]
  Add to your query: .includes([:custom_role])
Call stack
  /home/youssef/Documents/chatwoot/app/views/api/v1/models/_user.json.jbuilder:23:in 'block (2 levels) in _app_views_api_v__models__user_json_jbuilder__2989358026111774009_94720'
  /home/youssef/Documents/chatwoot/app/views/api/v1/models/_user.json.jbuilder:21:in 'block in _app_views_api_v__models__user_json_jbuilder__2989358026111774009_94720'
  /home/youssef/Documents/chatwoot/app/views/api/v1/models/_user.json.jbuilder:20:in '_app_views_api_v__models__user_json_jbuilder__2989358026111774009_94720'
  /home/youssef/Documents/chatwoot/app/views/api/v1/profiles/update.json.jbuilder:1:in '_app_views_api_v__profiles_update_json_jbuilder__3933029402487629702_96608'
  /home/youssef/Documents/chatwoot/app/controllers/concerns/request_exception_handler.rb:11:in 'RequestExceptionHandler#handle_with_exception'
  /home/youssef/Documents/chatwoot/app/controllers/concerns/switch_locale.rb:39:in 'SwitchLocale#set_locale'
  /home/youssef/Documents/chatwoot/app/controllers/concerns/switch_locale.rb:13:in 'SwitchLocale#switch_locale'

2025-06-19 09:14:03[WARN] user: youssef
GET /api/v1/accounts/1/contacts/5/contactable_inboxes
AVOID eager loading detected
  Contact => [:contact_inboxes]
  Remove from your query: .includes([:contact_inboxes])
Call stack
  /home/youssef/Documents/chatwoot/app/controllers/api/v1/accounts/contacts_controller.rb:187:in 'Api::V1::Accounts::ContactsController#fetch_contact'
  /home/youssef/Documents/chatwoot/app/controllers/concerns/switch_locale.rb:39:in 'SwitchLocale#set_locale'
  /home/youssef/Documents/chatwoot/app/controllers/concerns/switch_locale.rb:18:in 'SwitchLocale#switch_locale_using_account_locale'
  /home/youssef/Documents/chatwoot/app/controllers/concerns/request_exception_handler.rb:11:in 'RequestExceptionHandler#handle_with_exception'
  /home/youssef/Documents/chatwoot/app/controllers/concerns/switch_locale.rb:39:in 'SwitchLocale#set_locale'
  /home/youssef/Documents/chatwoot/app/controllers/concerns/switch_locale.rb:13:in 'SwitchLocale#switch_locale'

2025-06-19 09:14:03[WARN] user: youssef
GET /api/v1/accounts/1/contacts/5/contactable_inboxes
AVOID eager loading detected
  ContactInbox => [:inbox]
  Remove from your query: .includes([:inbox])
Call stack
  /home/youssef/Documents/chatwoot/app/controllers/api/v1/accounts/contacts_controller.rb:187:in 'Api::V1::Accounts::ContactsController#fetch_contact'
  /home/youssef/Documents/chatwoot/app/controllers/concerns/switch_locale.rb:39:in 'SwitchLocale#set_locale'
  /home/youssef/Documents/chatwoot/app/controllers/concerns/switch_locale.rb:18:in 'SwitchLocale#switch_locale_using_account_locale'
  /home/youssef/Documents/chatwoot/app/controllers/concerns/request_exception_handler.rb:11:in 'RequestExceptionHandler#handle_with_exception'
  /home/youssef/Documents/chatwoot/app/controllers/concerns/switch_locale.rb:39:in 'SwitchLocale#set_locale'
  /home/youssef/Documents/chatwoot/app/controllers/concerns/switch_locale.rb:13:in 'SwitchLocale#switch_locale'

2025-06-19 09:14:03[WARN] user: youssef
GET /api/v1/accounts/1/contacts/5?include_contact_inboxes=false
AVOID eager loading detected
  Contact => [:contact_inboxes]
  Remove from your query: .includes([:contact_inboxes])
Call stack
  /home/youssef/Documents/chatwoot/app/controllers/api/v1/accounts/contacts_controller.rb:187:in 'Api::V1::Accounts::ContactsController#fetch_contact'
  /home/youssef/Documents/chatwoot/app/controllers/concerns/switch_locale.rb:39:in 'SwitchLocale#set_locale'
  /home/youssef/Documents/chatwoot/app/controllers/concerns/switch_locale.rb:18:in 'SwitchLocale#switch_locale_using_account_locale'
  /home/youssef/Documents/chatwoot/app/controllers/concerns/request_exception_handler.rb:11:in 'RequestExceptionHandler#handle_with_exception'
  /home/youssef/Documents/chatwoot/app/controllers/concerns/switch_locale.rb:39:in 'SwitchLocale#set_locale'
  /home/youssef/Documents/chatwoot/app/controllers/concerns/switch_locale.rb:13:in 'SwitchLocale#switch_locale'

2025-06-19 09:14:03[WARN] user: youssef
GET /api/v1/accounts/1/contacts/5?include_contact_inboxes=false
AVOID eager loading detected
  ContactInbox => [:inbox]
  Remove from your query: .includes([:inbox])
Call stack
  /home/youssef/Documents/chatwoot/app/controllers/api/v1/accounts/contacts_controller.rb:187:in 'Api::V1::Accounts::ContactsController#fetch_contact'
  /home/youssef/Documents/chatwoot/app/controllers/concerns/switch_locale.rb:39:in 'SwitchLocale#set_locale'
  /home/youssef/Documents/chatwoot/app/controllers/concerns/switch_locale.rb:18:in 'SwitchLocale#switch_locale_using_account_locale'
  /home/youssef/Documents/chatwoot/app/controllers/concerns/request_exception_handler.rb:11:in 'RequestExceptionHandler#handle_with_exception'
  /home/youssef/Documents/chatwoot/app/controllers/concerns/switch_locale.rb:39:in 'SwitchLocale#set_locale'
  /home/youssef/Documents/chatwoot/app/controllers/concerns/switch_locale.rb:13:in 'SwitchLocale#switch_locale'

2025-06-19 09:16:14[WARN] user: youssef
GET /auth/validate_token
USE eager loading detected
  AccountUser => [:account]
  Add to your query: .includes([:account])
Call stack
  /home/youssef/Documents/chatwoot/app/views/api/v1/models/_user.json.jbuilder:23:in 'block (2 levels) in _app_views_api_v__models__user_json_jbuilder__2989358026111774009_94720'
  /home/youssef/Documents/chatwoot/app/views/api/v1/models/_user.json.jbuilder:21:in 'block in _app_views_api_v__models__user_json_jbuilder__2989358026111774009_94720'
  /home/youssef/Documents/chatwoot/app/views/api/v1/models/_user.json.jbuilder:20:in '_app_views_api_v__models__user_json_jbuilder__2989358026111774009_94720'
  /home/youssef/Documents/chatwoot/app/views/devise/_auth.json.jbuilder:2:in 'block in _app_views_devise__auth_json_jbuilder___2127846301160302963_94712'
  /home/youssef/Documents/chatwoot/app/views/devise/_auth.json.jbuilder:1:in '_app_views_devise__auth_json_jbuilder___2127846301160302963_94712'
  /home/youssef/Documents/chatwoot/app/views/devise/token.json.jbuilder:3:in 'block in _app_views_devise_token_json_jbuilder__852674819577227499_94704'
  /home/youssef/Documents/chatwoot/app/views/devise/token.json.jbuilder:1:in '_app_views_devise_token_json_jbuilder__852674819577227499_94704'
  /home/youssef/Documents/chatwoot/app/controllers/devise_overrides/token_validations_controller.rb:5:in 'DeviseOverrides::TokenValidationsController#validate_token'
  /home/youssef/Documents/chatwoot/app/controllers/concerns/switch_locale.rb:39:in 'SwitchLocale#set_locale'
  /home/youssef/Documents/chatwoot/app/controllers/concerns/switch_locale.rb:13:in 'SwitchLocale#switch_locale'

2025-06-19 09:16:14[WARN] user: youssef
GET /auth/validate_token
USE eager loading detected
  AccountUser => [:custom_role]
  Add to your query: .includes([:custom_role])
Call stack
  /home/youssef/Documents/chatwoot/app/views/api/v1/models/_user.json.jbuilder:23:in 'block (2 levels) in _app_views_api_v__models__user_json_jbuilder__2989358026111774009_94720'
  /home/youssef/Documents/chatwoot/app/views/api/v1/models/_user.json.jbuilder:21:in 'block in _app_views_api_v__models__user_json_jbuilder__2989358026111774009_94720'
  /home/youssef/Documents/chatwoot/app/views/api/v1/models/_user.json.jbuilder:20:in '_app_views_api_v__models__user_json_jbuilder__2989358026111774009_94720'
  /home/youssef/Documents/chatwoot/app/views/devise/_auth.json.jbuilder:2:in 'block in _app_views_devise__auth_json_jbuilder___2127846301160302963_94712'
  /home/youssef/Documents/chatwoot/app/views/devise/_auth.json.jbuilder:1:in '_app_views_devise__auth_json_jbuilder___2127846301160302963_94712'
  /home/youssef/Documents/chatwoot/app/views/devise/token.json.jbuilder:3:in 'block in _app_views_devise_token_json_jbuilder__852674819577227499_94704'
  /home/youssef/Documents/chatwoot/app/views/devise/token.json.jbuilder:1:in '_app_views_devise_token_json_jbuilder__852674819577227499_94704'
  /home/youssef/Documents/chatwoot/app/controllers/devise_overrides/token_validations_controller.rb:5:in 'DeviseOverrides::TokenValidationsController#validate_token'
  /home/youssef/Documents/chatwoot/app/controllers/concerns/switch_locale.rb:39:in 'SwitchLocale#set_locale'
  /home/youssef/Documents/chatwoot/app/controllers/concerns/switch_locale.rb:13:in 'SwitchLocale#switch_locale'

2025-06-19 09:16:15[WARN] user: youssef
GET /api/v1/accounts/1/conversations?status=open&assignee_type=me&page=1&sort_by=last_activity_at_desc
AVOID eager loading detected
  Conversation => [:taggings]
  Remove from your query: .includes([:taggings])
Call stack
  /home/youssef/Documents/chatwoot/app/views/api/v1/accounts/conversations/index.json.jbuilder:9:in 'block (2 levels) in _app_views_api_v__accounts_conversations_index_json_jbuilder___3588530244420740140_96176'
  /home/youssef/Documents/chatwoot/app/views/api/v1/accounts/conversations/index.json.jbuilder:8:in 'block in _app_views_api_v__accounts_conversations_index_json_jbuilder___3588530244420740140_96176'
  /home/youssef/Documents/chatwoot/app/views/api/v1/accounts/conversations/index.json.jbuilder:1:in '_app_views_api_v__accounts_conversations_index_json_jbuilder___3588530244420740140_96176'
  /home/youssef/Documents/chatwoot/app/controllers/concerns/switch_locale.rb:39:in 'SwitchLocale#set_locale'
  /home/youssef/Documents/chatwoot/app/controllers/concerns/switch_locale.rb:18:in 'SwitchLocale#switch_locale_using_account_locale'
  /home/youssef/Documents/chatwoot/app/controllers/concerns/request_exception_handler.rb:11:in 'RequestExceptionHandler#handle_with_exception'
  /home/youssef/Documents/chatwoot/app/controllers/concerns/switch_locale.rb:39:in 'SwitchLocale#set_locale'
  /home/youssef/Documents/chatwoot/app/controllers/concerns/switch_locale.rb:13:in 'SwitchLocale#switch_locale'

2025-06-19 09:16:15[WARN] user: youssef
PUT /api/v1/profile
USE eager loading detected
  AccountUser => [:account]
  Add to your query: .includes([:account])
Call stack
  /home/youssef/Documents/chatwoot/app/views/api/v1/models/_user.json.jbuilder:23:in 'block (2 levels) in _app_views_api_v__models__user_json_jbuilder__2989358026111774009_94720'
  /home/youssef/Documents/chatwoot/app/views/api/v1/models/_user.json.jbuilder:21:in 'block in _app_views_api_v__models__user_json_jbuilder__2989358026111774009_94720'
  /home/youssef/Documents/chatwoot/app/views/api/v1/models/_user.json.jbuilder:20:in '_app_views_api_v__models__user_json_jbuilder__2989358026111774009_94720'
  /home/youssef/Documents/chatwoot/app/views/api/v1/profiles/update.json.jbuilder:1:in '_app_views_api_v__profiles_update_json_jbuilder__3933029402487629702_96608'
  /home/youssef/Documents/chatwoot/app/controllers/concerns/request_exception_handler.rb:11:in 'RequestExceptionHandler#handle_with_exception'
  /home/youssef/Documents/chatwoot/app/controllers/concerns/switch_locale.rb:39:in 'SwitchLocale#set_locale'
  /home/youssef/Documents/chatwoot/app/controllers/concerns/switch_locale.rb:13:in 'SwitchLocale#switch_locale'

2025-06-19 09:16:15[WARN] user: youssef
PUT /api/v1/profile
USE eager loading detected
  AccountUser => [:custom_role]
  Add to your query: .includes([:custom_role])
Call stack
  /home/youssef/Documents/chatwoot/app/views/api/v1/models/_user.json.jbuilder:23:in 'block (2 levels) in _app_views_api_v__models__user_json_jbuilder__2989358026111774009_94720'
  /home/youssef/Documents/chatwoot/app/views/api/v1/models/_user.json.jbuilder:21:in 'block in _app_views_api_v__models__user_json_jbuilder__2989358026111774009_94720'
  /home/youssef/Documents/chatwoot/app/views/api/v1/models/_user.json.jbuilder:20:in '_app_views_api_v__models__user_json_jbuilder__2989358026111774009_94720'
  /home/youssef/Documents/chatwoot/app/views/api/v1/profiles/update.json.jbuilder:1:in '_app_views_api_v__profiles_update_json_jbuilder__3933029402487629702_96608'
  /home/youssef/Documents/chatwoot/app/controllers/concerns/request_exception_handler.rb:11:in 'RequestExceptionHandler#handle_with_exception'
  /home/youssef/Documents/chatwoot/app/controllers/concerns/switch_locale.rb:39:in 'SwitchLocale#set_locale'
  /home/youssef/Documents/chatwoot/app/controllers/concerns/switch_locale.rb:13:in 'SwitchLocale#switch_locale'

2025-06-19 09:16:16[WARN] user: youssef
GET /api/v1/accounts/1/contacts/5/contactable_inboxes
AVOID eager loading detected
  Contact => [:contact_inboxes]
  Remove from your query: .includes([:contact_inboxes])
Call stack
  /home/youssef/Documents/chatwoot/app/controllers/api/v1/accounts/contacts_controller.rb:187:in 'Api::V1::Accounts::ContactsController#fetch_contact'
  /home/youssef/Documents/chatwoot/app/controllers/concerns/switch_locale.rb:39:in 'SwitchLocale#set_locale'
  /home/youssef/Documents/chatwoot/app/controllers/concerns/switch_locale.rb:18:in 'SwitchLocale#switch_locale_using_account_locale'
  /home/youssef/Documents/chatwoot/app/controllers/concerns/request_exception_handler.rb:11:in 'RequestExceptionHandler#handle_with_exception'
  /home/youssef/Documents/chatwoot/app/controllers/concerns/switch_locale.rb:39:in 'SwitchLocale#set_locale'
  /home/youssef/Documents/chatwoot/app/controllers/concerns/switch_locale.rb:13:in 'SwitchLocale#switch_locale'

2025-06-19 09:16:16[WARN] user: youssef
GET /api/v1/accounts/1/contacts/5/contactable_inboxes
AVOID eager loading detected
  ContactInbox => [:inbox]
  Remove from your query: .includes([:inbox])
Call stack
  /home/youssef/Documents/chatwoot/app/controllers/api/v1/accounts/contacts_controller.rb:187:in 'Api::V1::Accounts::ContactsController#fetch_contact'
  /home/youssef/Documents/chatwoot/app/controllers/concerns/switch_locale.rb:39:in 'SwitchLocale#set_locale'
  /home/youssef/Documents/chatwoot/app/controllers/concerns/switch_locale.rb:18:in 'SwitchLocale#switch_locale_using_account_locale'
  /home/youssef/Documents/chatwoot/app/controllers/concerns/request_exception_handler.rb:11:in 'RequestExceptionHandler#handle_with_exception'
  /home/youssef/Documents/chatwoot/app/controllers/concerns/switch_locale.rb:39:in 'SwitchLocale#set_locale'
  /home/youssef/Documents/chatwoot/app/controllers/concerns/switch_locale.rb:13:in 'SwitchLocale#switch_locale'

2025-06-19 09:16:16[WARN] user: youssef
GET /api/v1/accounts/1/contacts/5?include_contact_inboxes=false
AVOID eager loading detected
  Contact => [:contact_inboxes]
  Remove from your query: .includes([:contact_inboxes])
Call stack
  /home/youssef/Documents/chatwoot/app/controllers/api/v1/accounts/contacts_controller.rb:187:in 'Api::V1::Accounts::ContactsController#fetch_contact'
  /home/youssef/Documents/chatwoot/app/controllers/concerns/switch_locale.rb:39:in 'SwitchLocale#set_locale'
  /home/youssef/Documents/chatwoot/app/controllers/concerns/switch_locale.rb:18:in 'SwitchLocale#switch_locale_using_account_locale'
  /home/youssef/Documents/chatwoot/app/controllers/concerns/request_exception_handler.rb:11:in 'RequestExceptionHandler#handle_with_exception'
  /home/youssef/Documents/chatwoot/app/controllers/concerns/switch_locale.rb:39:in 'SwitchLocale#set_locale'
  /home/youssef/Documents/chatwoot/app/controllers/concerns/switch_locale.rb:13:in 'SwitchLocale#switch_locale'

2025-06-19 09:16:16[WARN] user: youssef
GET /api/v1/accounts/1/contacts/5?include_contact_inboxes=false
AVOID eager loading detected
  ContactInbox => [:inbox]
  Remove from your query: .includes([:inbox])
Call stack
  /home/youssef/Documents/chatwoot/app/controllers/api/v1/accounts/contacts_controller.rb:187:in 'Api::V1::Accounts::ContactsController#fetch_contact'
  /home/youssef/Documents/chatwoot/app/controllers/concerns/switch_locale.rb:39:in 'SwitchLocale#set_locale'
  /home/youssef/Documents/chatwoot/app/controllers/concerns/switch_locale.rb:18:in 'SwitchLocale#switch_locale_using_account_locale'
  /home/youssef/Documents/chatwoot/app/controllers/concerns/request_exception_handler.rb:11:in 'RequestExceptionHandler#handle_with_exception'
  /home/youssef/Documents/chatwoot/app/controllers/concerns/switch_locale.rb:39:in 'SwitchLocale#set_locale'
  /home/youssef/Documents/chatwoot/app/controllers/concerns/switch_locale.rb:13:in 'SwitchLocale#switch_locale'

2025-06-19 09:16:54[WARN] user: youssef
GET /auth/validate_token
USE eager loading detected
  AccountUser => [:account]
  Add to your query: .includes([:account])
Call stack
  /home/youssef/Documents/chatwoot/app/views/api/v1/models/_user.json.jbuilder:23:in 'block (2 levels) in _app_views_api_v__models__user_json_jbuilder__2989358026111774009_94720'
  /home/youssef/Documents/chatwoot/app/views/api/v1/models/_user.json.jbuilder:21:in 'block in _app_views_api_v__models__user_json_jbuilder__2989358026111774009_94720'
  /home/youssef/Documents/chatwoot/app/views/api/v1/models/_user.json.jbuilder:20:in '_app_views_api_v__models__user_json_jbuilder__2989358026111774009_94720'
  /home/youssef/Documents/chatwoot/app/views/devise/_auth.json.jbuilder:2:in 'block in _app_views_devise__auth_json_jbuilder___2127846301160302963_94712'
  /home/youssef/Documents/chatwoot/app/views/devise/_auth.json.jbuilder:1:in '_app_views_devise__auth_json_jbuilder___2127846301160302963_94712'
  /home/youssef/Documents/chatwoot/app/views/devise/token.json.jbuilder:3:in 'block in _app_views_devise_token_json_jbuilder__852674819577227499_94704'
  /home/youssef/Documents/chatwoot/app/views/devise/token.json.jbuilder:1:in '_app_views_devise_token_json_jbuilder__852674819577227499_94704'
  /home/youssef/Documents/chatwoot/app/controllers/devise_overrides/token_validations_controller.rb:5:in 'DeviseOverrides::TokenValidationsController#validate_token'
  /home/youssef/Documents/chatwoot/app/controllers/concerns/switch_locale.rb:39:in 'SwitchLocale#set_locale'
  /home/youssef/Documents/chatwoot/app/controllers/concerns/switch_locale.rb:13:in 'SwitchLocale#switch_locale'

2025-06-19 09:16:54[WARN] user: youssef
GET /auth/validate_token
USE eager loading detected
  AccountUser => [:custom_role]
  Add to your query: .includes([:custom_role])
Call stack
  /home/youssef/Documents/chatwoot/app/views/api/v1/models/_user.json.jbuilder:23:in 'block (2 levels) in _app_views_api_v__models__user_json_jbuilder__2989358026111774009_94720'
  /home/youssef/Documents/chatwoot/app/views/api/v1/models/_user.json.jbuilder:21:in 'block in _app_views_api_v__models__user_json_jbuilder__2989358026111774009_94720'
  /home/youssef/Documents/chatwoot/app/views/api/v1/models/_user.json.jbuilder:20:in '_app_views_api_v__models__user_json_jbuilder__2989358026111774009_94720'
  /home/youssef/Documents/chatwoot/app/views/devise/_auth.json.jbuilder:2:in 'block in _app_views_devise__auth_json_jbuilder___2127846301160302963_94712'
  /home/youssef/Documents/chatwoot/app/views/devise/_auth.json.jbuilder:1:in '_app_views_devise__auth_json_jbuilder___2127846301160302963_94712'
  /home/youssef/Documents/chatwoot/app/views/devise/token.json.jbuilder:3:in 'block in _app_views_devise_token_json_jbuilder__852674819577227499_94704'
  /home/youssef/Documents/chatwoot/app/views/devise/token.json.jbuilder:1:in '_app_views_devise_token_json_jbuilder__852674819577227499_94704'
  /home/youssef/Documents/chatwoot/app/controllers/devise_overrides/token_validations_controller.rb:5:in 'DeviseOverrides::TokenValidationsController#validate_token'
  /home/youssef/Documents/chatwoot/app/controllers/concerns/switch_locale.rb:39:in 'SwitchLocale#set_locale'
  /home/youssef/Documents/chatwoot/app/controllers/concerns/switch_locale.rb:13:in 'SwitchLocale#switch_locale'

2025-06-19 09:16:55[WARN] user: youssef
GET /api/v1/accounts/1/conversations?status=open&assignee_type=me&page=1&sort_by=last_activity_at_desc
AVOID eager loading detected
  Conversation => [:taggings]
  Remove from your query: .includes([:taggings])
Call stack
  /home/youssef/Documents/chatwoot/app/views/api/v1/accounts/conversations/index.json.jbuilder:9:in 'block (2 levels) in _app_views_api_v__accounts_conversations_index_json_jbuilder___3588530244420740140_96176'
  /home/youssef/Documents/chatwoot/app/views/api/v1/accounts/conversations/index.json.jbuilder:8:in 'block in _app_views_api_v__accounts_conversations_index_json_jbuilder___3588530244420740140_96176'
  /home/youssef/Documents/chatwoot/app/views/api/v1/accounts/conversations/index.json.jbuilder:1:in '_app_views_api_v__accounts_conversations_index_json_jbuilder___3588530244420740140_96176'
  /home/youssef/Documents/chatwoot/app/controllers/concerns/switch_locale.rb:39:in 'SwitchLocale#set_locale'
  /home/youssef/Documents/chatwoot/app/controllers/concerns/switch_locale.rb:18:in 'SwitchLocale#switch_locale_using_account_locale'
  /home/youssef/Documents/chatwoot/app/controllers/concerns/request_exception_handler.rb:11:in 'RequestExceptionHandler#handle_with_exception'
  /home/youssef/Documents/chatwoot/app/controllers/concerns/switch_locale.rb:39:in 'SwitchLocale#set_locale'
  /home/youssef/Documents/chatwoot/app/controllers/concerns/switch_locale.rb:13:in 'SwitchLocale#switch_locale'

2025-06-19 09:16:55[WARN] user: youssef
PUT /api/v1/profile
USE eager loading detected
  AccountUser => [:account]
  Add to your query: .includes([:account])
Call stack
  /home/youssef/Documents/chatwoot/app/views/api/v1/models/_user.json.jbuilder:23:in 'block (2 levels) in _app_views_api_v__models__user_json_jbuilder__2989358026111774009_94720'
  /home/youssef/Documents/chatwoot/app/views/api/v1/models/_user.json.jbuilder:21:in 'block in _app_views_api_v__models__user_json_jbuilder__2989358026111774009_94720'
  /home/youssef/Documents/chatwoot/app/views/api/v1/models/_user.json.jbuilder:20:in '_app_views_api_v__models__user_json_jbuilder__2989358026111774009_94720'
  /home/youssef/Documents/chatwoot/app/views/api/v1/profiles/update.json.jbuilder:1:in '_app_views_api_v__profiles_update_json_jbuilder__3933029402487629702_96608'
  /home/youssef/Documents/chatwoot/app/controllers/concerns/request_exception_handler.rb:11:in 'RequestExceptionHandler#handle_with_exception'
  /home/youssef/Documents/chatwoot/app/controllers/concerns/switch_locale.rb:39:in 'SwitchLocale#set_locale'
  /home/youssef/Documents/chatwoot/app/controllers/concerns/switch_locale.rb:13:in 'SwitchLocale#switch_locale'

2025-06-19 09:16:55[WARN] user: youssef
PUT /api/v1/profile
USE eager loading detected
  AccountUser => [:custom_role]
  Add to your query: .includes([:custom_role])
Call stack
  /home/youssef/Documents/chatwoot/app/views/api/v1/models/_user.json.jbuilder:23:in 'block (2 levels) in _app_views_api_v__models__user_json_jbuilder__2989358026111774009_94720'
  /home/youssef/Documents/chatwoot/app/views/api/v1/models/_user.json.jbuilder:21:in 'block in _app_views_api_v__models__user_json_jbuilder__2989358026111774009_94720'
  /home/youssef/Documents/chatwoot/app/views/api/v1/models/_user.json.jbuilder:20:in '_app_views_api_v__models__user_json_jbuilder__2989358026111774009_94720'
  /home/youssef/Documents/chatwoot/app/views/api/v1/profiles/update.json.jbuilder:1:in '_app_views_api_v__profiles_update_json_jbuilder__3933029402487629702_96608'
  /home/youssef/Documents/chatwoot/app/controllers/concerns/request_exception_handler.rb:11:in 'RequestExceptionHandler#handle_with_exception'
  /home/youssef/Documents/chatwoot/app/controllers/concerns/switch_locale.rb:39:in 'SwitchLocale#set_locale'
  /home/youssef/Documents/chatwoot/app/controllers/concerns/switch_locale.rb:13:in 'SwitchLocale#switch_locale'

2025-06-19 09:16:55[WARN] user: youssef
GET /api/v1/accounts/1/contacts/5/contactable_inboxes
AVOID eager loading detected
  Contact => [:contact_inboxes]
  Remove from your query: .includes([:contact_inboxes])
Call stack
  /home/youssef/Documents/chatwoot/app/controllers/api/v1/accounts/contacts_controller.rb:187:in 'Api::V1::Accounts::ContactsController#fetch_contact'
  /home/youssef/Documents/chatwoot/app/controllers/concerns/switch_locale.rb:39:in 'SwitchLocale#set_locale'
  /home/youssef/Documents/chatwoot/app/controllers/concerns/switch_locale.rb:18:in 'SwitchLocale#switch_locale_using_account_locale'
  /home/youssef/Documents/chatwoot/app/controllers/concerns/request_exception_handler.rb:11:in 'RequestExceptionHandler#handle_with_exception'
  /home/youssef/Documents/chatwoot/app/controllers/concerns/switch_locale.rb:39:in 'SwitchLocale#set_locale'
  /home/youssef/Documents/chatwoot/app/controllers/concerns/switch_locale.rb:13:in 'SwitchLocale#switch_locale'

2025-06-19 09:16:55[WARN] user: youssef
GET /api/v1/accounts/1/contacts/5/contactable_inboxes
AVOID eager loading detected
  ContactInbox => [:inbox]
  Remove from your query: .includes([:inbox])
Call stack
  /home/youssef/Documents/chatwoot/app/controllers/api/v1/accounts/contacts_controller.rb:187:in 'Api::V1::Accounts::ContactsController#fetch_contact'
  /home/youssef/Documents/chatwoot/app/controllers/concerns/switch_locale.rb:39:in 'SwitchLocale#set_locale'
  /home/youssef/Documents/chatwoot/app/controllers/concerns/switch_locale.rb:18:in 'SwitchLocale#switch_locale_using_account_locale'
  /home/youssef/Documents/chatwoot/app/controllers/concerns/request_exception_handler.rb:11:in 'RequestExceptionHandler#handle_with_exception'
  /home/youssef/Documents/chatwoot/app/controllers/concerns/switch_locale.rb:39:in 'SwitchLocale#set_locale'
  /home/youssef/Documents/chatwoot/app/controllers/concerns/switch_locale.rb:13:in 'SwitchLocale#switch_locale'

2025-06-19 09:16:55[WARN] user: youssef
GET /api/v1/accounts/1/contacts/5?include_contact_inboxes=false
AVOID eager loading detected
  Contact => [:contact_inboxes]
  Remove from your query: .includes([:contact_inboxes])
Call stack
  /home/youssef/Documents/chatwoot/app/controllers/api/v1/accounts/contacts_controller.rb:187:in 'Api::V1::Accounts::ContactsController#fetch_contact'
  /home/youssef/Documents/chatwoot/app/controllers/concerns/switch_locale.rb:39:in 'SwitchLocale#set_locale'
  /home/youssef/Documents/chatwoot/app/controllers/concerns/switch_locale.rb:18:in 'SwitchLocale#switch_locale_using_account_locale'
  /home/youssef/Documents/chatwoot/app/controllers/concerns/request_exception_handler.rb:11:in 'RequestExceptionHandler#handle_with_exception'
  /home/youssef/Documents/chatwoot/app/controllers/concerns/switch_locale.rb:39:in 'SwitchLocale#set_locale'
  /home/youssef/Documents/chatwoot/app/controllers/concerns/switch_locale.rb:13:in 'SwitchLocale#switch_locale'

2025-06-19 09:16:55[WARN] user: youssef
GET /api/v1/accounts/1/contacts/5?include_contact_inboxes=false
AVOID eager loading detected
  ContactInbox => [:inbox]
  Remove from your query: .includes([:inbox])
Call stack
  /home/youssef/Documents/chatwoot/app/controllers/api/v1/accounts/contacts_controller.rb:187:in 'Api::V1::Accounts::ContactsController#fetch_contact'
  /home/youssef/Documents/chatwoot/app/controllers/concerns/switch_locale.rb:39:in 'SwitchLocale#set_locale'
  /home/youssef/Documents/chatwoot/app/controllers/concerns/switch_locale.rb:18:in 'SwitchLocale#switch_locale_using_account_locale'
  /home/youssef/Documents/chatwoot/app/controllers/concerns/request_exception_handler.rb:11:in 'RequestExceptionHandler#handle_with_exception'
  /home/youssef/Documents/chatwoot/app/controllers/concerns/switch_locale.rb:39:in 'SwitchLocale#set_locale'
  /home/youssef/Documents/chatwoot/app/controllers/concerns/switch_locale.rb:13:in 'SwitchLocale#switch_locale'

2025-06-19 09:22:35[WARN] user: youssef
GET /auth/validate_token
USE eager loading detected
  AccountUser => [:account]
  Add to your query: .includes([:account])
Call stack
  /home/youssef/Documents/chatwoot/app/views/api/v1/models/_user.json.jbuilder:23:in 'block (2 levels) in _app_views_api_v__models__user_json_jbuilder__2989358026111774009_94720'
  /home/youssef/Documents/chatwoot/app/views/api/v1/models/_user.json.jbuilder:21:in 'block in _app_views_api_v__models__user_json_jbuilder__2989358026111774009_94720'
  /home/youssef/Documents/chatwoot/app/views/api/v1/models/_user.json.jbuilder:20:in '_app_views_api_v__models__user_json_jbuilder__2989358026111774009_94720'
  /home/youssef/Documents/chatwoot/app/views/devise/_auth.json.jbuilder:2:in 'block in _app_views_devise__auth_json_jbuilder___2127846301160302963_94712'
  /home/youssef/Documents/chatwoot/app/views/devise/_auth.json.jbuilder:1:in '_app_views_devise__auth_json_jbuilder___2127846301160302963_94712'
  /home/youssef/Documents/chatwoot/app/views/devise/token.json.jbuilder:3:in 'block in _app_views_devise_token_json_jbuilder__852674819577227499_94704'
  /home/youssef/Documents/chatwoot/app/views/devise/token.json.jbuilder:1:in '_app_views_devise_token_json_jbuilder__852674819577227499_94704'
  /home/youssef/Documents/chatwoot/app/controllers/devise_overrides/token_validations_controller.rb:5:in 'DeviseOverrides::TokenValidationsController#validate_token'
  /home/youssef/Documents/chatwoot/app/controllers/concerns/switch_locale.rb:39:in 'SwitchLocale#set_locale'
  /home/youssef/Documents/chatwoot/app/controllers/concerns/switch_locale.rb:13:in 'SwitchLocale#switch_locale'

2025-06-19 09:22:35[WARN] user: youssef
GET /auth/validate_token
USE eager loading detected
  AccountUser => [:custom_role]
  Add to your query: .includes([:custom_role])
Call stack
  /home/youssef/Documents/chatwoot/app/views/api/v1/models/_user.json.jbuilder:23:in 'block (2 levels) in _app_views_api_v__models__user_json_jbuilder__2989358026111774009_94720'
  /home/youssef/Documents/chatwoot/app/views/api/v1/models/_user.json.jbuilder:21:in 'block in _app_views_api_v__models__user_json_jbuilder__2989358026111774009_94720'
  /home/youssef/Documents/chatwoot/app/views/api/v1/models/_user.json.jbuilder:20:in '_app_views_api_v__models__user_json_jbuilder__2989358026111774009_94720'
  /home/youssef/Documents/chatwoot/app/views/devise/_auth.json.jbuilder:2:in 'block in _app_views_devise__auth_json_jbuilder___2127846301160302963_94712'
  /home/youssef/Documents/chatwoot/app/views/devise/_auth.json.jbuilder:1:in '_app_views_devise__auth_json_jbuilder___2127846301160302963_94712'
  /home/youssef/Documents/chatwoot/app/views/devise/token.json.jbuilder:3:in 'block in _app_views_devise_token_json_jbuilder__852674819577227499_94704'
  /home/youssef/Documents/chatwoot/app/views/devise/token.json.jbuilder:1:in '_app_views_devise_token_json_jbuilder__852674819577227499_94704'
  /home/youssef/Documents/chatwoot/app/controllers/devise_overrides/token_validations_controller.rb:5:in 'DeviseOverrides::TokenValidationsController#validate_token'
  /home/youssef/Documents/chatwoot/app/controllers/concerns/switch_locale.rb:39:in 'SwitchLocale#set_locale'
  /home/youssef/Documents/chatwoot/app/controllers/concerns/switch_locale.rb:13:in 'SwitchLocale#switch_locale'

2025-06-19 09:22:36[WARN] user: youssef
GET /api/v1/accounts/1/conversations?status=open&assignee_type=me&page=1&sort_by=last_activity_at_desc
AVOID eager loading detected
  Conversation => [:taggings]
  Remove from your query: .includes([:taggings])
Call stack
  /home/youssef/Documents/chatwoot/app/views/api/v1/accounts/conversations/index.json.jbuilder:9:in 'block (2 levels) in _app_views_api_v__accounts_conversations_index_json_jbuilder___3588530244420740140_96176'
  /home/youssef/Documents/chatwoot/app/views/api/v1/accounts/conversations/index.json.jbuilder:8:in 'block in _app_views_api_v__accounts_conversations_index_json_jbuilder___3588530244420740140_96176'
  /home/youssef/Documents/chatwoot/app/views/api/v1/accounts/conversations/index.json.jbuilder:1:in '_app_views_api_v__accounts_conversations_index_json_jbuilder___3588530244420740140_96176'
  /home/youssef/Documents/chatwoot/app/controllers/concerns/switch_locale.rb:39:in 'SwitchLocale#set_locale'
  /home/youssef/Documents/chatwoot/app/controllers/concerns/switch_locale.rb:18:in 'SwitchLocale#switch_locale_using_account_locale'
  /home/youssef/Documents/chatwoot/app/controllers/concerns/request_exception_handler.rb:11:in 'RequestExceptionHandler#handle_with_exception'
  /home/youssef/Documents/chatwoot/app/controllers/concerns/switch_locale.rb:39:in 'SwitchLocale#set_locale'
  /home/youssef/Documents/chatwoot/app/controllers/concerns/switch_locale.rb:13:in 'SwitchLocale#switch_locale'

2025-06-19 09:22:36[WARN] user: youssef
PUT /api/v1/profile
USE eager loading detected
  AccountUser => [:account]
  Add to your query: .includes([:account])
Call stack
  /home/youssef/Documents/chatwoot/app/views/api/v1/models/_user.json.jbuilder:23:in 'block (2 levels) in _app_views_api_v__models__user_json_jbuilder__2989358026111774009_94720'
  /home/youssef/Documents/chatwoot/app/views/api/v1/models/_user.json.jbuilder:21:in 'block in _app_views_api_v__models__user_json_jbuilder__2989358026111774009_94720'
  /home/youssef/Documents/chatwoot/app/views/api/v1/models/_user.json.jbuilder:20:in '_app_views_api_v__models__user_json_jbuilder__2989358026111774009_94720'
  /home/youssef/Documents/chatwoot/app/views/api/v1/profiles/update.json.jbuilder:1:in '_app_views_api_v__profiles_update_json_jbuilder__3933029402487629702_96608'
  /home/youssef/Documents/chatwoot/app/controllers/concerns/request_exception_handler.rb:11:in 'RequestExceptionHandler#handle_with_exception'
  /home/youssef/Documents/chatwoot/app/controllers/concerns/switch_locale.rb:39:in 'SwitchLocale#set_locale'
  /home/youssef/Documents/chatwoot/app/controllers/concerns/switch_locale.rb:13:in 'SwitchLocale#switch_locale'

2025-06-19 09:22:36[WARN] user: youssef
PUT /api/v1/profile
USE eager loading detected
  AccountUser => [:custom_role]
  Add to your query: .includes([:custom_role])
Call stack
  /home/youssef/Documents/chatwoot/app/views/api/v1/models/_user.json.jbuilder:23:in 'block (2 levels) in _app_views_api_v__models__user_json_jbuilder__2989358026111774009_94720'
  /home/youssef/Documents/chatwoot/app/views/api/v1/models/_user.json.jbuilder:21:in 'block in _app_views_api_v__models__user_json_jbuilder__2989358026111774009_94720'
  /home/youssef/Documents/chatwoot/app/views/api/v1/models/_user.json.jbuilder:20:in '_app_views_api_v__models__user_json_jbuilder__2989358026111774009_94720'
  /home/youssef/Documents/chatwoot/app/views/api/v1/profiles/update.json.jbuilder:1:in '_app_views_api_v__profiles_update_json_jbuilder__3933029402487629702_96608'
  /home/youssef/Documents/chatwoot/app/controllers/concerns/request_exception_handler.rb:11:in 'RequestExceptionHandler#handle_with_exception'
  /home/youssef/Documents/chatwoot/app/controllers/concerns/switch_locale.rb:39:in 'SwitchLocale#set_locale'
  /home/youssef/Documents/chatwoot/app/controllers/concerns/switch_locale.rb:13:in 'SwitchLocale#switch_locale'

2025-06-19 09:22:36[WARN] user: youssef
GET /api/v1/accounts/1/contacts/5/contactable_inboxes
AVOID eager loading detected
  Contact => [:contact_inboxes]
  Remove from your query: .includes([:contact_inboxes])
Call stack
  /home/youssef/Documents/chatwoot/app/controllers/api/v1/accounts/contacts_controller.rb:187:in 'Api::V1::Accounts::ContactsController#fetch_contact'
  /home/youssef/Documents/chatwoot/app/controllers/concerns/switch_locale.rb:39:in 'SwitchLocale#set_locale'
  /home/youssef/Documents/chatwoot/app/controllers/concerns/switch_locale.rb:18:in 'SwitchLocale#switch_locale_using_account_locale'
  /home/youssef/Documents/chatwoot/app/controllers/concerns/request_exception_handler.rb:11:in 'RequestExceptionHandler#handle_with_exception'
  /home/youssef/Documents/chatwoot/app/controllers/concerns/switch_locale.rb:39:in 'SwitchLocale#set_locale'
  /home/youssef/Documents/chatwoot/app/controllers/concerns/switch_locale.rb:13:in 'SwitchLocale#switch_locale'

2025-06-19 09:22:36[WARN] user: youssef
GET /api/v1/accounts/1/contacts/5/contactable_inboxes
AVOID eager loading detected
  ContactInbox => [:inbox]
  Remove from your query: .includes([:inbox])
Call stack
  /home/youssef/Documents/chatwoot/app/controllers/api/v1/accounts/contacts_controller.rb:187:in 'Api::V1::Accounts::ContactsController#fetch_contact'
  /home/youssef/Documents/chatwoot/app/controllers/concerns/switch_locale.rb:39:in 'SwitchLocale#set_locale'
  /home/youssef/Documents/chatwoot/app/controllers/concerns/switch_locale.rb:18:in 'SwitchLocale#switch_locale_using_account_locale'
  /home/youssef/Documents/chatwoot/app/controllers/concerns/request_exception_handler.rb:11:in 'RequestExceptionHandler#handle_with_exception'
  /home/youssef/Documents/chatwoot/app/controllers/concerns/switch_locale.rb:39:in 'SwitchLocale#set_locale'
  /home/youssef/Documents/chatwoot/app/controllers/concerns/switch_locale.rb:13:in 'SwitchLocale#switch_locale'

2025-06-19 09:22:37[WARN] user: youssef
GET /api/v1/accounts/1/contacts/5?include_contact_inboxes=false
AVOID eager loading detected
  Contact => [:contact_inboxes]
  Remove from your query: .includes([:contact_inboxes])
Call stack
  /home/youssef/Documents/chatwoot/app/controllers/api/v1/accounts/contacts_controller.rb:187:in 'Api::V1::Accounts::ContactsController#fetch_contact'
  /home/youssef/Documents/chatwoot/app/controllers/concerns/switch_locale.rb:39:in 'SwitchLocale#set_locale'
  /home/youssef/Documents/chatwoot/app/controllers/concerns/switch_locale.rb:18:in 'SwitchLocale#switch_locale_using_account_locale'
  /home/youssef/Documents/chatwoot/app/controllers/concerns/request_exception_handler.rb:11:in 'RequestExceptionHandler#handle_with_exception'
  /home/youssef/Documents/chatwoot/app/controllers/concerns/switch_locale.rb:39:in 'SwitchLocale#set_locale'
  /home/youssef/Documents/chatwoot/app/controllers/concerns/switch_locale.rb:13:in 'SwitchLocale#switch_locale'

2025-06-19 09:22:37[WARN] user: youssef
GET /api/v1/accounts/1/contacts/5?include_contact_inboxes=false
AVOID eager loading detected
  ContactInbox => [:inbox]
  Remove from your query: .includes([:inbox])
Call stack
  /home/youssef/Documents/chatwoot/app/controllers/api/v1/accounts/contacts_controller.rb:187:in 'Api::V1::Accounts::ContactsController#fetch_contact'
  /home/youssef/Documents/chatwoot/app/controllers/concerns/switch_locale.rb:39:in 'SwitchLocale#set_locale'
  /home/youssef/Documents/chatwoot/app/controllers/concerns/switch_locale.rb:18:in 'SwitchLocale#switch_locale_using_account_locale'
  /home/youssef/Documents/chatwoot/app/controllers/concerns/request_exception_handler.rb:11:in 'RequestExceptionHandler#handle_with_exception'
  /home/youssef/Documents/chatwoot/app/controllers/concerns/switch_locale.rb:39:in 'SwitchLocale#set_locale'
  /home/youssef/Documents/chatwoot/app/controllers/concerns/switch_locale.rb:13:in 'SwitchLocale#switch_locale'

2025-06-19 09:28:19[WARN] user: youssef
GET /auth/validate_token
USE eager loading detected
  AccountUser => [:account]
  Add to your query: .includes([:account])
Call stack
  /home/youssef/Documents/chatwoot/app/views/api/v1/models/_user.json.jbuilder:23:in 'block (2 levels) in _app_views_api_v__models__user_json_jbuilder__2989358026111774009_94720'
  /home/youssef/Documents/chatwoot/app/views/api/v1/models/_user.json.jbuilder:21:in 'block in _app_views_api_v__models__user_json_jbuilder__2989358026111774009_94720'
  /home/youssef/Documents/chatwoot/app/views/api/v1/models/_user.json.jbuilder:20:in '_app_views_api_v__models__user_json_jbuilder__2989358026111774009_94720'
  /home/youssef/Documents/chatwoot/app/views/devise/_auth.json.jbuilder:2:in 'block in _app_views_devise__auth_json_jbuilder___2127846301160302963_94712'
  /home/youssef/Documents/chatwoot/app/views/devise/_auth.json.jbuilder:1:in '_app_views_devise__auth_json_jbuilder___2127846301160302963_94712'
  /home/youssef/Documents/chatwoot/app/views/devise/token.json.jbuilder:3:in 'block in _app_views_devise_token_json_jbuilder__852674819577227499_94704'
  /home/youssef/Documents/chatwoot/app/views/devise/token.json.jbuilder:1:in '_app_views_devise_token_json_jbuilder__852674819577227499_94704'
  /home/youssef/Documents/chatwoot/app/controllers/devise_overrides/token_validations_controller.rb:5:in 'DeviseOverrides::TokenValidationsController#validate_token'
  /home/youssef/Documents/chatwoot/app/controllers/concerns/switch_locale.rb:39:in 'SwitchLocale#set_locale'
  /home/youssef/Documents/chatwoot/app/controllers/concerns/switch_locale.rb:13:in 'SwitchLocale#switch_locale'

2025-06-19 09:28:19[WARN] user: youssef
GET /auth/validate_token
USE eager loading detected
  AccountUser => [:custom_role]
  Add to your query: .includes([:custom_role])
Call stack
  /home/youssef/Documents/chatwoot/app/views/api/v1/models/_user.json.jbuilder:23:in 'block (2 levels) in _app_views_api_v__models__user_json_jbuilder__2989358026111774009_94720'
  /home/youssef/Documents/chatwoot/app/views/api/v1/models/_user.json.jbuilder:21:in 'block in _app_views_api_v__models__user_json_jbuilder__2989358026111774009_94720'
  /home/youssef/Documents/chatwoot/app/views/api/v1/models/_user.json.jbuilder:20:in '_app_views_api_v__models__user_json_jbuilder__2989358026111774009_94720'
  /home/youssef/Documents/chatwoot/app/views/devise/_auth.json.jbuilder:2:in 'block in _app_views_devise__auth_json_jbuilder___2127846301160302963_94712'
  /home/youssef/Documents/chatwoot/app/views/devise/_auth.json.jbuilder:1:in '_app_views_devise__auth_json_jbuilder___2127846301160302963_94712'
  /home/youssef/Documents/chatwoot/app/views/devise/token.json.jbuilder:3:in 'block in _app_views_devise_token_json_jbuilder__852674819577227499_94704'
  /home/youssef/Documents/chatwoot/app/views/devise/token.json.jbuilder:1:in '_app_views_devise_token_json_jbuilder__852674819577227499_94704'
  /home/youssef/Documents/chatwoot/app/controllers/devise_overrides/token_validations_controller.rb:5:in 'DeviseOverrides::TokenValidationsController#validate_token'
  /home/youssef/Documents/chatwoot/app/controllers/concerns/switch_locale.rb:39:in 'SwitchLocale#set_locale'
  /home/youssef/Documents/chatwoot/app/controllers/concerns/switch_locale.rb:13:in 'SwitchLocale#switch_locale'

2025-06-19 09:28:20[WARN] user: youssef
GET /api/v1/accounts/1/conversations?status=open&assignee_type=me&page=1&sort_by=last_activity_at_desc
AVOID eager loading detected
  Conversation => [:taggings]
  Remove from your query: .includes([:taggings])
Call stack
  /home/youssef/Documents/chatwoot/app/views/api/v1/accounts/conversations/index.json.jbuilder:9:in 'block (2 levels) in _app_views_api_v__accounts_conversations_index_json_jbuilder___3588530244420740140_96176'
  /home/youssef/Documents/chatwoot/app/views/api/v1/accounts/conversations/index.json.jbuilder:8:in 'block in _app_views_api_v__accounts_conversations_index_json_jbuilder___3588530244420740140_96176'
  /home/youssef/Documents/chatwoot/app/views/api/v1/accounts/conversations/index.json.jbuilder:1:in '_app_views_api_v__accounts_conversations_index_json_jbuilder___3588530244420740140_96176'
  /home/youssef/Documents/chatwoot/app/controllers/concerns/switch_locale.rb:39:in 'SwitchLocale#set_locale'
  /home/youssef/Documents/chatwoot/app/controllers/concerns/switch_locale.rb:18:in 'SwitchLocale#switch_locale_using_account_locale'
  /home/youssef/Documents/chatwoot/app/controllers/concerns/request_exception_handler.rb:11:in 'RequestExceptionHandler#handle_with_exception'
  /home/youssef/Documents/chatwoot/app/controllers/concerns/switch_locale.rb:39:in 'SwitchLocale#set_locale'
  /home/youssef/Documents/chatwoot/app/controllers/concerns/switch_locale.rb:13:in 'SwitchLocale#switch_locale'

2025-06-19 09:28:20[WARN] user: youssef
PUT /api/v1/profile
USE eager loading detected
  AccountUser => [:account]
  Add to your query: .includes([:account])
Call stack
  /home/youssef/Documents/chatwoot/app/views/api/v1/models/_user.json.jbuilder:23:in 'block (2 levels) in _app_views_api_v__models__user_json_jbuilder__2989358026111774009_94720'
  /home/youssef/Documents/chatwoot/app/views/api/v1/models/_user.json.jbuilder:21:in 'block in _app_views_api_v__models__user_json_jbuilder__2989358026111774009_94720'
  /home/youssef/Documents/chatwoot/app/views/api/v1/models/_user.json.jbuilder:20:in '_app_views_api_v__models__user_json_jbuilder__2989358026111774009_94720'
  /home/youssef/Documents/chatwoot/app/views/api/v1/profiles/update.json.jbuilder:1:in '_app_views_api_v__profiles_update_json_jbuilder__3933029402487629702_96608'
  /home/youssef/Documents/chatwoot/app/controllers/concerns/request_exception_handler.rb:11:in 'RequestExceptionHandler#handle_with_exception'
  /home/youssef/Documents/chatwoot/app/controllers/concerns/switch_locale.rb:39:in 'SwitchLocale#set_locale'
  /home/youssef/Documents/chatwoot/app/controllers/concerns/switch_locale.rb:13:in 'SwitchLocale#switch_locale'

2025-06-19 09:28:20[WARN] user: youssef
PUT /api/v1/profile
USE eager loading detected
  AccountUser => [:custom_role]
  Add to your query: .includes([:custom_role])
Call stack
  /home/youssef/Documents/chatwoot/app/views/api/v1/models/_user.json.jbuilder:23:in 'block (2 levels) in _app_views_api_v__models__user_json_jbuilder__2989358026111774009_94720'
  /home/youssef/Documents/chatwoot/app/views/api/v1/models/_user.json.jbuilder:21:in 'block in _app_views_api_v__models__user_json_jbuilder__2989358026111774009_94720'
  /home/youssef/Documents/chatwoot/app/views/api/v1/models/_user.json.jbuilder:20:in '_app_views_api_v__models__user_json_jbuilder__2989358026111774009_94720'
  /home/youssef/Documents/chatwoot/app/views/api/v1/profiles/update.json.jbuilder:1:in '_app_views_api_v__profiles_update_json_jbuilder__3933029402487629702_96608'
  /home/youssef/Documents/chatwoot/app/controllers/concerns/request_exception_handler.rb:11:in 'RequestExceptionHandler#handle_with_exception'
  /home/youssef/Documents/chatwoot/app/controllers/concerns/switch_locale.rb:39:in 'SwitchLocale#set_locale'
  /home/youssef/Documents/chatwoot/app/controllers/concerns/switch_locale.rb:13:in 'SwitchLocale#switch_locale'

2025-06-19 09:28:20[WARN] user: youssef
GET /api/v1/accounts/1/contacts/5/contactable_inboxes
AVOID eager loading detected
  Contact => [:contact_inboxes]
  Remove from your query: .includes([:contact_inboxes])
Call stack
  /home/youssef/Documents/chatwoot/app/controllers/api/v1/accounts/contacts_controller.rb:187:in 'Api::V1::Accounts::ContactsController#fetch_contact'
  /home/youssef/Documents/chatwoot/app/controllers/concerns/switch_locale.rb:39:in 'SwitchLocale#set_locale'
  /home/youssef/Documents/chatwoot/app/controllers/concerns/switch_locale.rb:18:in 'SwitchLocale#switch_locale_using_account_locale'
  /home/youssef/Documents/chatwoot/app/controllers/concerns/request_exception_handler.rb:11:in 'RequestExceptionHandler#handle_with_exception'
  /home/youssef/Documents/chatwoot/app/controllers/concerns/switch_locale.rb:39:in 'SwitchLocale#set_locale'
  /home/youssef/Documents/chatwoot/app/controllers/concerns/switch_locale.rb:13:in 'SwitchLocale#switch_locale'

2025-06-19 09:28:20[WARN] user: youssef
GET /api/v1/accounts/1/contacts/5/contactable_inboxes
AVOID eager loading detected
  ContactInbox => [:inbox]
  Remove from your query: .includes([:inbox])
Call stack
  /home/youssef/Documents/chatwoot/app/controllers/api/v1/accounts/contacts_controller.rb:187:in 'Api::V1::Accounts::ContactsController#fetch_contact'
  /home/youssef/Documents/chatwoot/app/controllers/concerns/switch_locale.rb:39:in 'SwitchLocale#set_locale'
  /home/youssef/Documents/chatwoot/app/controllers/concerns/switch_locale.rb:18:in 'SwitchLocale#switch_locale_using_account_locale'
  /home/youssef/Documents/chatwoot/app/controllers/concerns/request_exception_handler.rb:11:in 'RequestExceptionHandler#handle_with_exception'
  /home/youssef/Documents/chatwoot/app/controllers/concerns/switch_locale.rb:39:in 'SwitchLocale#set_locale'
  /home/youssef/Documents/chatwoot/app/controllers/concerns/switch_locale.rb:13:in 'SwitchLocale#switch_locale'

2025-06-19 09:28:20[WARN] user: youssef
GET /api/v1/accounts/1/contacts/5?include_contact_inboxes=false
AVOID eager loading detected
  Contact => [:contact_inboxes]
  Remove from your query: .includes([:contact_inboxes])
Call stack
  /home/youssef/Documents/chatwoot/app/controllers/api/v1/accounts/contacts_controller.rb:187:in 'Api::V1::Accounts::ContactsController#fetch_contact'
  /home/youssef/Documents/chatwoot/app/controllers/concerns/switch_locale.rb:39:in 'SwitchLocale#set_locale'
  /home/youssef/Documents/chatwoot/app/controllers/concerns/switch_locale.rb:18:in 'SwitchLocale#switch_locale_using_account_locale'
  /home/youssef/Documents/chatwoot/app/controllers/concerns/request_exception_handler.rb:11:in 'RequestExceptionHandler#handle_with_exception'
  /home/youssef/Documents/chatwoot/app/controllers/concerns/switch_locale.rb:39:in 'SwitchLocale#set_locale'
  /home/youssef/Documents/chatwoot/app/controllers/concerns/switch_locale.rb:13:in 'SwitchLocale#switch_locale'

2025-06-19 09:28:20[WARN] user: youssef
GET /api/v1/accounts/1/contacts/5?include_contact_inboxes=false
AVOID eager loading detected
  ContactInbox => [:inbox]
  Remove from your query: .includes([:inbox])
Call stack
  /home/youssef/Documents/chatwoot/app/controllers/api/v1/accounts/contacts_controller.rb:187:in 'Api::V1::Accounts::ContactsController#fetch_contact'
  /home/youssef/Documents/chatwoot/app/controllers/concerns/switch_locale.rb:39:in 'SwitchLocale#set_locale'
  /home/youssef/Documents/chatwoot/app/controllers/concerns/switch_locale.rb:18:in 'SwitchLocale#switch_locale_using_account_locale'
  /home/youssef/Documents/chatwoot/app/controllers/concerns/request_exception_handler.rb:11:in 'RequestExceptionHandler#handle_with_exception'
  /home/youssef/Documents/chatwoot/app/controllers/concerns/switch_locale.rb:39:in 'SwitchLocale#set_locale'
  /home/youssef/Documents/chatwoot/app/controllers/concerns/switch_locale.rb:13:in 'SwitchLocale#switch_locale'

2025-06-19 09:30:20[WARN] user: youssef
GET /auth/validate_token
USE eager loading detected
  AccountUser => [:account]
  Add to your query: .includes([:account])
Call stack
  /home/youssef/Documents/chatwoot/app/views/api/v1/models/_user.json.jbuilder:23:in 'block (2 levels) in _app_views_api_v__models__user_json_jbuilder__2989358026111774009_94720'
  /home/youssef/Documents/chatwoot/app/views/api/v1/models/_user.json.jbuilder:21:in 'block in _app_views_api_v__models__user_json_jbuilder__2989358026111774009_94720'
  /home/youssef/Documents/chatwoot/app/views/api/v1/models/_user.json.jbuilder:20:in '_app_views_api_v__models__user_json_jbuilder__2989358026111774009_94720'
  /home/youssef/Documents/chatwoot/app/views/devise/_auth.json.jbuilder:2:in 'block in _app_views_devise__auth_json_jbuilder___2127846301160302963_94712'
  /home/youssef/Documents/chatwoot/app/views/devise/_auth.json.jbuilder:1:in '_app_views_devise__auth_json_jbuilder___2127846301160302963_94712'
  /home/youssef/Documents/chatwoot/app/views/devise/token.json.jbuilder:3:in 'block in _app_views_devise_token_json_jbuilder__852674819577227499_94704'
  /home/youssef/Documents/chatwoot/app/views/devise/token.json.jbuilder:1:in '_app_views_devise_token_json_jbuilder__852674819577227499_94704'
  /home/youssef/Documents/chatwoot/app/controllers/devise_overrides/token_validations_controller.rb:5:in 'DeviseOverrides::TokenValidationsController#validate_token'
  /home/youssef/Documents/chatwoot/app/controllers/concerns/switch_locale.rb:39:in 'SwitchLocale#set_locale'
  /home/youssef/Documents/chatwoot/app/controllers/concerns/switch_locale.rb:13:in 'SwitchLocale#switch_locale'

2025-06-19 09:30:20[WARN] user: youssef
GET /auth/validate_token
USE eager loading detected
  AccountUser => [:custom_role]
  Add to your query: .includes([:custom_role])
Call stack
  /home/youssef/Documents/chatwoot/app/views/api/v1/models/_user.json.jbuilder:23:in 'block (2 levels) in _app_views_api_v__models__user_json_jbuilder__2989358026111774009_94720'
  /home/youssef/Documents/chatwoot/app/views/api/v1/models/_user.json.jbuilder:21:in 'block in _app_views_api_v__models__user_json_jbuilder__2989358026111774009_94720'
  /home/youssef/Documents/chatwoot/app/views/api/v1/models/_user.json.jbuilder:20:in '_app_views_api_v__models__user_json_jbuilder__2989358026111774009_94720'
  /home/youssef/Documents/chatwoot/app/views/devise/_auth.json.jbuilder:2:in 'block in _app_views_devise__auth_json_jbuilder___2127846301160302963_94712'
  /home/youssef/Documents/chatwoot/app/views/devise/_auth.json.jbuilder:1:in '_app_views_devise__auth_json_jbuilder___2127846301160302963_94712'
  /home/youssef/Documents/chatwoot/app/views/devise/token.json.jbuilder:3:in 'block in _app_views_devise_token_json_jbuilder__852674819577227499_94704'
  /home/youssef/Documents/chatwoot/app/views/devise/token.json.jbuilder:1:in '_app_views_devise_token_json_jbuilder__852674819577227499_94704'
  /home/youssef/Documents/chatwoot/app/controllers/devise_overrides/token_validations_controller.rb:5:in 'DeviseOverrides::TokenValidationsController#validate_token'
  /home/youssef/Documents/chatwoot/app/controllers/concerns/switch_locale.rb:39:in 'SwitchLocale#set_locale'
  /home/youssef/Documents/chatwoot/app/controllers/concerns/switch_locale.rb:13:in 'SwitchLocale#switch_locale'

2025-06-19 09:30:21[WARN] user: youssef
GET /api/v1/accounts/1/conversations?status=open&assignee_type=me&page=1&sort_by=last_activity_at_desc
AVOID eager loading detected
  Conversation => [:taggings]
  Remove from your query: .includes([:taggings])
Call stack
  /home/youssef/Documents/chatwoot/app/views/api/v1/accounts/conversations/index.json.jbuilder:9:in 'block (2 levels) in _app_views_api_v__accounts_conversations_index_json_jbuilder___3588530244420740140_96176'
  /home/youssef/Documents/chatwoot/app/views/api/v1/accounts/conversations/index.json.jbuilder:8:in 'block in _app_views_api_v__accounts_conversations_index_json_jbuilder___3588530244420740140_96176'
  /home/youssef/Documents/chatwoot/app/views/api/v1/accounts/conversations/index.json.jbuilder:1:in '_app_views_api_v__accounts_conversations_index_json_jbuilder___3588530244420740140_96176'
  /home/youssef/Documents/chatwoot/app/controllers/concerns/switch_locale.rb:39:in 'SwitchLocale#set_locale'
  /home/youssef/Documents/chatwoot/app/controllers/concerns/switch_locale.rb:18:in 'SwitchLocale#switch_locale_using_account_locale'
  /home/youssef/Documents/chatwoot/app/controllers/concerns/request_exception_handler.rb:11:in 'RequestExceptionHandler#handle_with_exception'
  /home/youssef/Documents/chatwoot/app/controllers/concerns/switch_locale.rb:39:in 'SwitchLocale#set_locale'
  /home/youssef/Documents/chatwoot/app/controllers/concerns/switch_locale.rb:13:in 'SwitchLocale#switch_locale'

2025-06-19 09:30:21[WARN] user: youssef
PUT /api/v1/profile
USE eager loading detected
  AccountUser => [:account]
  Add to your query: .includes([:account])
Call stack
  /home/youssef/Documents/chatwoot/app/views/api/v1/models/_user.json.jbuilder:23:in 'block (2 levels) in _app_views_api_v__models__user_json_jbuilder__2989358026111774009_94720'
  /home/youssef/Documents/chatwoot/app/views/api/v1/models/_user.json.jbuilder:21:in 'block in _app_views_api_v__models__user_json_jbuilder__2989358026111774009_94720'
  /home/youssef/Documents/chatwoot/app/views/api/v1/models/_user.json.jbuilder:20:in '_app_views_api_v__models__user_json_jbuilder__2989358026111774009_94720'
  /home/youssef/Documents/chatwoot/app/views/api/v1/profiles/update.json.jbuilder:1:in '_app_views_api_v__profiles_update_json_jbuilder__3933029402487629702_96608'
  /home/youssef/Documents/chatwoot/app/controllers/concerns/request_exception_handler.rb:11:in 'RequestExceptionHandler#handle_with_exception'
  /home/youssef/Documents/chatwoot/app/controllers/concerns/switch_locale.rb:39:in 'SwitchLocale#set_locale'
  /home/youssef/Documents/chatwoot/app/controllers/concerns/switch_locale.rb:13:in 'SwitchLocale#switch_locale'

2025-06-19 09:30:21[WARN] user: youssef
PUT /api/v1/profile
USE eager loading detected
  AccountUser => [:custom_role]
  Add to your query: .includes([:custom_role])
Call stack
  /home/youssef/Documents/chatwoot/app/views/api/v1/models/_user.json.jbuilder:23:in 'block (2 levels) in _app_views_api_v__models__user_json_jbuilder__2989358026111774009_94720'
  /home/youssef/Documents/chatwoot/app/views/api/v1/models/_user.json.jbuilder:21:in 'block in _app_views_api_v__models__user_json_jbuilder__2989358026111774009_94720'
  /home/youssef/Documents/chatwoot/app/views/api/v1/models/_user.json.jbuilder:20:in '_app_views_api_v__models__user_json_jbuilder__2989358026111774009_94720'
  /home/youssef/Documents/chatwoot/app/views/api/v1/profiles/update.json.jbuilder:1:in '_app_views_api_v__profiles_update_json_jbuilder__3933029402487629702_96608'
  /home/youssef/Documents/chatwoot/app/controllers/concerns/request_exception_handler.rb:11:in 'RequestExceptionHandler#handle_with_exception'
  /home/youssef/Documents/chatwoot/app/controllers/concerns/switch_locale.rb:39:in 'SwitchLocale#set_locale'
  /home/youssef/Documents/chatwoot/app/controllers/concerns/switch_locale.rb:13:in 'SwitchLocale#switch_locale'

2025-06-19 09:30:21[WARN] user: youssef
GET /api/v1/accounts/1/contacts/5/contactable_inboxes
AVOID eager loading detected
  Contact => [:contact_inboxes]
  Remove from your query: .includes([:contact_inboxes])
Call stack
  /home/youssef/Documents/chatwoot/app/controllers/api/v1/accounts/contacts_controller.rb:187:in 'Api::V1::Accounts::ContactsController#fetch_contact'
  /home/youssef/Documents/chatwoot/app/controllers/concerns/switch_locale.rb:39:in 'SwitchLocale#set_locale'
  /home/youssef/Documents/chatwoot/app/controllers/concerns/switch_locale.rb:18:in 'SwitchLocale#switch_locale_using_account_locale'
  /home/youssef/Documents/chatwoot/app/controllers/concerns/request_exception_handler.rb:11:in 'RequestExceptionHandler#handle_with_exception'
  /home/youssef/Documents/chatwoot/app/controllers/concerns/switch_locale.rb:39:in 'SwitchLocale#set_locale'
  /home/youssef/Documents/chatwoot/app/controllers/concerns/switch_locale.rb:13:in 'SwitchLocale#switch_locale'

2025-06-19 09:30:21[WARN] user: youssef
GET /api/v1/accounts/1/contacts/5/contactable_inboxes
AVOID eager loading detected
  ContactInbox => [:inbox]
  Remove from your query: .includes([:inbox])
Call stack
  /home/youssef/Documents/chatwoot/app/controllers/api/v1/accounts/contacts_controller.rb:187:in 'Api::V1::Accounts::ContactsController#fetch_contact'
  /home/youssef/Documents/chatwoot/app/controllers/concerns/switch_locale.rb:39:in 'SwitchLocale#set_locale'
  /home/youssef/Documents/chatwoot/app/controllers/concerns/switch_locale.rb:18:in 'SwitchLocale#switch_locale_using_account_locale'
  /home/youssef/Documents/chatwoot/app/controllers/concerns/request_exception_handler.rb:11:in 'RequestExceptionHandler#handle_with_exception'
  /home/youssef/Documents/chatwoot/app/controllers/concerns/switch_locale.rb:39:in 'SwitchLocale#set_locale'
  /home/youssef/Documents/chatwoot/app/controllers/concerns/switch_locale.rb:13:in 'SwitchLocale#switch_locale'

2025-06-19 09:30:21[WARN] user: youssef
GET /api/v1/accounts/1/contacts/5?include_contact_inboxes=false
AVOID eager loading detected
  Contact => [:contact_inboxes]
  Remove from your query: .includes([:contact_inboxes])
Call stack
  /home/youssef/Documents/chatwoot/app/controllers/api/v1/accounts/contacts_controller.rb:187:in 'Api::V1::Accounts::ContactsController#fetch_contact'
  /home/youssef/Documents/chatwoot/app/controllers/concerns/switch_locale.rb:39:in 'SwitchLocale#set_locale'
  /home/youssef/Documents/chatwoot/app/controllers/concerns/switch_locale.rb:18:in 'SwitchLocale#switch_locale_using_account_locale'
  /home/youssef/Documents/chatwoot/app/controllers/concerns/request_exception_handler.rb:11:in 'RequestExceptionHandler#handle_with_exception'
  /home/youssef/Documents/chatwoot/app/controllers/concerns/switch_locale.rb:39:in 'SwitchLocale#set_locale'
  /home/youssef/Documents/chatwoot/app/controllers/concerns/switch_locale.rb:13:in 'SwitchLocale#switch_locale'

2025-06-19 09:30:21[WARN] user: youssef
GET /api/v1/accounts/1/contacts/5?include_contact_inboxes=false
AVOID eager loading detected
  ContactInbox => [:inbox]
  Remove from your query: .includes([:inbox])
Call stack
  /home/youssef/Documents/chatwoot/app/controllers/api/v1/accounts/contacts_controller.rb:187:in 'Api::V1::Accounts::ContactsController#fetch_contact'
  /home/youssef/Documents/chatwoot/app/controllers/concerns/switch_locale.rb:39:in 'SwitchLocale#set_locale'
  /home/youssef/Documents/chatwoot/app/controllers/concerns/switch_locale.rb:18:in 'SwitchLocale#switch_locale_using_account_locale'
  /home/youssef/Documents/chatwoot/app/controllers/concerns/request_exception_handler.rb:11:in 'RequestExceptionHandler#handle_with_exception'
  /home/youssef/Documents/chatwoot/app/controllers/concerns/switch_locale.rb:39:in 'SwitchLocale#set_locale'
  /home/youssef/Documents/chatwoot/app/controllers/concerns/switch_locale.rb:13:in 'SwitchLocale#switch_locale'

2025-06-19 09:43:55[WARN] user: youssef
GET /auth/validate_token
USE eager loading detected
  AccountUser => [:account]
  Add to your query: .includes([:account])
Call stack
  /home/youssef/Documents/chatwoot/app/views/api/v1/models/_user.json.jbuilder:23:in 'block (2 levels) in _app_views_api_v__models__user_json_jbuilder__2989358026111774009_94720'
  /home/youssef/Documents/chatwoot/app/views/api/v1/models/_user.json.jbuilder:21:in 'block in _app_views_api_v__models__user_json_jbuilder__2989358026111774009_94720'
  /home/youssef/Documents/chatwoot/app/views/api/v1/models/_user.json.jbuilder:20:in '_app_views_api_v__models__user_json_jbuilder__2989358026111774009_94720'
  /home/youssef/Documents/chatwoot/app/views/devise/_auth.json.jbuilder:2:in 'block in _app_views_devise__auth_json_jbuilder___2127846301160302963_94712'
  /home/youssef/Documents/chatwoot/app/views/devise/_auth.json.jbuilder:1:in '_app_views_devise__auth_json_jbuilder___2127846301160302963_94712'
  /home/youssef/Documents/chatwoot/app/views/devise/token.json.jbuilder:3:in 'block in _app_views_devise_token_json_jbuilder__852674819577227499_94704'
  /home/youssef/Documents/chatwoot/app/views/devise/token.json.jbuilder:1:in '_app_views_devise_token_json_jbuilder__852674819577227499_94704'
  /home/youssef/Documents/chatwoot/app/controllers/devise_overrides/token_validations_controller.rb:5:in 'DeviseOverrides::TokenValidationsController#validate_token'
  /home/youssef/Documents/chatwoot/app/controllers/concerns/switch_locale.rb:39:in 'SwitchLocale#set_locale'
  /home/youssef/Documents/chatwoot/app/controllers/concerns/switch_locale.rb:13:in 'SwitchLocale#switch_locale'

2025-06-19 09:43:55[WARN] user: youssef
GET /auth/validate_token
USE eager loading detected
  AccountUser => [:custom_role]
  Add to your query: .includes([:custom_role])
Call stack
  /home/youssef/Documents/chatwoot/app/views/api/v1/models/_user.json.jbuilder:23:in 'block (2 levels) in _app_views_api_v__models__user_json_jbuilder__2989358026111774009_94720'
  /home/youssef/Documents/chatwoot/app/views/api/v1/models/_user.json.jbuilder:21:in 'block in _app_views_api_v__models__user_json_jbuilder__2989358026111774009_94720'
  /home/youssef/Documents/chatwoot/app/views/api/v1/models/_user.json.jbuilder:20:in '_app_views_api_v__models__user_json_jbuilder__2989358026111774009_94720'
  /home/youssef/Documents/chatwoot/app/views/devise/_auth.json.jbuilder:2:in 'block in _app_views_devise__auth_json_jbuilder___2127846301160302963_94712'
  /home/youssef/Documents/chatwoot/app/views/devise/_auth.json.jbuilder:1:in '_app_views_devise__auth_json_jbuilder___2127846301160302963_94712'
  /home/youssef/Documents/chatwoot/app/views/devise/token.json.jbuilder:3:in 'block in _app_views_devise_token_json_jbuilder__852674819577227499_94704'
  /home/youssef/Documents/chatwoot/app/views/devise/token.json.jbuilder:1:in '_app_views_devise_token_json_jbuilder__852674819577227499_94704'
  /home/youssef/Documents/chatwoot/app/controllers/devise_overrides/token_validations_controller.rb:5:in 'DeviseOverrides::TokenValidationsController#validate_token'
  /home/youssef/Documents/chatwoot/app/controllers/concerns/switch_locale.rb:39:in 'SwitchLocale#set_locale'
  /home/youssef/Documents/chatwoot/app/controllers/concerns/switch_locale.rb:13:in 'SwitchLocale#switch_locale'

2025-06-19 09:43:56[WARN] user: youssef
GET /api/v1/accounts/1/conversations?status=open&assignee_type=me&page=1&sort_by=last_activity_at_desc
AVOID eager loading detected
  Conversation => [:taggings]
  Remove from your query: .includes([:taggings])
Call stack
  /home/youssef/Documents/chatwoot/app/views/api/v1/accounts/conversations/index.json.jbuilder:9:in 'block (2 levels) in _app_views_api_v__accounts_conversations_index_json_jbuilder___3588530244420740140_96176'
  /home/youssef/Documents/chatwoot/app/views/api/v1/accounts/conversations/index.json.jbuilder:8:in 'block in _app_views_api_v__accounts_conversations_index_json_jbuilder___3588530244420740140_96176'
  /home/youssef/Documents/chatwoot/app/views/api/v1/accounts/conversations/index.json.jbuilder:1:in '_app_views_api_v__accounts_conversations_index_json_jbuilder___3588530244420740140_96176'
  /home/youssef/Documents/chatwoot/app/controllers/concerns/switch_locale.rb:39:in 'SwitchLocale#set_locale'
  /home/youssef/Documents/chatwoot/app/controllers/concerns/switch_locale.rb:18:in 'SwitchLocale#switch_locale_using_account_locale'
  /home/youssef/Documents/chatwoot/app/controllers/concerns/request_exception_handler.rb:11:in 'RequestExceptionHandler#handle_with_exception'
  /home/youssef/Documents/chatwoot/app/controllers/concerns/switch_locale.rb:39:in 'SwitchLocale#set_locale'
  /home/youssef/Documents/chatwoot/app/controllers/concerns/switch_locale.rb:13:in 'SwitchLocale#switch_locale'

2025-06-19 09:43:56[WARN] user: youssef
PUT /api/v1/profile
USE eager loading detected
  AccountUser => [:account]
  Add to your query: .includes([:account])
Call stack
  /home/youssef/Documents/chatwoot/app/views/api/v1/models/_user.json.jbuilder:23:in 'block (2 levels) in _app_views_api_v__models__user_json_jbuilder__2989358026111774009_94720'
  /home/youssef/Documents/chatwoot/app/views/api/v1/models/_user.json.jbuilder:21:in 'block in _app_views_api_v__models__user_json_jbuilder__2989358026111774009_94720'
  /home/youssef/Documents/chatwoot/app/views/api/v1/models/_user.json.jbuilder:20:in '_app_views_api_v__models__user_json_jbuilder__2989358026111774009_94720'
  /home/youssef/Documents/chatwoot/app/views/api/v1/profiles/update.json.jbuilder:1:in '_app_views_api_v__profiles_update_json_jbuilder__3933029402487629702_96608'
  /home/youssef/Documents/chatwoot/app/controllers/concerns/request_exception_handler.rb:11:in 'RequestExceptionHandler#handle_with_exception'
  /home/youssef/Documents/chatwoot/app/controllers/concerns/switch_locale.rb:39:in 'SwitchLocale#set_locale'
  /home/youssef/Documents/chatwoot/app/controllers/concerns/switch_locale.rb:13:in 'SwitchLocale#switch_locale'

2025-06-19 09:43:56[WARN] user: youssef
PUT /api/v1/profile
USE eager loading detected
  AccountUser => [:custom_role]
  Add to your query: .includes([:custom_role])
Call stack
  /home/youssef/Documents/chatwoot/app/views/api/v1/models/_user.json.jbuilder:23:in 'block (2 levels) in _app_views_api_v__models__user_json_jbuilder__2989358026111774009_94720'
  /home/youssef/Documents/chatwoot/app/views/api/v1/models/_user.json.jbuilder:21:in 'block in _app_views_api_v__models__user_json_jbuilder__2989358026111774009_94720'
  /home/youssef/Documents/chatwoot/app/views/api/v1/models/_user.json.jbuilder:20:in '_app_views_api_v__models__user_json_jbuilder__2989358026111774009_94720'
  /home/youssef/Documents/chatwoot/app/views/api/v1/profiles/update.json.jbuilder:1:in '_app_views_api_v__profiles_update_json_jbuilder__3933029402487629702_96608'
  /home/youssef/Documents/chatwoot/app/controllers/concerns/request_exception_handler.rb:11:in 'RequestExceptionHandler#handle_with_exception'
  /home/youssef/Documents/chatwoot/app/controllers/concerns/switch_locale.rb:39:in 'SwitchLocale#set_locale'
  /home/youssef/Documents/chatwoot/app/controllers/concerns/switch_locale.rb:13:in 'SwitchLocale#switch_locale'

2025-06-19 09:43:56[WARN] user: youssef
GET /api/v1/accounts/1/contacts/5?include_contact_inboxes=false
AVOID eager loading detected
  Contact => [:contact_inboxes]
  Remove from your query: .includes([:contact_inboxes])
Call stack
  /home/youssef/Documents/chatwoot/app/controllers/api/v1/accounts/contacts_controller.rb:187:in 'Api::V1::Accounts::ContactsController#fetch_contact'
  /home/youssef/Documents/chatwoot/app/controllers/concerns/switch_locale.rb:39:in 'SwitchLocale#set_locale'
  /home/youssef/Documents/chatwoot/app/controllers/concerns/switch_locale.rb:18:in 'SwitchLocale#switch_locale_using_account_locale'
  /home/youssef/Documents/chatwoot/app/controllers/concerns/request_exception_handler.rb:11:in 'RequestExceptionHandler#handle_with_exception'
  /home/youssef/Documents/chatwoot/app/controllers/concerns/switch_locale.rb:39:in 'SwitchLocale#set_locale'
  /home/youssef/Documents/chatwoot/app/controllers/concerns/switch_locale.rb:13:in 'SwitchLocale#switch_locale'

2025-06-19 09:43:56[WARN] user: youssef
GET /api/v1/accounts/1/contacts/5?include_contact_inboxes=false
AVOID eager loading detected
  ContactInbox => [:inbox]
  Remove from your query: .includes([:inbox])
Call stack
  /home/youssef/Documents/chatwoot/app/controllers/api/v1/accounts/contacts_controller.rb:187:in 'Api::V1::Accounts::ContactsController#fetch_contact'
  /home/youssef/Documents/chatwoot/app/controllers/concerns/switch_locale.rb:39:in 'SwitchLocale#set_locale'
  /home/youssef/Documents/chatwoot/app/controllers/concerns/switch_locale.rb:18:in 'SwitchLocale#switch_locale_using_account_locale'
  /home/youssef/Documents/chatwoot/app/controllers/concerns/request_exception_handler.rb:11:in 'RequestExceptionHandler#handle_with_exception'
  /home/youssef/Documents/chatwoot/app/controllers/concerns/switch_locale.rb:39:in 'SwitchLocale#set_locale'
  /home/youssef/Documents/chatwoot/app/controllers/concerns/switch_locale.rb:13:in 'SwitchLocale#switch_locale'

2025-06-19 09:43:57[WARN] user: youssef
GET /api/v1/accounts/1/contacts/5/contactable_inboxes
AVOID eager loading detected
  Contact => [:contact_inboxes]
  Remove from your query: .includes([:contact_inboxes])
Call stack
  /home/youssef/Documents/chatwoot/app/controllers/api/v1/accounts/contacts_controller.rb:187:in 'Api::V1::Accounts::ContactsController#fetch_contact'
  /home/youssef/Documents/chatwoot/app/controllers/concerns/switch_locale.rb:39:in 'SwitchLocale#set_locale'
  /home/youssef/Documents/chatwoot/app/controllers/concerns/switch_locale.rb:18:in 'SwitchLocale#switch_locale_using_account_locale'
  /home/youssef/Documents/chatwoot/app/controllers/concerns/request_exception_handler.rb:11:in 'RequestExceptionHandler#handle_with_exception'
  /home/youssef/Documents/chatwoot/app/controllers/concerns/switch_locale.rb:39:in 'SwitchLocale#set_locale'
  /home/youssef/Documents/chatwoot/app/controllers/concerns/switch_locale.rb:13:in 'SwitchLocale#switch_locale'

2025-06-19 09:43:57[WARN] user: youssef
GET /api/v1/accounts/1/contacts/5/contactable_inboxes
AVOID eager loading detected
  ContactInbox => [:inbox]
  Remove from your query: .includes([:inbox])
Call stack
  /home/youssef/Documents/chatwoot/app/controllers/api/v1/accounts/contacts_controller.rb:187:in 'Api::V1::Accounts::ContactsController#fetch_contact'
  /home/youssef/Documents/chatwoot/app/controllers/concerns/switch_locale.rb:39:in 'SwitchLocale#set_locale'
  /home/youssef/Documents/chatwoot/app/controllers/concerns/switch_locale.rb:18:in 'SwitchLocale#switch_locale_using_account_locale'
  /home/youssef/Documents/chatwoot/app/controllers/concerns/request_exception_handler.rb:11:in 'RequestExceptionHandler#handle_with_exception'
  /home/youssef/Documents/chatwoot/app/controllers/concerns/switch_locale.rb:39:in 'SwitchLocale#set_locale'
  /home/youssef/Documents/chatwoot/app/controllers/concerns/switch_locale.rb:13:in 'SwitchLocale#switch_locale'

2025-06-19 09:50:25[WARN] user: youssef
PUT /api/v1/profile
USE eager loading detected
  AccountUser => [:account]
  Add to your query: .includes([:account])
Call stack
  /home/youssef/Documents/chatwoot/app/views/api/v1/models/_user.json.jbuilder:23:in 'block (2 levels) in _app_views_api_v__models__user_json_jbuilder__2989358026111774009_94720'
  /home/youssef/Documents/chatwoot/app/views/api/v1/models/_user.json.jbuilder:21:in 'block in _app_views_api_v__models__user_json_jbuilder__2989358026111774009_94720'
  /home/youssef/Documents/chatwoot/app/views/api/v1/models/_user.json.jbuilder:20:in '_app_views_api_v__models__user_json_jbuilder__2989358026111774009_94720'
  /home/youssef/Documents/chatwoot/app/views/api/v1/profiles/update.json.jbuilder:1:in '_app_views_api_v__profiles_update_json_jbuilder__3933029402487629702_96608'
  /home/youssef/Documents/chatwoot/app/controllers/concerns/request_exception_handler.rb:11:in 'RequestExceptionHandler#handle_with_exception'
  /home/youssef/Documents/chatwoot/app/controllers/concerns/switch_locale.rb:39:in 'SwitchLocale#set_locale'
  /home/youssef/Documents/chatwoot/app/controllers/concerns/switch_locale.rb:13:in 'SwitchLocale#switch_locale'

2025-06-19 09:50:25[WARN] user: youssef
PUT /api/v1/profile
USE eager loading detected
  AccountUser => [:custom_role]
  Add to your query: .includes([:custom_role])
Call stack
  /home/youssef/Documents/chatwoot/app/views/api/v1/models/_user.json.jbuilder:23:in 'block (2 levels) in _app_views_api_v__models__user_json_jbuilder__2989358026111774009_94720'
  /home/youssef/Documents/chatwoot/app/views/api/v1/models/_user.json.jbuilder:21:in 'block in _app_views_api_v__models__user_json_jbuilder__2989358026111774009_94720'
  /home/youssef/Documents/chatwoot/app/views/api/v1/models/_user.json.jbuilder:20:in '_app_views_api_v__models__user_json_jbuilder__2989358026111774009_94720'
  /home/youssef/Documents/chatwoot/app/views/api/v1/profiles/update.json.jbuilder:1:in '_app_views_api_v__profiles_update_json_jbuilder__3933029402487629702_96608'
  /home/youssef/Documents/chatwoot/app/controllers/concerns/request_exception_handler.rb:11:in 'RequestExceptionHandler#handle_with_exception'
  /home/youssef/Documents/chatwoot/app/controllers/concerns/switch_locale.rb:39:in 'SwitchLocale#set_locale'
  /home/youssef/Documents/chatwoot/app/controllers/concerns/switch_locale.rb:13:in 'SwitchLocale#switch_locale'

2025-06-19 09:50:26[WARN] user: youssef
PUT /api/v1/profile
USE eager loading detected
  AccountUser => [:account]
  Add to your query: .includes([:account])
Call stack
  /home/youssef/Documents/chatwoot/app/views/api/v1/models/_user.json.jbuilder:23:in 'block (2 levels) in _app_views_api_v__models__user_json_jbuilder__2989358026111774009_94720'
  /home/youssef/Documents/chatwoot/app/views/api/v1/models/_user.json.jbuilder:21:in 'block in _app_views_api_v__models__user_json_jbuilder__2989358026111774009_94720'
  /home/youssef/Documents/chatwoot/app/views/api/v1/models/_user.json.jbuilder:20:in '_app_views_api_v__models__user_json_jbuilder__2989358026111774009_94720'
  /home/youssef/Documents/chatwoot/app/views/api/v1/profiles/update.json.jbuilder:1:in '_app_views_api_v__profiles_update_json_jbuilder__3933029402487629702_96608'
  /home/youssef/Documents/chatwoot/app/controllers/concerns/request_exception_handler.rb:11:in 'RequestExceptionHandler#handle_with_exception'
  /home/youssef/Documents/chatwoot/app/controllers/concerns/switch_locale.rb:39:in 'SwitchLocale#set_locale'
  /home/youssef/Documents/chatwoot/app/controllers/concerns/switch_locale.rb:13:in 'SwitchLocale#switch_locale'

2025-06-19 09:50:26[WARN] user: youssef
PUT /api/v1/profile
USE eager loading detected
  AccountUser => [:custom_role]
  Add to your query: .includes([:custom_role])
Call stack
  /home/youssef/Documents/chatwoot/app/views/api/v1/models/_user.json.jbuilder:23:in 'block (2 levels) in _app_views_api_v__models__user_json_jbuilder__2989358026111774009_94720'
  /home/youssef/Documents/chatwoot/app/views/api/v1/models/_user.json.jbuilder:21:in 'block in _app_views_api_v__models__user_json_jbuilder__2989358026111774009_94720'
  /home/youssef/Documents/chatwoot/app/views/api/v1/models/_user.json.jbuilder:20:in '_app_views_api_v__models__user_json_jbuilder__2989358026111774009_94720'
  /home/youssef/Documents/chatwoot/app/views/api/v1/profiles/update.json.jbuilder:1:in '_app_views_api_v__profiles_update_json_jbuilder__3933029402487629702_96608'
  /home/youssef/Documents/chatwoot/app/controllers/concerns/request_exception_handler.rb:11:in 'RequestExceptionHandler#handle_with_exception'
  /home/youssef/Documents/chatwoot/app/controllers/concerns/switch_locale.rb:39:in 'SwitchLocale#set_locale'
  /home/youssef/Documents/chatwoot/app/controllers/concerns/switch_locale.rb:13:in 'SwitchLocale#switch_locale'

2025-06-19 09:50:26[WARN] user: youssef
GET /api/v1/accounts/1/contacts/5/contactable_inboxes
AVOID eager loading detected
  Contact => [:contact_inboxes]
  Remove from your query: .includes([:contact_inboxes])
Call stack
  /home/youssef/Documents/chatwoot/app/controllers/api/v1/accounts/contacts_controller.rb:187:in 'Api::V1::Accounts::ContactsController#fetch_contact'
  /home/youssef/Documents/chatwoot/app/controllers/concerns/switch_locale.rb:39:in 'SwitchLocale#set_locale'
  /home/youssef/Documents/chatwoot/app/controllers/concerns/switch_locale.rb:18:in 'SwitchLocale#switch_locale_using_account_locale'
  /home/youssef/Documents/chatwoot/app/controllers/concerns/request_exception_handler.rb:11:in 'RequestExceptionHandler#handle_with_exception'
  /home/youssef/Documents/chatwoot/app/controllers/concerns/switch_locale.rb:39:in 'SwitchLocale#set_locale'
  /home/youssef/Documents/chatwoot/app/controllers/concerns/switch_locale.rb:13:in 'SwitchLocale#switch_locale'

2025-06-19 09:50:26[WARN] user: youssef
GET /api/v1/accounts/1/contacts/5/contactable_inboxes
AVOID eager loading detected
  ContactInbox => [:inbox]
  Remove from your query: .includes([:inbox])
Call stack
  /home/youssef/Documents/chatwoot/app/controllers/api/v1/accounts/contacts_controller.rb:187:in 'Api::V1::Accounts::ContactsController#fetch_contact'
  /home/youssef/Documents/chatwoot/app/controllers/concerns/switch_locale.rb:39:in 'SwitchLocale#set_locale'
  /home/youssef/Documents/chatwoot/app/controllers/concerns/switch_locale.rb:18:in 'SwitchLocale#switch_locale_using_account_locale'
  /home/youssef/Documents/chatwoot/app/controllers/concerns/request_exception_handler.rb:11:in 'RequestExceptionHandler#handle_with_exception'
  /home/youssef/Documents/chatwoot/app/controllers/concerns/switch_locale.rb:39:in 'SwitchLocale#set_locale'
  /home/youssef/Documents/chatwoot/app/controllers/concerns/switch_locale.rb:13:in 'SwitchLocale#switch_locale'

2025-06-19 09:50:26[WARN] user: youssef
GET /api/v1/accounts/1/contacts/5?include_contact_inboxes=false
AVOID eager loading detected
  Contact => [:contact_inboxes]
  Remove from your query: .includes([:contact_inboxes])
Call stack
  /home/youssef/Documents/chatwoot/app/controllers/api/v1/accounts/contacts_controller.rb:187:in 'Api::V1::Accounts::ContactsController#fetch_contact'
  /home/youssef/Documents/chatwoot/app/controllers/concerns/switch_locale.rb:39:in 'SwitchLocale#set_locale'
  /home/youssef/Documents/chatwoot/app/controllers/concerns/switch_locale.rb:18:in 'SwitchLocale#switch_locale_using_account_locale'
  /home/youssef/Documents/chatwoot/app/controllers/concerns/request_exception_handler.rb:11:in 'RequestExceptionHandler#handle_with_exception'
  /home/youssef/Documents/chatwoot/app/controllers/concerns/switch_locale.rb:39:in 'SwitchLocale#set_locale'
  /home/youssef/Documents/chatwoot/app/controllers/concerns/switch_locale.rb:13:in 'SwitchLocale#switch_locale'

2025-06-19 09:50:26[WARN] user: youssef
GET /api/v1/accounts/1/contacts/5?include_contact_inboxes=false
AVOID eager loading detected
  ContactInbox => [:inbox]
  Remove from your query: .includes([:inbox])
Call stack
  /home/youssef/Documents/chatwoot/app/controllers/api/v1/accounts/contacts_controller.rb:187:in 'Api::V1::Accounts::ContactsController#fetch_contact'
  /home/youssef/Documents/chatwoot/app/controllers/concerns/switch_locale.rb:39:in 'SwitchLocale#set_locale'
  /home/youssef/Documents/chatwoot/app/controllers/concerns/switch_locale.rb:18:in 'SwitchLocale#switch_locale_using_account_locale'
  /home/youssef/Documents/chatwoot/app/controllers/concerns/request_exception_handler.rb:11:in 'RequestExceptionHandler#handle_with_exception'
  /home/youssef/Documents/chatwoot/app/controllers/concerns/switch_locale.rb:39:in 'SwitchLocale#set_locale'
  /home/youssef/Documents/chatwoot/app/controllers/concerns/switch_locale.rb:13:in 'SwitchLocale#switch_locale'

2025-06-19 10:21:23[WARN] user: youssef
GET /api/v1/accounts/1/conversations?status=open&assignee_type=me&page=1&sort_by=last_activity_at_desc
AVOID eager loading detected
  Conversation => [:taggings]
  Remove from your query: .includes([:taggings])
Call stack
  /home/youssef/Documents/chatwoot/app/views/api/v1/accounts/conversations/index.json.jbuilder:9:in 'block (2 levels) in _app_views_api_v__accounts_conversations_index_json_jbuilder___3588530244420740140_96176'
  /home/youssef/Documents/chatwoot/app/views/api/v1/accounts/conversations/index.json.jbuilder:8:in 'block in _app_views_api_v__accounts_conversations_index_json_jbuilder___3588530244420740140_96176'
  /home/youssef/Documents/chatwoot/app/views/api/v1/accounts/conversations/index.json.jbuilder:1:in '_app_views_api_v__accounts_conversations_index_json_jbuilder___3588530244420740140_96176'
  /home/youssef/Documents/chatwoot/app/controllers/concerns/switch_locale.rb:39:in 'SwitchLocale#set_locale'
  /home/youssef/Documents/chatwoot/app/controllers/concerns/switch_locale.rb:18:in 'SwitchLocale#switch_locale_using_account_locale'
  /home/youssef/Documents/chatwoot/app/controllers/concerns/request_exception_handler.rb:11:in 'RequestExceptionHandler#handle_with_exception'
  /home/youssef/Documents/chatwoot/app/controllers/concerns/switch_locale.rb:39:in 'SwitchLocale#set_locale'
  /home/youssef/Documents/chatwoot/app/controllers/concerns/switch_locale.rb:13:in 'SwitchLocale#switch_locale'

2025-06-19 10:21:24[WARN] user: youssef
GET /api/v1/accounts/1/contacts/5/contactable_inboxes
AVOID eager loading detected
  Contact => [:contact_inboxes]
  Remove from your query: .includes([:contact_inboxes])
Call stack
  /home/youssef/Documents/chatwoot/app/controllers/api/v1/accounts/contacts_controller.rb:187:in 'Api::V1::Accounts::ContactsController#fetch_contact'
  /home/youssef/Documents/chatwoot/app/controllers/concerns/switch_locale.rb:39:in 'SwitchLocale#set_locale'
  /home/youssef/Documents/chatwoot/app/controllers/concerns/switch_locale.rb:18:in 'SwitchLocale#switch_locale_using_account_locale'
  /home/youssef/Documents/chatwoot/app/controllers/concerns/request_exception_handler.rb:11:in 'RequestExceptionHandler#handle_with_exception'
  /home/youssef/Documents/chatwoot/app/controllers/concerns/switch_locale.rb:39:in 'SwitchLocale#set_locale'
  /home/youssef/Documents/chatwoot/app/controllers/concerns/switch_locale.rb:13:in 'SwitchLocale#switch_locale'

2025-06-19 10:21:24[WARN] user: youssef
GET /api/v1/accounts/1/contacts/5/contactable_inboxes
AVOID eager loading detected
  ContactInbox => [:inbox]
  Remove from your query: .includes([:inbox])
Call stack
  /home/youssef/Documents/chatwoot/app/controllers/api/v1/accounts/contacts_controller.rb:187:in 'Api::V1::Accounts::ContactsController#fetch_contact'
  /home/youssef/Documents/chatwoot/app/controllers/concerns/switch_locale.rb:39:in 'SwitchLocale#set_locale'
  /home/youssef/Documents/chatwoot/app/controllers/concerns/switch_locale.rb:18:in 'SwitchLocale#switch_locale_using_account_locale'
  /home/youssef/Documents/chatwoot/app/controllers/concerns/request_exception_handler.rb:11:in 'RequestExceptionHandler#handle_with_exception'
  /home/youssef/Documents/chatwoot/app/controllers/concerns/switch_locale.rb:39:in 'SwitchLocale#set_locale'
  /home/youssef/Documents/chatwoot/app/controllers/concerns/switch_locale.rb:13:in 'SwitchLocale#switch_locale'

2025-06-19 10:21:25[WARN] user: youssef
GET /api/v1/accounts/1/contacts/5?include_contact_inboxes=false
AVOID eager loading detected
  Contact => [:contact_inboxes]
  Remove from your query: .includes([:contact_inboxes])
Call stack
  /home/youssef/Documents/chatwoot/app/controllers/api/v1/accounts/contacts_controller.rb:187:in 'Api::V1::Accounts::ContactsController#fetch_contact'
  /home/youssef/Documents/chatwoot/app/controllers/concerns/switch_locale.rb:39:in 'SwitchLocale#set_locale'
  /home/youssef/Documents/chatwoot/app/controllers/concerns/switch_locale.rb:18:in 'SwitchLocale#switch_locale_using_account_locale'
  /home/youssef/Documents/chatwoot/app/controllers/concerns/request_exception_handler.rb:11:in 'RequestExceptionHandler#handle_with_exception'
  /home/youssef/Documents/chatwoot/app/controllers/concerns/switch_locale.rb:39:in 'SwitchLocale#set_locale'
  /home/youssef/Documents/chatwoot/app/controllers/concerns/switch_locale.rb:13:in 'SwitchLocale#switch_locale'

2025-06-19 10:21:25[WARN] user: youssef
GET /api/v1/accounts/1/contacts/5?include_contact_inboxes=false
AVOID eager loading detected
  ContactInbox => [:inbox]
  Remove from your query: .includes([:inbox])
Call stack
  /home/youssef/Documents/chatwoot/app/controllers/api/v1/accounts/contacts_controller.rb:187:in 'Api::V1::Accounts::ContactsController#fetch_contact'
  /home/youssef/Documents/chatwoot/app/controllers/concerns/switch_locale.rb:39:in 'SwitchLocale#set_locale'
  /home/youssef/Documents/chatwoot/app/controllers/concerns/switch_locale.rb:18:in 'SwitchLocale#switch_locale_using_account_locale'
  /home/youssef/Documents/chatwoot/app/controllers/concerns/request_exception_handler.rb:11:in 'RequestExceptionHandler#handle_with_exception'
  /home/youssef/Documents/chatwoot/app/controllers/concerns/switch_locale.rb:39:in 'SwitchLocale#set_locale'
  /home/youssef/Documents/chatwoot/app/controllers/concerns/switch_locale.rb:13:in 'SwitchLocale#switch_locale'

2025-06-19 10:53:59[WARN] user: youssef
GET /auth/validate_token
USE eager loading detected
  AccountUser => [:account]
  Add to your query: .includes([:account])
Call stack
  /home/youssef/Documents/chatwoot/app/views/api/v1/models/_user.json.jbuilder:23:in 'block (2 levels) in _app_views_api_v__models__user_json_jbuilder__2989358026111774009_94720'
  /home/youssef/Documents/chatwoot/app/views/api/v1/models/_user.json.jbuilder:21:in 'block in _app_views_api_v__models__user_json_jbuilder__2989358026111774009_94720'
  /home/youssef/Documents/chatwoot/app/views/api/v1/models/_user.json.jbuilder:20:in '_app_views_api_v__models__user_json_jbuilder__2989358026111774009_94720'
  /home/youssef/Documents/chatwoot/app/views/devise/_auth.json.jbuilder:2:in 'block in _app_views_devise__auth_json_jbuilder___2127846301160302963_94712'
  /home/youssef/Documents/chatwoot/app/views/devise/_auth.json.jbuilder:1:in '_app_views_devise__auth_json_jbuilder___2127846301160302963_94712'
  /home/youssef/Documents/chatwoot/app/views/devise/token.json.jbuilder:3:in 'block in _app_views_devise_token_json_jbuilder__852674819577227499_94704'
  /home/youssef/Documents/chatwoot/app/views/devise/token.json.jbuilder:1:in '_app_views_devise_token_json_jbuilder__852674819577227499_94704'
  /home/youssef/Documents/chatwoot/app/controllers/devise_overrides/token_validations_controller.rb:5:in 'DeviseOverrides::TokenValidationsController#validate_token'
  /home/youssef/Documents/chatwoot/app/controllers/concerns/switch_locale.rb:39:in 'SwitchLocale#set_locale'
  /home/youssef/Documents/chatwoot/app/controllers/concerns/switch_locale.rb:13:in 'SwitchLocale#switch_locale'

2025-06-19 10:53:59[WARN] user: youssef
GET /auth/validate_token
USE eager loading detected
  AccountUser => [:custom_role]
  Add to your query: .includes([:custom_role])
Call stack
  /home/youssef/Documents/chatwoot/app/views/api/v1/models/_user.json.jbuilder:23:in 'block (2 levels) in _app_views_api_v__models__user_json_jbuilder__2989358026111774009_94720'
  /home/youssef/Documents/chatwoot/app/views/api/v1/models/_user.json.jbuilder:21:in 'block in _app_views_api_v__models__user_json_jbuilder__2989358026111774009_94720'
  /home/youssef/Documents/chatwoot/app/views/api/v1/models/_user.json.jbuilder:20:in '_app_views_api_v__models__user_json_jbuilder__2989358026111774009_94720'
  /home/youssef/Documents/chatwoot/app/views/devise/_auth.json.jbuilder:2:in 'block in _app_views_devise__auth_json_jbuilder___2127846301160302963_94712'
  /home/youssef/Documents/chatwoot/app/views/devise/_auth.json.jbuilder:1:in '_app_views_devise__auth_json_jbuilder___2127846301160302963_94712'
  /home/youssef/Documents/chatwoot/app/views/devise/token.json.jbuilder:3:in 'block in _app_views_devise_token_json_jbuilder__852674819577227499_94704'
  /home/youssef/Documents/chatwoot/app/views/devise/token.json.jbuilder:1:in '_app_views_devise_token_json_jbuilder__852674819577227499_94704'
  /home/youssef/Documents/chatwoot/app/controllers/devise_overrides/token_validations_controller.rb:5:in 'DeviseOverrides::TokenValidationsController#validate_token'
  /home/youssef/Documents/chatwoot/app/controllers/concerns/switch_locale.rb:39:in 'SwitchLocale#set_locale'
  /home/youssef/Documents/chatwoot/app/controllers/concerns/switch_locale.rb:13:in 'SwitchLocale#switch_locale'

2025-06-19 10:54:00[WARN] user: youssef
GET /api/v1/accounts/1/conversations?status=open&assignee_type=me&page=1&sort_by=last_activity_at_desc
AVOID eager loading detected
  Conversation => [:taggings]
  Remove from your query: .includes([:taggings])
Call stack
  /home/youssef/Documents/chatwoot/app/views/api/v1/accounts/conversations/index.json.jbuilder:9:in 'block (2 levels) in _app_views_api_v__accounts_conversations_index_json_jbuilder___3588530244420740140_96176'
  /home/youssef/Documents/chatwoot/app/views/api/v1/accounts/conversations/index.json.jbuilder:8:in 'block in _app_views_api_v__accounts_conversations_index_json_jbuilder___3588530244420740140_96176'
  /home/youssef/Documents/chatwoot/app/views/api/v1/accounts/conversations/index.json.jbuilder:1:in '_app_views_api_v__accounts_conversations_index_json_jbuilder___3588530244420740140_96176'
  /home/youssef/Documents/chatwoot/app/controllers/concerns/switch_locale.rb:39:in 'SwitchLocale#set_locale'
  /home/youssef/Documents/chatwoot/app/controllers/concerns/switch_locale.rb:18:in 'SwitchLocale#switch_locale_using_account_locale'
  /home/youssef/Documents/chatwoot/app/controllers/concerns/request_exception_handler.rb:11:in 'RequestExceptionHandler#handle_with_exception'
  /home/youssef/Documents/chatwoot/app/controllers/concerns/switch_locale.rb:39:in 'SwitchLocale#set_locale'
  /home/youssef/Documents/chatwoot/app/controllers/concerns/switch_locale.rb:13:in 'SwitchLocale#switch_locale'

